fips,cluster
01001,01CS001
01101,01CS001
01003,01CS002
01005,01CS003
01011,01CS003
01067,01CS003
01109,01CS003
01009,01CS004
01013,01CS005
01035,01CS005
01041,01CS005
01053,01CS005
01085,01CS005
01015,01CS006
01017,01CS007
01111,01CS007
01019,01CS008
01049,01CS008
01021,01CS009
01037,01CS009
01123,01CS009
01023,01CS010
01091,01CS010
01119,01CS010
01025,01CS011
01099,01CS011
01129,01CS011
01027,01CS012
01029,01CS012
01121,01CS012
01031,01CS013
01039,01CS013
01061,01CS013
01033,01CS014
01043,01CS015
01045,01CS016
01069,01CS016
01047,01CS017
01131,01CS017
01051,01CS018
01055,01CS019
01057,01CS020
01059,01CS020
01075,01CS020
01093,01CS020
01007,01CS021
01063,01CS021
01065,01CS021
01105,01CS021
01107,01CS021
01071,01CS022
01073,01CS023
01077,01CS024
01079,01CS025
01103,01CS025
01081,01CS026
01083,01CS027
01087,01CS028
01113,01CS028
01089,01CS029
01095,01CS030
01097,01CS031
01117,01CS032
01115,01CS033
01125,01CS034
01127,01CS035
01133,01CS035
02020,02CS001
02090,02CS002
02170,02CS003
02068,02CS004
02100,02CS004
02180,02CS004
02185,02CS004
02188,02CS004
02240,02CS004
02164,02CS004
02122,02CS004
02110,02CS005
02130,02CS005
02220,02CS005
02013,02CS006
02016,02CS006
02050,02CS006
02060,02CS006
02070,02CS006
02122,02CS006
02150,02CS006
02164,02CS006
04001,04CS001
04003,04CS002
04009,04CS002
04011,04CS002
04023,04CS002
04005,04CS003
04007,04CS004
04012,04CS005
04025,04CS005
04013,04CS006
04015,04CS007
04017,04CS008
04019,04CS009
04021,04CS010
04027,04CS006
05001,05CS001
05095,05CS001
05107,05CS001
05117,05CS001
05003,05CS002
05017,05CS002
05041,05CS002
05005,05CS003
05089,05CS003
05007,05CS004
05009,05CS005
05015,05CS005
05087,05CS005
05011,05CS006
05025,05CS006
05043,05CS006
05079,05CS006
05013,05CS007
05039,05CS007
05053,05CS007
05103,05CS007
05019,05CS008
05059,05CS008
05021,05CS009
05055,05CS009
05027,05CS010
05073,05CS010
05091,05CS010
05139,05CS010
05029,05CS011
05105,05CS011
05149,05CS011
05031,05CS012
05033,05CS013
05035,05CS014
05037,05CS015
05077,05CS015
05111,05CS015
05123,05CS015
05045,05CS016
05047,05CS017
05071,05CS017
05083,05CS017
05051,05CS018
05057,05CS019
05061,05CS019
05099,05CS019
05109,05CS019
05063,05CS020
05067,05CS020
05147,05CS020
05069,05CS021
05085,05CS022
05093,05CS023
05081,05CS024
05097,05CS024
05113,05CS024
05127,05CS024
05133,05CS024
05115,05CS025
05119,05CS026
05125,05CS027
05131,05CS028
05049,05CS029
05065,05CS029
05075,05CS029
05121,05CS029
05135,05CS029
05023,05CS030
05101,05CS030
05129,05CS030
05137,05CS030
05141,05CS030
05143,05CS031
05145,05CS032
06001,06CS001
06003,06CS002
06005,06CS002
06009,06CS002
06027,06CS002
06051,06CS002
06007,06CS003
06011,06CS004
06033,06CS004
06013,06CS005
06015,06CS006
06023,06CS006
06105,06CS006
06017,06CS007
06019,06CS008
06021,06CS009
06103,06CS009
06025,06CS010
06029,06CS011
06031,06CS012
06035,06CS013
06063,06CS013
06091,06CS013
06037,06CS014
06039,06CS015
06041,06CS016
06043,06CS017
06109,06CS017
06045,06CS018
06047,06CS019
06049,06CS020
06093,06CS020
06053,06CS021
06055,06CS022
06057,06CS023
06059,06CS024
06061,06CS025
06065,06CS026
06067,06CS027
06069,06CS036
06071,06CS029
06073,06CS030
06075,06CS031
06077,06CS032
06079,06CS033
06081,06CS034
06083,06CS035
06085,06CS036
06087,06CS037
06089,06CS038
06095,06CS039
06097,06CS040
06099,06CS041
06101,06CS042
06107,06CS043
06111,06CS044
06113,06CS045
06115,06CS046
08001,08CS001
08005,08CS001
08013,08CS001
08015,08CS001
08037,08CS001
08065,08CS001
08027,08CS005
08043,08CS005
08109,08CS005
08029,08CS006
08085,08CS006
08031,08CS001
08035,08CS008
08017,08CS009
08039,08CS009
08063,08CS009
08073,08CS009
08121,08CS009
08125,08CS009
08041,08CS010
08045,08CS001
08097,08CS001
08007,08CS001
08033,08CS001
08051,08CS001
08053,08CS001
08079,08CS001
08091,08CS001
08105,08CS001
08111,08CS001
08113,08CS001
08059,08CS001
08067,08CS014
08083,08CS014
08069,08CS015
08075,08CS016
08087,08CS016
08095,08CS016
08115,08CS016
08077,08CS017
08049,08CS001
08057,08CS001
08081,08CS001
08103,08CS001
08107,08CS001
08019,08CS001
08047,08CS001
08093,08CS001
08117,08CS001
08119,08CS001
08101,08CS020
08003,08CS021
08021,08CS021
08023,08CS021
08055,08CS021
08071,08CS021
08009,08CS022
08011,08CS022
08025,08CS022
08061,08CS022
08089,08CS022
08099,08CS022
08123,08CS001
09001,09CS001
09003,09CS002
09005,09CS003
09007,09CS004
09009,09CS005
09011,09CS006
09013,09CS007
09015,09CS008
10001,10CS001
10003,10CS002
10005,10CS003
11001,11CS001
12001,12CS001
12003,12CS002
12007,12CS002
12125,12CS002
12005,12CS003
12009,12CS004
12011,12CS005
12015,12CS006
12017,12CS007
12019,12CS008
12021,12CS009
12023,12CS010
12027,12CS011
12049,12CS011
12029,12CS012
12041,12CS012
12075,12CS012
12031,12CS013
12033,12CS014
12035,12CS015
12127,12CS015
12039,12CS016
12073,12CS016
12043,12CS017
12051,12CS017
12093,12CS017
12047,12CS018
12067,12CS018
12121,12CS018
12053,12CS019
12055,12CS020
12057,12CS021
12059,12CS022
12131,12CS022
12061,12CS023
12063,12CS024
12133,12CS024
12065,12CS025
12079,12CS025
12123,12CS025
12069,12CS026
12071,12CS027
12013,12CS028
12037,12CS028
12045,12CS028
12077,12CS028
12129,12CS028
12081,12CS029
12083,12CS030
12085,12CS031
12086,12CS032
12087,12CS033
12089,12CS034
12091,12CS035
12095,12CS036
12097,12CS037
12099,12CS038
12101,12CS039
12103,12CS040
12105,12CS041
12107,12CS042
12113,12CS043
12115,12CS044
12117,12CS045
12109,12CS046
12111,12CS047
12119,12CS048
13001,13CS001
13161,13CS001
13183,13CS001
13305,13CS001
13005,13CS002
13017,13CS002
13069,13CS002
13155,13CS002
13009,13CS003
13319,13CS003
13011,13CS004
13137,13CS004
13013,13CS005
13157,13CS005
13015,13CS006
13021,13CS007
13169,13CS007
13023,13CS008
13091,13CS008
13235,13CS008
13289,13CS008
13025,13CS009
13229,13CS009
13299,13CS009
13027,13CS010
13275,13CS010
13029,13CS011
13179,13CS011
13031,13CS012
13033,13CS013
13103,13CS013
13165,13CS013
13251,13CS013
13035,13CS014
13171,13CS014
13207,13CS014
13007,13CS015
13037,13CS015
13061,13CS015
13099,13CS015
13201,13CS015
13239,13CS015
13243,13CS015
13273,13CS015
13039,13CS016
13049,13CS016
13043,13CS017
13109,13CS017
13267,13CS017
13279,13CS017
13045,13CS018
13149,13CS018
13047,13CS019
13051,13CS020
13055,13CS021
13083,13CS021
13295,13CS021
13057,13CS022
13227,13CS022
13059,13CS023
13195,13CS023
13219,13CS023
13063,13CS024
13067,13CS025
13071,13CS026
13205,13CS026
13073,13CS027
13189,13CS027
13077,13CS028
13079,13CS029
13225,13CS029
13231,13CS029
13293,13CS029
13081,13CS030
13093,13CS030
13287,13CS030
13315,13CS030
13085,13CS031
13187,13CS031
13311,13CS031
13087,13CS032
13131,13CS032
13253,13CS032
13089,13CS033
13095,13CS034
13177,13CS034
13097,13CS035
13111,13CS036
13241,13CS036
13281,13CS036
13291,13CS036
13113,13CS037
13115,13CS038
13129,13CS038
13117,13CS039
13119,13CS040
13147,13CS040
13257,13CS040
13121,13CS041
13123,13CS042
13213,13CS042
13127,13CS043
13191,13CS043
13135,13CS044
13139,13CS045
13141,13CS046
13159,13CS046
13211,13CS046
13237,13CS046
13143,13CS047
13233,13CS047
13145,13CS048
13199,13CS048
13263,13CS048
13151,13CS049
13153,13CS050
13107,13CS051
13125,13CS051
13163,13CS051
13167,13CS051
13303,13CS051
13003,13CS052
13019,13CS052
13065,13CS052
13075,13CS052
13101,13CS052
13173,13CS052
13185,13CS053
13053,13CS054
13193,13CS054
13197,13CS054
13249,13CS054
13259,13CS054
13261,13CS054
13269,13CS054
13307,13CS054
13215,13CS055
13217,13CS056
13223,13CS057
13245,13CS058
13247,13CS059
13255,13CS060
13277,13CS061
13321,13CS061
13285,13CS062
13297,13CS063
13175,13CS064
13209,13CS064
13271,13CS064
13283,13CS064
13309,13CS064
13313,13CS065
13105,13CS066
13133,13CS066
13181,13CS066
13221,13CS066
13265,13CS066
13301,13CS066
13317,13CS066
15001,15CS001
15003,15CS002
15005,15CS003
15009,15CS003
15007,15CS004
16001,16CS001
16005,16CS002
16009,16CS003
16057,16CS003
16069,16CS003
16007,16CS004
16011,16CS004
16029,16CS004
16041,16CS004
16071,16CS004
16077,16CS004
16015,16CS005
16045,16CS005
16075,16CS005
16087,16CS005
16017,16CS006
16021,16CS006
16079,16CS006
16019,16CS007
16027,16CS008
16003,16CS009
16035,16CS009
16037,16CS009
16049,16CS009
16059,16CS009
16061,16CS009
16085,16CS009
16039,16CS010
16047,16CS010
16073,16CS010
16023,16CS011
16033,16CS011
16043,16CS011
16051,16CS011
16065,16CS011
16081,16CS011
16055,16CS012
16013,16CS013
16025,16CS013
16031,16CS013
16053,16CS013
16063,16CS013
16067,16CS013
16083,16CS014
17001,17CS001
17005,17CS002
17049,17CS002
17051,17CS002
17007,17CS003
17201,17CS003
17009,17CS004
17013,17CS004
17017,17CS004
17149,17CS004
17169,17CS004
17011,17CS005
17123,17CS005
17155,17CS005
17175,17CS005
17015,17CS006
17085,17CS006
17177,17CS006
17019,17CS007
17021,17CS008
17173,17CS008
17023,17CS009
17033,17CS009
17035,17CS009
17079,17CS009
17025,17CS010
17065,17CS010
17191,17CS010
17193,17CS010
17027,17CS011
17121,17CS011
17029,17CS012
17031,17CS013
17039,17CS014
17107,17CS014
17125,17CS014
17147,17CS014
17037,17CS015
17041,17CS016
17045,17CS016
17139,17CS016
17043,17CS017
17047,17CS018
17101,17CS018
17159,17CS018
17185,17CS018
17053,17CS019
17075,17CS019
17105,17CS019
17055,17CS020
17059,17CS020
17165,17CS020
17057,17CS021
17109,17CS021
17061,17CS022
17137,17CS022
17171,17CS022
17063,17CS023
17093,17CS023
17067,17CS024
17071,17CS024
17131,17CS024
17187,17CS024
17073,17CS025
17077,17CS026
17081,17CS027
17189,17CS027
17083,17CS028
17119,17CS028
17089,17CS029
17091,17CS030
17095,17CS031
17097,17CS032
17099,17CS033
17103,17CS034
17195,17CS034
17115,17CS035
17117,17CS036
17135,17CS036
17111,17CS037
17113,17CS038
17129,17CS039
17167,17CS039
17133,17CS040
17163,17CS040
17141,17CS041
17143,17CS042
17203,17CS042
17145,17CS043
17157,17CS043
17161,17CS044
17003,17CS045
17069,17CS045
17087,17CS045
17127,17CS045
17151,17CS045
17153,17CS045
17181,17CS045
17179,17CS046
17183,17CS047
17197,17CS048
17199,17CS049
18001,18CS001
18179,18CS001
18003,18CS002
18033,18CS002
18005,18CS003
18013,18CS003
18007,18CS004
18073,18CS004
18111,18CS004
18009,18CS005
18075,18CS005
18135,18CS005
18011,18CS006
18063,18CS006
18015,18CS007
18017,18CS007
18181,18CS007
18019,18CS008
18021,18CS009
18165,18CS009
18167,18CS009
18023,18CS010
18157,18CS010
18025,18CS011
18061,18CS011
18123,18CS011
18027,18CS012
18083,18CS012
18101,18CS012
18029,18CS013
18115,18CS013
18031,18CS014
18137,18CS014
18035,18CS015
18037,18CS016
18125,18CS016
18147,18CS016
18039,18CS017
18041,18CS018
18047,18CS018
18161,18CS018
18043,18CS019
18045,18CS020
18107,18CS020
18171,18CS020
18049,18CS021
18103,18CS021
18169,18CS021
18051,18CS022
18129,18CS022
18053,18CS023
18055,18CS024
18153,18CS024
18057,18CS025
18059,18CS026
18065,18CS027
18139,18CS027
18067,18CS028
18159,18CS028
18069,18CS029
18183,18CS029
18071,18CS030
18079,18CS030
18077,18CS031
18143,18CS031
18155,18CS031
18081,18CS032
18085,18CS033
18087,18CS034
18113,18CS034
18151,18CS034
18089,18CS035
18091,18CS036
18093,18CS037
18117,18CS037
18175,18CS037
18095,18CS038
18097,18CS039
18145,18CS039
18099,18CS040
18131,18CS040
18149,18CS040
18105,18CS041
18109,18CS042
18119,18CS043
18121,18CS043
18133,18CS043
18127,18CS044
18141,18CS045
18163,18CS046
18173,18CS047
18177,18CS048
19005,19CS001
19043,19CS001
19191,19CS001
19001,19CS002
19009,19CS002
19029,19CS002
19077,19CS002
19165,19CS002
19011,19CS003
19095,19CS003
19107,19CS003
19183,19CS003
19013,19CS004
19015,19CS005
19049,19CS005
19017,19CS006
19023,19CS006
19075,19CS006
19019,19CS007
19055,19CS007
19065,19CS007
19021,19CS008
19025,19CS008
19035,19CS008
19151,19CS008
19161,19CS008
19027,19CS009
19047,19CS009
19073,19CS009
19093,19CS009
19031,19CS010
19097,19CS010
19105,19CS010
19033,19CS011
19195,19CS011
19037,19CS012
19067,19CS012
19089,19CS012
19131,19CS012
19045,19CS013
19051,19CS014
19101,19CS014
19177,19CS014
19179,19CS014
19057,19CS015
19087,19CS015
19111,19CS015
19061,19CS016
19071,19CS017
19085,19CS017
19129,19CS017
19155,19CS017
19079,19CS018
19091,19CS018
19187,19CS018
19099,19CS019
19157,19CS019
19103,19CS020
19113,19CS021
19115,19CS022
19139,19CS022
19007,19CS023
19039,19CS023
19053,19CS023
19117,19CS023
19135,19CS023
19185,19CS023
19119,19CS024
19141,19CS024
19143,19CS024
19167,19CS024
19121,19CS025
19181,19CS025
19123,19CS026
19125,19CS026
19127,19CS027
19171,19CS027
19133,19CS028
19149,19CS028
19193,19CS028
19041,19CS029
19059,19CS029
19063,19CS029
19109,19CS029
19147,19CS029
19153,19CS030
19163,19CS031
19169,19CS032
19003,19CS033
19137,19CS033
19145,19CS033
19159,19CS033
19173,19CS033
19175,19CS033
19069,19CS034
19081,19CS034
19083,19CS034
19189,19CS034
19197,19CS034
20001,20CS001
20003,20CS001
20059,20CS001
20139,20CS001
20009,20CS002
20053,20CS002
20145,20CS002
20159,20CS002
20185,20CS002
20011,20CS003
20107,20CS003
20121,20CS003
20005,20CS004
20013,20CS004
20043,20CS004
20085,20CS004
20087,20CS004
20117,20CS004
20131,20CS004
20015,20CS005
20079,20CS005
20017,20CS006
20031,20CS006
20111,20CS006
20115,20CS006
20021,20CS007
20037,20CS007
20027,20CS008
20029,20CS008
20089,20CS008
20105,20CS008
20123,20CS008
20143,20CS008
20157,20CS008
20201,20CS008
20041,20CS009
20061,20CS009
20127,20CS009
20045,20CS010
20019,20CS011
20035,20CS011
20049,20CS011
20073,20CS011
20205,20CS011
20207,20CS011
20055,20CS018
20081,20CS018
20093,20CS018
20171,20CS018
20025,20CS013
20033,20CS013
20057,20CS013
20069,20CS013
20083,20CS013
20101,20CS013
20135,20CS013
20091,20CS014
20099,20CS015
20125,20CS015
20133,20CS015
20103,20CS016
20113,20CS017
20169,20CS017
20023,20CS018
20039,20CS018
20063,20CS018
20065,20CS018
20109,20CS018
20137,20CS018
20153,20CS018
20163,20CS018
20179,20CS018
20181,20CS018
20193,20CS018
20195,20CS018
20199,20CS018
20149,20CS019
20161,20CS019
20197,20CS019
20155,20CS020
20051,20CS021
20141,20CS021
20147,20CS021
20165,20CS021
20167,20CS021
20183,20CS021
20173,20CS022
20177,20CS023
20007,20CS024
20047,20CS024
20077,20CS024
20095,20CS024
20097,20CS024
20151,20CS024
20191,20CS024
20067,20CS018
20071,20CS018
20075,20CS018
20119,20CS018
20129,20CS018
20175,20CS018
20187,20CS018
20189,20CS018
20203,20CS018
20209,20CS026
21001,21CS001
21045,21CS001
21087,21CS001
21207,21CS001
21217,21CS001
21005,21CS002
21073,21CS002
21003,21CS003
21009,21CS003
21099,21CS003
21169,21CS003
21171,21CS003
21011,21CS004
21049,21CS004
21173,21CS004
21013,21CS005
21095,21CS005
21015,21CS006
21017,21CS007
21069,21CS007
21135,21CS007
21181,21CS007
21019,21CS008
21043,21CS008
21089,21CS008
21021,21CS009
21137,21CS009
21167,21CS009
21023,21CS010
21097,21CS010
21161,21CS010
21191,21CS010
21201,21CS010
21027,21CS011
21085,21CS011
21091,21CS011
21163,21CS011
21029,21CS012
21215,21CS012
21031,21CS013
21149,21CS013
21177,21CS013
21183,21CS013
21035,21CS014
21157,21CS014
21037,21CS015
21047,21CS016
21051,21CS017
21109,21CS017
21131,21CS017
21053,21CS018
21057,21CS018
21147,21CS018
21231,21CS018
21059,21CS019
21061,21CS020
21227,21CS020
21065,21CS021
21151,21CS021
21203,21CS021
21067,21CS022
21071,21CS023
21159,21CS023
21079,21CS024
21113,21CS024
21093,21CS025
21123,21CS025
21101,21CS026
21225,21CS026
21103,21CS027
21185,21CS027
21211,21CS027
21107,21CS028
21233,21CS028
21111,21CS029
21063,21CS030
21115,21CS030
21127,21CS030
21153,21CS030
21205,21CS030
21117,21CS031
21119,21CS032
21133,21CS032
21193,21CS032
21121,21CS033
21235,21CS033
21125,21CS034
21141,21CS035
21213,21CS035
21219,21CS035
21033,21CS036
21055,21CS036
21139,21CS036
21143,21CS036
21221,21CS036
21155,21CS037
21179,21CS037
21229,21CS037
21145,21CS038
21041,21CS039
21077,21CS039
21081,21CS039
21187,21CS039
21223,21CS039
21195,21CS040
21199,21CS041
21209,21CS042
21239,21CS042
21007,21CS043
21039,21CS043
21075,21CS043
21083,21CS043
21105,21CS043
21025,21CS044
21129,21CS044
21165,21CS044
21175,21CS044
21189,21CS044
21197,21CS044
21237,21CS044
22001,22CS001
22053,22CS001
22003,22CS002
22009,22CS002
22043,22CS002
22079,22CS002
22005,22CS003
22007,22CS004
22047,22CS004
22099,22CS004
22011,22CS005
22115,22CS005
22013,22CS006
22027,22CS006
22031,22CS006
22081,22CS006
22015,22CS007
22119,22CS007
22017,22CS008
22019,22CS009
22023,22CS010
22113,22CS010
22021,22CS011
22025,22CS011
22029,22CS011
22059,22CS011
22107,22CS011
22033,22CS012
22121,22CS012
22037,22CS013
22077,22CS013
22125,22CS013
22039,22CS014
22097,22CS014
22045,22CS015
22049,22CS016
22061,22CS016
22111,22CS016
22127,22CS016
22051,22CS017
22075,22CS017
22055,22CS018
22057,22CS019
22063,22CS020
22069,22CS021
22085,22CS021
22035,22CS022
22041,22CS022
22065,22CS022
22067,22CS022
22083,22CS022
22123,22CS022
22071,22CS023
22073,22CS024
22087,22CS025
22089,22CS026
22093,22CS026
22095,22CS026
22091,22CS027
22105,22CS027
22117,22CS027
22101,22CS028
22103,22CS029
22109,22CS030
23001,23CS001
23003,23CS002
23005,23CS003
23007,23CS004
23017,23CS004
23009,23CS005
23029,23CS005
23011,23CS006
23013,23CS007
23027,23CS007
23015,23CS008
23023,23CS008
23019,23CS009
23021,23CS009
23025,23CS010
23031,23CS011
24001,24CS001
24023,24CS001
24003,24CS002
24005,24CS003
24510,24CS004
24009,24CS005
24011,24CS006
24019,24CS006
24041,24CS006
24013,24CS007
24015,24CS008
24017,24CS009
24021,24CS010
24025,24CS011
24027,24CS012
24029,24CS013
24035,24CS013
24031,24CS014
24033,24CS014
24039,24CS016
24047,24CS016
24037,24CS017
24043,24CS018
24045,24CS019
25001,25CS001
25007,25CS001
25019,25CS001
25003,25CS002
25005,25CS003
25009,25CS004
25011,25CS005
25013,25CS006
25015,25CS007
25017,25CS008
25021,25CS009
25023,25CS010
25025,25CS011
25027,25CS012
26001,26CS001
26007,26CS001
26141,26CS001
26003,26CS002
26041,26CS002
26153,26CS002
26005,26CS003
26009,26CS004
26029,26CS004
26079,26CS004
26137,26CS004
26011,26CS005
26069,26CS005
26129,26CS005
26015,26CS006
26017,26CS007
26019,26CS008
26101,26CS008
26105,26CS008
26021,26CS009
26023,26CS010
26059,26CS010
26025,26CS011
26027,26CS012
26031,26CS013
26047,26CS013
26033,26CS014
26095,26CS014
26097,26CS014
26035,26CS015
26051,26CS015
26037,26CS016
26039,26CS017
26119,26CS017
26135,26CS017
26143,26CS017
26043,26CS018
26071,26CS018
26109,26CS018
26045,26CS019
26049,26CS020
26055,26CS021
26089,26CS021
26057,26CS022
26073,26CS022
26063,26CS023
26151,26CS023
26065,26CS024
26067,26CS025
26075,26CS026
26077,26CS027
26081,26CS028
26085,26CS029
26113,26CS029
26165,26CS029
26087,26CS030
26091,26CS031
26093,26CS032
26099,26CS033
26103,26CS034
26107,26CS035
26133,26CS035
26111,26CS036
26115,26CS037
26117,26CS038
26121,26CS039
26123,26CS040
26127,26CS040
26013,26CS041
26053,26CS041
26061,26CS041
26083,26CS041
26131,26CS041
26125,26CS042
26139,26CS043
26145,26CS044
26155,26CS045
26147,26CS046
26149,26CS047
26157,26CS048
26159,26CS049
26161,26CS050
26163,26CS051
27001,27CS001
27061,27CS001
27003,27CS002
27009,27CS003
27145,27CS003
27013,27CS004
27043,27CS004
27091,27CS004
27165,27CS004
27015,27CS005
27079,27CS005
27103,27CS005
27019,27CS006
27021,27CS007
27035,27CS007
27025,27CS008
27059,27CS008
27027,27CS009
27005,27CS010
27007,27CS010
27029,27CS010
27057,27CS010
27087,27CS010
27107,27CS010
27037,27CS011
27039,27CS012
27147,27CS012
27161,27CS012
27041,27CS013
27097,27CS013
27153,27CS013
27045,27CS014
27055,27CS014
27169,27CS014
27047,27CS015
27099,27CS015
27049,27CS016
27157,27CS016
27053,27CS017
27065,27CS018
27095,27CS018
27115,27CS018
27067,27CS019
27127,27CS019
27129,27CS019
27073,27CS020
27081,27CS020
27083,27CS020
27173,27CS020
27085,27CS021
27093,27CS021
27143,27CS021
27069,27CS022
27077,27CS022
27089,27CS022
27113,27CS022
27125,27CS022
27135,27CS022
27119,27CS022
27109,27CS023
27111,27CS024
27159,27CS024
27167,27CS024
27123,27CS025
27131,27CS026
27139,27CS027
27141,27CS028
27033,27CS029
27063,27CS029
27101,27CS029
27105,27CS029
27117,27CS029
27133,27CS029
27011,27CS030
27023,27CS030
27051,27CS030
27121,27CS030
27149,27CS030
27151,27CS030
27155,27CS030
27017,27CS031
27031,27CS031
27071,27CS031
27075,27CS031
27137,27CS031
27163,27CS032
27171,27CS033
28001,28CS001
28005,28CS001
28157,28CS001
28003,28CS002
28117,28CS002
28141,28CS002
28007,28CS003
28019,28CS003
28079,28CS003
28155,28CS003
28009,28CS004
28093,28CS004
28139,28CS004
28011,28CS005
28133,28CS005
28013,28CS006
28017,28CS006
28043,28CS006
28015,28CS007
28083,28CS007
28097,28CS007
28021,28CS008
28063,28CS008
28149,28CS008
28023,28CS009
28061,28CS009
28153,28CS009
28025,28CS010
28105,28CS010
28027,28CS011
28119,28CS011
28135,28CS011
28029,28CS012
28037,28CS012
28085,28CS012
28031,28CS013
28127,28CS013
28129,28CS013
28033,28CS014
28143,28CS014
28035,28CS015
28073,28CS015
28045,28CS016
28047,28CS016
28049,28CS017
28057,28CS018
28095,28CS018
28059,28CS019
28065,28CS020
28077,28CS020
28091,28CS020
28067,28CS021
28069,28CS022
28099,28CS022
28103,28CS022
28159,28CS022
28071,28CS023
28161,28CS023
28075,28CS024
28081,28CS025
28087,28CS026
28089,28CS027
28101,28CS028
28123,28CS028
28107,28CS029
28137,28CS029
28113,28CS030
28147,28CS030
28115,28CS031
28145,28CS031
28121,28CS032
28039,28CS033
28041,28CS033
28109,28CS033
28111,28CS033
28131,28CS033
28151,28CS034
28051,28CS035
28053,28CS035
28055,28CS035
28125,28CS035
28163,28CS035
29003,29CS001
29021,29CS001
29007,29CS002
29027,29CS002
29009,29CS003
29109,29CS003
29119,29CS003
29015,29CS004
29083,29CS004
29101,29CS004
29185,29CS004
29017,29CS005
29123,29CS005
29207,29CS005
29223,29CS005
29019,29CS006
29023,29CS007
29035,29CS007
29181,29CS007
29029,29CS008
29131,29CS008
29031,29CS009
29157,29CS009
29033,29CS010
29107,29CS010
29177,29CS010
29195,29CS010
29037,29CS011
29043,29CS012
29225,29CS012
29047,29CS013
29051,29CS014
29055,29CS015
29093,29CS015
29179,29CS015
29221,29CS015
29059,29CS016
29085,29CS016
29105,29CS016
29167,29CS016
29065,29CS017
29161,29CS017
29067,29CS018
29153,29CS018
29215,29CS018
29229,29CS018
29069,29CS019
29155,29CS019
29071,29CS020
29073,29CS021
29139,29CS021
29219,29CS021
29005,29CS022
29025,29CS022
29049,29CS022
29061,29CS022
29063,29CS022
29075,29CS022
29081,29CS022
29087,29CS022
29147,29CS022
29227,29CS022
29077,29CS023
29079,29CS024
29115,29CS024
29117,29CS024
29129,29CS024
29171,29CS024
29211,29CS024
29091,29CS025
29149,29CS025
29203,29CS025
29095,29CS026
29097,29CS027
29099,29CS028
29113,29CS029
29163,29CS029
29125,29CS030
29151,29CS030
29169,29CS030
29127,29CS031
29137,29CS031
29173,29CS031
29205,29CS031
29133,29CS032
29143,29CS032
29201,29CS032
29135,29CS033
29141,29CS033
29159,29CS033
29145,29CS034
29165,29CS035
29041,29CS036
29053,29CS036
29089,29CS036
29121,29CS036
29175,29CS036
29001,29CS037
29045,29CS037
29103,29CS037
29111,29CS037
29197,29CS037
29199,29CS037
29183,29CS038
29189,29CS039
29510,29CS040
29186,29CS041
29187,29CS041
29209,29CS042
29213,29CS042
29011,29CS043
29013,29CS043
29039,29CS043
29057,29CS043
29217,29CS043
30001,30CS001
30031,30CS001
30057,30CS001
30013,30CS002
30023,30CS003
30039,30CS003
30077,30CS003
30081,30CS003
30093,30CS003
30003,30CS004
30011,30CS004
30017,30CS004
30019,30CS004
30021,30CS004
30025,30CS004
30033,30CS004
30055,30CS004
30071,30CS004
30075,30CS004
30079,30CS004
30083,30CS004
30085,30CS004
30087,30CS004
30091,30CS004
30103,30CS004
30105,30CS004
30109,30CS004
30029,30CS005
30043,30CS006
30049,30CS006
30047,30CS007
30053,30CS007
30061,30CS007
30089,30CS007
30063,30CS008
30005,30CS009
30015,30CS009
30027,30CS009
30035,30CS009
30041,30CS009
30045,30CS009
30051,30CS009
30069,30CS009
30073,30CS009
30099,30CS009
30101,30CS009
30007,30CS010
30009,30CS010
30037,30CS010
30059,30CS010
30065,30CS010
30067,30CS010
30095,30CS010
30097,30CS010
30107,30CS010
30111,30CS011
31007,31CS001
31033,31CS001
31105,31CS001
31123,31CS001
31157,31CS001
31011,31CS002
31037,31CS002
31125,31CS002
31141,31CS002
31019,31CS003
31099,31CS003
31163,31CS003
31039,31CS004
31119,31CS004
31139,31CS004
31167,31CS004
31053,31CS005
31155,31CS005
31177,31CS005
31055,31CS006
31029,31CS007
31047,31CS007
31057,31CS007
31063,31CS007
31073,31CS007
31085,31CS007
31087,31CS007
31145,31CS007
31079,31CS008
31093,31CS008
31003,31CS009
31015,31CS009
31027,31CS009
31071,31CS009
31077,31CS009
31089,31CS009
31107,31CS009
31175,31CS009
31183,31CS009
31109,31CS010
31049,31CS011
31101,31CS011
31111,31CS011
31113,31CS011
31117,31CS011
31135,31CS011
31005,31CS012
31009,31CS012
31013,31CS012
31017,31CS012
31031,31CS012
31041,31CS012
31045,31CS012
31069,31CS012
31075,31CS012
31091,31CS012
31103,31CS012
31115,31CS012
31149,31CS012
31161,31CS012
31165,31CS012
31171,31CS012
31023,31CS013
31081,31CS013
31121,31CS013
31143,31CS013
31159,31CS013
31185,31CS013
31059,31CS014
31067,31CS014
31095,31CS014
31129,31CS014
31151,31CS014
31169,31CS014
31153,31CS015
31001,31CS016
31035,31CS016
31061,31CS016
31065,31CS016
31083,31CS016
31137,31CS016
31181,31CS016
31025,31CS017
31097,31CS017
31127,31CS017
31131,31CS017
31133,31CS017
31147,31CS017
31021,31CS018
31043,31CS018
31051,31CS018
31173,31CS018
31179,31CS018
32003,32CS001
32023,32CS001
32005,32CS002
32510,32CS002
32001,32CS003
32009,32CS003
32019,32CS003
32021,32CS003
32029,32CS003
32007,32CS004
32011,32CS004
32013,32CS004
32015,32CS004
32017,32CS004
32027,32CS004
32033,32CS004
32031,32CS005
33001,33CS001
33003,33CS001
33005,33CS002
33007,33CS003
33009,33CS003
33011,33CS004
33013,33CS005
33019,33CS005
33015,33CS006
33017,33CS007
34001,34CS001
34003,34CS002
34005,34CS003
34007,34CS004
34009,34CS005
34011,34CS006
34013,34CS007
34015,34CS008
34017,34CS009
34019,34CS010
34021,34CS011
34023,34CS012
34025,34CS013
34027,34CS014
34029,34CS015
34031,34CS016
34033,34CS017
34035,34CS018
34037,34CS019
34039,34CS020
34041,34CS021
35001,35CS001
35003,35CS002
35006,35CS002
35051,35CS002
35053,35CS002
35005,35CS003
35009,35CS004
35041,35CS004
35013,35CS005
35015,35CS006
35017,35CS007
35023,35CS007
35029,35CS007
35011,35CS008
35019,35CS008
35027,35CS008
35037,35CS008
35057,35CS008
35025,35CS009
35028,35CS010
35049,35CS010
35031,35CS011
35007,35CS012
35021,35CS012
35033,35CS012
35047,35CS012
35059,35CS012
35035,35CS013
35039,35CS014
35055,35CS014
35043,35CS015
35045,35CS016
35061,35CS001
36001,36CS001
36039,36CS001
36003,36CS002
36101,36CS002
36005,36CS003
36007,36CS004
36009,36CS005
36121,36CS005
36011,36CS006
36013,36CS007
36015,36CS008
36017,36CS009
36023,36CS009
36019,36CS010
36021,36CS011
36025,36CS012
36095,36CS012
36027,36CS013
36029,36CS014
36031,36CS015
36033,36CS015
36035,36CS016
36041,36CS016
36057,36CS016
36037,36CS017
36073,36CS017
36043,36CS018
36045,36CS019
36049,36CS019
36047,36CS020
36051,36CS021
36053,36CS022
36055,36CS023
36059,36CS024
36061,36CS025
36063,36CS026
36065,36CS027
36067,36CS028
36069,36CS029
36071,36CS030
36075,36CS031
36077,36CS032
36079,36CS033
36081,36CS034
36083,36CS035
36085,36CS036
36087,36CS037
36091,36CS038
36093,36CS039
36097,36CS040
36099,36CS040
36123,36CS040
36089,36CS041
36103,36CS042
36105,36CS043
36107,36CS044
36109,36CS045
36111,36CS046
36113,36CS047
36115,36CS048
36117,36CS049
36119,36CS050
37001,37CS001
37003,37CS002
37035,37CS002
37005,37CS003
37009,37CS003
37011,37CS003
37189,37CS003
37007,37CS004
37153,37CS004
37013,37CS005
37117,37CS005
37137,37CS005
37017,37CS006
37047,37CS006
37019,37CS007
37021,37CS008
37115,37CS008
37023,37CS009
37025,37CS010
37027,37CS011
37029,37CS012
37053,37CS012
37139,37CS012
37031,37CS013
37033,37CS014
37145,37CS014
37037,37CS015
37105,37CS015
37039,37CS016
37043,37CS016
37075,37CS016
37173,37CS016
37045,37CS017
37049,37CS018
37051,37CS019
37055,37CS020
37095,37CS020
37177,37CS020
37187,37CS020
37057,37CS021
37059,37CS022
37197,37CS022
37061,37CS023
37141,37CS023
37063,37CS024
37065,37CS025
37067,37CS026
37169,37CS026
37069,37CS027
37185,37CS027
37071,37CS028
37015,37CS029
37041,37CS029
37073,37CS029
37091,37CS029
37143,37CS029
37077,37CS030
37181,37CS030
37079,37CS031
37103,37CS031
37107,37CS031
37081,37CS032
37083,37CS033
37131,37CS033
37085,37CS034
37087,37CS035
37089,37CS036
37093,37CS037
37165,37CS037
37097,37CS038
37099,37CS039
37113,37CS039
37175,37CS039
37101,37CS040
37109,37CS041
37111,37CS042
37121,37CS042
37199,37CS042
37119,37CS043
37123,37CS044
37125,37CS044
37127,37CS045
37129,37CS046
37133,37CS047
37135,37CS048
37147,37CS049
37149,37CS050
37161,37CS050
37151,37CS051
37155,37CS052
37157,37CS053
37159,37CS054
37163,37CS055
37167,37CS056
37171,37CS057
37179,37CS058
37183,37CS059
37191,37CS060
37193,37CS061
37195,37CS062
38009,38CS001
38049,38CS001
38075,38CS001
38101,38CS001
38015,38CS002
38055,38CS002
38017,38CS003
38027,38CS004
38031,38CS004
38039,38CS004
38043,38CS004
38083,38CS004
38091,38CS004
38093,38CS004
38097,38CS004
38103,38CS004
38035,38CS005
38005,38CS006
38019,38CS006
38063,38CS006
38067,38CS006
38069,38CS006
38071,38CS006
38079,38CS006
38095,38CS006
38099,38CS006
38007,38CS007
38013,38CS007
38023,38CS007
38025,38CS007
38033,38CS007
38053,38CS007
38061,38CS007
38089,38CS007
38105,38CS007
38003,38CS008
38021,38CS008
38029,38CS008
38045,38CS008
38047,38CS008
38051,38CS008
38073,38CS008
38077,38CS008
38081,38CS008
38001,38CS009
38011,38CS009
38037,38CS009
38041,38CS009
38057,38CS009
38059,38CS009
38065,38CS009
38085,38CS009
38087,38CS009
39001,39CS001
39015,39CS001
39003,39CS002
39011,39CS002
39005,39CS003
39007,39CS004
39009,39CS005
39073,39CS005
39013,39CS006
39017,39CS007
39019,39CS008
39151,39CS008
39021,39CS009
39091,39CS009
39159,39CS009
39023,39CS010
39025,39CS011
39027,39CS012
39047,39CS012
39071,39CS012
39029,39CS013
39031,39CS014
39119,39CS014
39127,39CS014
39033,39CS015
39139,39CS015
39035,39CS016
39037,39CS017
39135,39CS017
39039,39CS018
39171,39CS018
39041,39CS019
39043,39CS020
39045,39CS021
39049,39CS022
39051,39CS023
39069,39CS023
39053,39CS024
39105,39CS024
39055,39CS025
39057,39CS026
39059,39CS027
39111,39CS027
39115,39CS027
39121,39CS027
39061,39CS028
39063,39CS029
39065,39CS030
39175,39CS030
39067,39CS031
39157,39CS031
39075,39CS032
39169,39CS032
39077,39CS033
39079,39CS034
39131,39CS034
39163,39CS034
39081,39CS035
39083,39CS036
39117,39CS036
39085,39CS037
39087,39CS038
39089,39CS039
39093,39CS040
39095,39CS041
39123,39CS041
39097,39CS042
39129,39CS042
39099,39CS043
39101,39CS044
39103,39CS045
39107,39CS046
39149,39CS046
39109,39CS047
39113,39CS048
39125,39CS049
39137,39CS049
39161,39CS049
39133,39CS050
39141,39CS051
39143,39CS052
39145,39CS053
39147,39CS054
39153,39CS055
39155,39CS056
39165,39CS057
39167,39CS058
39173,39CS059
40001,40CS001
40021,40CS001
40135,40CS001
40005,40CS002
40013,40CS002
40029,40CS002
40069,40CS002
40009,40CS003
40039,40CS003
40129,40CS003
40149,40CS003
40015,40CS004
40051,40CS004
40017,40CS005
40019,40CS006
40085,40CS006
40095,40CS006
40023,40CS007
40089,40CS007
40127,40CS007
40027,40CS008
40031,40CS009
40033,40CS010
40067,40CS010
40137,40CS010
40035,40CS011
40097,40CS011
40037,40CS012
40041,40CS013
40115,40CS013
40047,40CS014
40049,40CS015
40087,40CS015
40099,40CS015
40053,40CS016
40071,40CS016
40061,40CS017
40077,40CS017
40079,40CS017
40121,40CS017
40063,40CS018
40123,40CS018
40133,40CS018
40081,40CS019
40083,40CS019
40003,40CS020
40011,40CS020
40043,40CS020
40073,40CS020
40093,40CS020
40151,40CS020
40091,40CS021
40101,40CS021
40103,40CS022
40117,40CS022
40119,40CS022
40105,40CS023
40147,40CS023
40107,40CS024
40111,40CS024
40109,40CS025
40007,40CS026
40025,40CS026
40045,40CS026
40059,40CS026
40139,40CS026
40153,40CS026
40113,40CS027
40143,40CS027
40125,40CS028
40131,40CS029
40055,40CS030
40057,40CS030
40065,40CS030
40075,40CS030
40141,40CS030
40145,40CS031
41001,41CS001
41025,41CS001
41037,41CS001
41045,41CS001
41003,41CS002
41005,41CS003
41007,41CS004
41041,41CS004
41057,41CS004
41009,41CS005
41067,41CS005
41011,41CS006
41015,41CS006
41017,41CS007
41019,41CS008
41027,41CS009
41031,41CS009
41055,41CS009
41065,41CS009
41029,41CS010
41033,41CS011
41035,41CS012
41039,41CS013
41043,41CS014
41047,41CS015
41051,41CS016
41053,41CS017
41013,41CS018
41021,41CS018
41023,41CS018
41049,41CS018
41059,41CS018
41061,41CS018
41063,41CS018
41069,41CS018
41071,41CS019
42001,42CS001
42003,42CS002
42005,42CS003
42007,42CS004
42009,42CS005
42057,42CS005
42011,42CS006
42013,42CS007
42015,42CS008
42113,42CS008
42017,42CS009
42019,42CS010
42021,42CS011
42025,42CS012
42027,42CS013
42029,42CS014
42031,42CS015
42065,42CS015
42033,42CS016
42035,42CS017
42105,42CS017
42117,42CS017
42037,42CS018
42039,42CS019
42041,42CS020
42099,42CS020
42043,42CS021
42045,42CS022
42049,42CS023
42051,42CS024
42059,42CS024
42055,42CS025
42061,42CS026
42067,42CS026
42087,42CS026
42063,42CS027
42069,42CS028
42131,42CS028
42071,42CS029
42073,42CS030
42075,42CS031
42077,42CS032
42079,42CS033
42081,42CS034
42023,42CS035
42047,42CS035
42053,42CS035
42083,42CS035
42123,42CS035
42085,42CS036
42089,42CS037
42103,42CS037
42091,42CS038
42093,42CS039
42097,42CS039
42095,42CS040
42101,42CS041
42107,42CS042
42109,42CS043
42119,42CS043
42111,42CS044
42115,42CS045
42127,42CS045
42121,42CS046
42125,42CS047
42129,42CS048
42133,42CS049
44001,44CS001
44003,44CS002
44005,44CS003
44007,44CS004
44009,44CS005
45001,45CS001
45047,45CS001
45065,45CS001
45003,45CS002
45037,45CS002
45005,45CS003
45009,45CS003
45011,45CS003
45007,45CS004
45013,45CS005
45015,45CS006
45017,45CS007
45075,45CS007
45019,45CS008
45021,45CS009
45023,45CS010
45039,45CS010
45025,45CS011
45069,45CS011
45027,45CS012
45089,45CS012
45029,45CS013
45049,45CS013
45053,45CS013
45031,45CS014
45033,45CS015
45067,45CS015
45035,45CS016
45041,45CS017
45043,45CS018
45045,45CS019
45051,45CS020
45055,45CS021
45061,45CS021
45057,45CS022
45059,45CS023
45063,45CS024
45071,45CS025
45081,45CS025
45087,45CS025
45073,45CS026
45077,45CS027
45079,45CS028
45083,45CS029
45085,45CS030
45091,45CS031
46005,46CS001
46025,46CS001
46029,46CS001
46039,46CS001
46057,46CS001
46077,46CS001
46115,46CS001
46027,46CS002
46125,46CS002
46127,46CS002
46135,46CS002
46003,46CS003
46009,46CS003
46015,46CS003
46023,46CS003
46035,46CS003
46043,46CS003
46067,46CS003
46083,46CS004
46099,46CS004
46011,46CS005
46061,46CS005
46073,46CS005
46079,46CS005
46087,46CS005
46097,46CS005
46101,46CS005
46111,46CS005
46017,46CS006
46021,46CS006
46045,46CS006
46049,46CS006
46059,46CS006
46065,46CS006
46069,46CS006
46085,46CS006
46089,46CS006
46107,46CS006
46117,46CS006
46119,46CS006
46129,46CS006
46013,46CS007
46037,46CS007
46051,46CS007
46091,46CS007
46109,46CS007
46019,46CS008
46031,46CS008
46041,46CS008
46063,46CS008
46081,46CS008
46093,46CS008
46105,46CS008
46137,46CS008
46103,46CS009
46007,46CS010
46033,46CS010
46047,46CS010
46053,46CS010
46055,46CS010
46071,46CS010
46075,46CS010
46095,46CS010
46121,46CS010
46123,46CS010
47001,47CS001
47003,47CS002
47103,47CS002
47127,47CS002
47005,47CS003
47017,47CS003
47079,47CS003
47007,47CS004
47143,47CS004
47175,47CS004
47185,47CS004
47009,47CS005
47105,47CS005
47011,47CS006
47139,47CS006
47013,47CS007
47025,47CS007
47067,47CS007
47151,47CS007
47015,47CS008
47041,47CS008
47177,47CS008
47019,47CS009
47091,47CS009
47171,47CS009
47021,47CS010
47043,47CS010
47023,47CS011
47113,47CS011
47029,47CS012
47089,47CS012
47031,47CS013
47051,47CS013
47033,47CS014
47053,47CS014
47075,47CS014
47035,47CS015
47049,47CS015
47037,47CS016
47039,47CS017
47077,47CS017
47101,47CS017
47135,47CS017
47045,47CS018
47095,47CS018
47097,47CS018
47047,47CS019
47069,47CS019
47055,47CS020
47117,47CS020
47057,47CS021
47063,47CS021
47059,47CS022
47061,47CS023
47115,47CS023
47153,47CS023
47065,47CS024
47071,47CS025
47109,47CS025
47073,47CS026
47081,47CS027
47083,47CS027
47085,47CS027
47161,47CS027
47087,47CS028
47141,47CS028
47159,47CS028
47093,47CS029
47173,47CS029
47099,47CS030
47181,47CS030
47119,47CS031
47107,47CS032
47121,47CS032
47123,47CS032
47125,47CS033
47129,47CS034
47145,47CS034
47027,47CS035
47111,47CS035
47133,47CS035
47137,47CS035
47169,47CS035
47131,47CS036
47183,47CS036
47147,47CS037
47149,47CS038
47155,47CS039
47157,47CS040
47163,47CS041
47165,47CS042
47167,47CS043
47179,47CS044
47187,47CS045
47189,47CS046
48001,48CS001
48225,48CS001
48005,48CS002
48007,48CS003
48057,48CS003
48391,48CS003
48009,48CS004
48485,48CS004
48013,48CS005
48297,48CS005
48311,48CS005
48015,48CS006
48477,48CS006
48019,48CS007
48259,48CS007
48265,48CS007
48021,48CS008
48055,48CS008
48025,48CS009
48175,48CS009
48255,48CS009
48027,48CS010
48029,48CS011
48493,48CS011
48035,48CS012
48193,48CS012
48217,48CS012
48037,48CS013
48067,48CS013
48315,48CS013
48343,48CS013
48039,48CS014
48041,48CS015
48051,48CS015
48185,48CS015
48395,48CS015
48049,48CS016
48083,48CS016
48333,48CS016
48053,48CS017
48281,48CS017
48299,48CS017
48059,48CS018
48133,48CS018
48253,48CS018
48417,48CS018
48429,48CS018
48061,48CS019
48071,48CS020
48291,48CS020
48073,48CS021
48347,48CS021
48077,48CS022
48097,48CS022
48337,48CS022
48085,48CS023
48091,48CS024
48093,48CS025
48143,48CS025
48425,48CS025
48099,48CS026
48105,48CS027
48271,48CS027
48443,48CS027
48465,48CS027
48107,48CS028
48153,48CS028
48189,48CS028
48437,48CS028
48113,48CS029
48121,48CS030
48127,48CS031
48283,48CS031
48323,48CS031
48047,48CS032
48131,48CS032
48247,48CS032
48249,48CS032
48505,48CS032
48011,48CS033
48023,48CS033
48045,48CS033
48075,48CS033
48101,48CS033
48125,48CS033
48129,48CS033
48155,48CS033
48191,48CS033
48197,48CS033
48207,48CS033
48269,48CS033
48275,48CS033
48345,48CS033
48433,48CS033
48447,48CS033
48487,48CS033
48135,48CS034
48139,48CS035
48141,48CS036
48145,48CS037
48287,48CS037
48331,48CS037
48147,48CS038
48277,48CS038
48387,48CS038
48157,48CS039
48473,48CS039
48161,48CS040
48289,48CS040
48293,48CS040
48349,48CS040
48163,48CS041
48325,48CS041
48463,48CS041
48507,48CS041
48003,48CS042
48115,48CS042
48165,48CS042
48305,48CS042
48317,48CS042
48445,48CS042
48501,48CS042
48167,48CS043
48181,48CS044
48183,48CS045
48187,48CS046
48199,48CS047
48361,48CS047
48201,48CS048
48459,48CS049
48203,48CS049
48209,48CS050
48213,48CS051
48215,48CS052
48221,48CS053
48367,48CS053
48063,48CS054
48119,48CS054
48159,48CS054
48223,48CS054
48449,48CS054
48499,48CS054
48231,48CS055
48397,48CS055
48237,48CS056
48363,48CS056
48497,48CS056
48503,48CS056
48239,48CS057
48321,48CS057
48481,48CS057
48241,48CS058
48351,48CS058
48245,48CS059
48251,48CS060
48257,48CS061
48261,48CS052
48273,48CS052
48489,48CS052
48089,48CS063
48123,48CS063
48149,48CS063
48177,48CS063
48285,48CS063
48303,48CS064
48313,48CS065
48455,48CS065
48471,48CS065
48309,48CS066
48031,48CS067
48081,48CS067
48095,48CS067
48137,48CS067
48171,48CS067
48173,48CS067
48235,48CS067
48267,48CS067
48307,48CS067
48319,48CS067
48327,48CS067
48383,48CS067
48385,48CS067
48399,48CS067
48411,48CS067
48413,48CS067
48431,48CS067
48435,48CS067
48329,48CS068
48339,48CS069
48087,48CS070
48179,48CS070
48195,48CS070
48211,48CS070
48295,48CS070
48357,48CS070
48393,48CS070
48483,48CS070
48065,48CS071
48111,48CS071
48205,48CS071
48233,48CS071
48341,48CS071
48359,48CS071
48421,48CS071
48355,48CS072
48373,48CS073
48407,48CS073
48457,48CS073
48375,48CS074
48379,48CS075
48467,48CS075
48381,48CS076
48409,48CS077
48033,48CS078
48151,48CS078
48169,48CS078
48227,48CS078
48263,48CS078
48335,48CS078
48353,48CS078
48415,48CS078
48365,48CS079
48401,48CS079
48403,48CS079
48405,48CS079
48419,48CS079
48423,48CS080
48427,48CS052
48439,48CS082
48441,48CS083
48451,48CS084
48453,48CS085
48469,48CS086
48479,48CS087
48017,48CS088
48069,48CS088
48079,48CS088
48117,48CS088
48219,48CS088
48279,48CS088
48369,48CS088
48043,48CS089
48103,48CS089
48109,48CS089
48229,48CS089
48243,48CS089
48301,48CS089
48371,48CS089
48377,48CS089
48389,48CS089
48461,48CS089
48475,48CS089
48495,48CS089
48491,48CS090
49001,49CS001
49021,49CS001
49027,49CS001
49003,49CS002
49005,49CS002
49033,49CS002
49007,49CS003
49009,49CS003
49013,49CS003
49047,49CS003
49011,49CS004
49023,49CS005
49039,49CS005
49045,49CS005
49029,49CS007
49043,49CS007
49051,49CS007
49035,49CS007
49049,49CS008
49053,49CS009
49025,49CS010
49015,49CS010
49017,49CS010
49019,49CS010
49031,49CS010
49037,49CS010
49041,49CS010
49055,49CS010
49057,49CS011
50001,50CS001
50007,50CS001
50003,50CS002
50025,50CS002
50005,50CS003
50009,50CS003
50017,50CS003
50011,50CS004
50013,50CS004
50015,50CS005
50019,50CS005
50023,50CS005
50021,50CS006
50027,50CS007
51001,51CS001
51131,51CS001
51003,51CS002
51065,51CS002
51079,51CS002
51540,51CS002
51510,51CS003
51005,51CS004
51017,51CS004
51023,51CS004
51091,51CS004
51163,51CS004
51580,51CS004
51007,51CS005
51025,51CS005
51111,51CS005
51135,51CS005
51009,51CS006
51125,51CS006
51680,51CS006
51011,51CS007
51031,51CS007
51013,51CS008
51015,51CS009
51163,51CS009
51530,51CS009
51678,51CS009
51790,51CS009
51820,51CS009
51019,51CS010
51019,51CS010
51021,51CS011
51173,51CS011
51197,51CS011
51027,51CS012
51051,51CS012
51167,51CS012
51185,51CS012
51029,51CS013
51037,51CS013
51049,51CS013
51147,51CS013
51035,51CS014
51077,51CS014
51640,51CS014
51036,51CS015
51075,51CS015
51087,51CS015
51127,51CS015
51550,51CS016
51041,51CS017
51145,51CS017
51570,51CS017
51043,51CS018
51061,51CS018
51187,51CS018
51045,51CS019
51067,51CS019
51161,51CS019
51775,51CS019
51047,51CS020
51113,51CS020
51157,51CS020
51053,51CS021
51730,51CS021
51059,51CS022
51600,51CS022
51610,51CS022
51063,51CS023
51071,51CS023
51121,51CS023
51069,51CS024
51840,51CS024
51083,51CS025
51117,51CS025
51650,51CS026
51735,51CS026
51085,51CS027
51089,51CS028
51141,51CS028
51690,51CS028
51095,51CS029
51830,51CS029
51033,51CS030
51057,51CS030
51073,51CS030
51097,51CS030
51101,51CS030
51115,51CS030
51119,51CS030
51105,51CS031
51169,51CS031
51195,51CS031
51720,51CS031
51107,51CS032
51109,51CS033
51137,51CS033
51700,51CS052
51710,51CS035
51139,51CS036
51171,51CS036
51143,51CS037
51590,51CS037
51740,51CS038
51149,51CS039
51670,51CS039
51153,51CS040
51683,51CS040
51685,51CS040
51155,51CS041
51750,51CS041
51760,51CS042
51770,51CS043
51165,51CS044
51660,51CS044
51081,51CS045
51093,51CS045
51175,51CS045
51181,51CS045
51183,51CS045
51595,51CS045
51620,51CS045
51177,51CS046
51630,51CS046
51179,51CS047
51800,51CS048
51810,51CS049
51191,51CS050
51520,51CS050
51099,51CS051
51103,51CS051
51133,51CS051
51159,51CS051
51193,51CS051
51199,51CS052
53001,53CS001
53025,53CS001
53003,53CS002
53023,53CS002
53075,53CS002
53005,53CS003
53021,53CS003
53007,53CS004
53037,53CS004
53009,53CS005
53031,53CS005
53011,53CS006
53013,53CS007
53071,53CS007
53015,53CS008
53039,53CS008
53059,53CS008
53069,53CS008
53017,53CS009
53047,53CS009
53019,53CS010
53043,53CS010
53051,53CS010
53065,53CS010
53027,53CS011
53045,53CS011
53049,53CS011
53029,53CS012
53033,53CS013
53035,53CS014
53041,53CS015
53053,53CS016
53055,53CS017
53057,53CS017
53061,53CS018
53063,53CS019
53067,53CS020
53073,53CS021
53077,53CS022
54001,54CS001
54075,54CS001
54083,54CS001
54093,54CS001
54003,54CS002
54037,54CS002
54065,54CS002
54005,54CS003
54081,54CS003
54007,54CS004
54021,54CS004
54041,54CS004
54097,54CS004
54009,54CS005
54029,54CS005
54011,54CS006
54099,54CS006
54015,54CS007
54019,54CS007
54067,54CS007
54101,54CS007
54025,54CS008
54063,54CS008
54089,54CS008
54023,54CS009
54027,54CS009
54031,54CS009
54057,54CS009
54071,54CS009
54033,54CS010
54091,54CS010
54013,54CS011
54035,54CS011
54053,54CS011
54087,54CS011
54105,54CS011
54039,54CS012
54043,54CS013
54045,54CS013
54059,54CS013
54049,54CS014
54051,54CS015
54069,54CS015
54047,54CS016
54109,54CS016
54055,54CS017
54061,54CS018
54077,54CS018
54079,54CS019
54017,54CS020
54073,54CS020
54085,54CS020
54095,54CS020
54103,54CS020
54107,54CS021
55001,55CS001
55057,55CS001
55081,55CS001
55123,55CS001
55003,55CS002
55007,55CS002
55031,55CS002
55099,55CS002
55005,55CS003
55113,55CS003
55129,55CS003
55009,55CS004
55011,55CS005
55053,55CS005
55091,55CS005
55121,55CS005
55013,55CS006
55095,55CS006
55015,55CS007
55139,55CS007
55017,55CS008
55107,55CS008
55019,55CS009
55119,55CS009
55021,55CS010
55023,55CS011
55043,55CS011
55103,55CS011
55025,55CS012
55027,55CS013
55029,55CS014
55061,55CS014
55071,55CS014
55033,55CS015
55035,55CS015
55037,55CS016
55041,55CS016
55075,55CS016
55083,55CS016
55039,55CS017
55045,55CS018
55049,55CS018
55065,55CS018
55047,55CS019
55077,55CS019
55137,55CS019
55051,55CS020
55085,55CS020
55125,55CS020
55055,55CS021
55059,55CS022
55063,55CS023
55067,55CS024
55069,55CS024
55078,55CS024
55115,55CS024
55073,55CS025
55079,55CS026
55087,55CS027
55089,55CS028
55093,55CS029
55109,55CS029
55097,55CS030
55101,55CS031
55105,55CS032
55111,55CS033
55117,55CS034
55127,55CS035
55131,55CS036
55133,55CS037
55135,55CS038
55141,55CS039
56003,56CS001
56017,56CS001
56029,56CS001
56043,56CS001
56013,56CS002
56023,56CS002
56035,56CS002
56039,56CS002
56021,56CS003
56025,56CS004
56005,56CS005
56011,56CS005
56019,56CS005
56033,56CS005
56045,56CS005
56001,56CS006
56007,56CS006
56009,56CS006
56015,56CS006
56027,56CS006
56031,56CS006
56037,56CS007
56041,56CS007
02282,02CS005
02290,02CS004
72001,12CS032
72003,12CS032
72005,12CS032
72007,12CS032
72009,12CS032
72011,12CS032
72013,12CS032
72015,12CS032
72017,12CS032
72019,12CS032
72021,12CS032
72023,12CS032
72025,12CS032
72027,12CS032
72029,12CS032
72031,12CS032
72033,12CS032
72035,12CS032
72037,12CS032
72039,12CS032
72041,12CS032
72043,12CS032
72045,12CS032
72047,12CS032
72049,12CS032
72051,12CS032
72053,12CS032
72054,12CS032
72055,12CS032
72057,12CS032
72059,12CS032
72061,12CS032
72063,12CS032
72065,12CS032
72067,12CS032
72069,12CS032
72071,12CS032
72073,12CS032
72075,12CS032
72077,12CS032
72079,12CS032
72081,12CS032
72083,12CS032
72085,12CS032
72087,12CS032
72089,12CS032
72091,12CS032
72093,12CS032
72095,12CS032
72097,12CS032
72099,12CS032
72101,12CS032
72103,12CS032
72105,12CS032
72107,12CS032
72109,12CS032
72111,12CS032
72113,12CS032
72115,12CS032
72117,12CS032
72119,12CS032
72121,12CS032
72123,12CS032
72125,12CS032
72127,12CS032
72129,12CS032
72131,12CS032
72133,12CS032
72135,12CS032
72137,12CS032
72139,12CS032
72141,12CS032
72143,12CS032
72145,12CS032
72147,12CS032
72149,12CS032
72151,12CS032
72153,12CS032
