fips,cluster,period
12099,C17,2018_2022
45019,C176,2018_2022
48027,C242,2018_2022
37051,C213,2018_2022
23019,C364,2018_2022
06037,C1,2018_2022
08101,C310,2018_2022
51087,C199,2018_2022
29105,C1211,2018_2022
25017,C28,2018_2022
48483,C2515,2018_2022
37081,C120,2018_2022
47093,C113,2018_2022
37021,C230,2018_2022
48063,C2100,2018_2022
36087,C254,2018_2022
17031,C2,2018_2022
48439,C20,2018_2022
36029,C39,2018_2022
17167,C311,2018_2022
12103,C26,2018_2022
20169,C903,2018_2022
11001,C110,2018_2022
06053,C236,2018_2022
42069,C237,2018_2022
12009,C55,2018_2022
25005,C101,2018_2022
08069,C256,2018_2022
20173,C112,2018_2022
39033,C935,2018_2022
40081,C1226,2018_2022
39159,C1191,2018_2022
26125,C32,2018_2022
22073,C368,2018_2022
12069,C126,2018_2022
33015,C235,2018_2022
36023,C1162,2018_2022
28069,C630,2018_2022
06085,C37,2018_2022
36003,C1080,2018_2022
35006,C590,2018_2022
29183,C193,2018_2022
39017,C167,2018_2022
18097,C45,2018_2022
19067,C2035,2018_2022
06047,C319,2018_2022
33003,C990,2018_2022
25021,C94,2018_2022
06025,C439,2018_2022
25015,C478,2018_2022
12111,C165,2018_2022
37071,C224,2018_2022
48203,C803,2018_2022
32003,C10,2018_2022
20091,C141,2018_2022
12055,C361,2018_2022
48215,C104,2018_2022
25027,C65,2018_2022
22051,C132,2018_2022
18029,C1062,2018_2022
06007,C283,2018_2022
53061,C92,2018_2022
40109,C58,2018_2022
21111,C49,2018_2022
04019,C34,2018_2022
10005,C207,2018_2022
22033,C148,2018_2022
34029,C64,2018_2022
18127,C370,2018_2022
42129,C130,2018_2022
12073,C287,2018_2022
36061,C33,2018_2022
08085,C1114,2018_2022
41019,C421,2018_2022
51069,C748,2018_2022
04013,C3,2018_2022
39139,C409,2018_2022
34027,C152,2018_2022
13289,C2260,2018_2022
55079,C46,2018_2022
08077,C376,2018_2022
40027,C272,2018_2022
12086,C6,2018_2022
19137,C2220,2018_2022
17163,C223,2018_2022
29143,C1522,2018_2022
06065,C11,2018_2022
05045,C578,2018_2022
55059,C415,2018_2022
12127,C60,2018_2022
37129,C303,2018_2022
28035,C773,2018_2022
06083,C192,2018_2022
06019,C59,2018_2022
42101,C19,2018_2022
45003,C306,2018_2022
25009,C70,2018_2022
45057,C607,2018_2022
35001,C80,2018_2022
06077,C91,2018_2022
12085,C297,2018_2022
33009,C700,2018_2022
41043,C428,2018_2022
01097,C128,2018_2022
05031,C617,2018_2022
23029,C1107,2018_2022
34033,C753,2018_2022
06081,C129,2018_2022
24027,C341,2018_2022
36067,C133,2018_2022
36103,C25,2018_2022
41027,C2074,2018_2022
29510,C197,2018_2022
53045,C800,2018_2022
37179,C393,2018_2022
06059,C7,2018_2022
13285,C757,2018_2022
36009,C626,2018_2022
44007,C96,2018_2022
42003,C23,2018_2022
47033,C1971,2018_2022
39099,C195,2018_2022
36051,C975,2018_2022
36063,C240,2018_2022
48485,C435,2018_2022
28127,C1401,2018_2022
51125,C2016,2018_2022
48201,C4,2018_2022
19043,C1928,2018_2022
48489,C1884,2018_2022
48491,C186,2018_2022
06107,C185,2018_2022
20079,C1214,2018_2022
51095,C695,2018_2022
15003,C54,2018_2022
30063,C685,2018_2022
41005,C182,2018_2022
06087,C353,2018_2022
06089,C264,2018_2022
40055,C2505,2018_2022
21109,C2049,2018_2022
27153,C1887,2018_2022
26163,C9,2018_2022
47075,C1645,2018_2022
17027,C1457,2018_2022
36055,C71,2018_2022
36081,C15,2018_2022
22017,C200,2018_2022
01073,C61,2018_2022
51143,C403,2018_2022
06079,C258,2018_2022
29095,C76,2018_2022
40143,C82,2018_2022
09011,C234,2018_2022
36047,C12,2018_2022
12001,C299,2018_2022
26099,C40,2018_2022
21073,C884,2018_2022
18027,C1467,2018_2022
12119,C273,2018_2022
42071,C105,2018_2022
48029,C18,2018_2022
06113,C454,2018_2022
12071,C56,2018_2022
40113,C1108,2018_2022
33001,C794,2018_2022
06067,C27,2018_2022
48355,C187,2018_2022
46039,C2457,2018_2022
56021,C629,2018_2022
18011,C971,2018_2022
17117,C936,2018_2022
45055,C798,2018_2022
33011,C174,2018_2022
17043,C77,2018_2022
48113,C13,2018_2022
20209,C431,2018_2022
23027,C1231,2018_2022
18047,C1827,2018_2022
05091,C1003,2018_2022
25001,C202,2018_2022
37013,C948,2018_2022
35039,C1092,2018_2022
18173,C870,2018_2022
12031,C43,2018_2022
34003,C63,2018_2022
10003,C107,2018_2022
04015,C166,2018_2022
19181,C1265,2018_2022
48167,C206,2018_2022
04021,C161,2018_2022
21189,C2321,2018_2022
18163,C296,2018_2022
20037,C1126,2018_2022
37119,C72,2018_2022
34039,C143,2018_2022
22117,C880,2018_2022
24031,C24,2018_2022
05097,C2069,2018_2022
47141,C648,2018_2022
08001,C8,2018_2022
48479,C402,2018_2022
08041,C102,2018_2022
13067,C124,2018_2022
12061,C265,2018_2022
51800,C675,2018_2022
21003,C1727,2018_2022
55133,C168,2018_2022
20045,C750,2018_2022
20035,C1190,2018_2022
27067,C1291,2018_2022
45041,C373,2018_2022
28087,C859,2018_2022
47125,C411,2018_2022
48251,C398,2018_2022
12105,C53,2018_2022
42079,C142,2018_2022
06111,C89,2018_2022
42019,C295,2018_2022
49057,C338,2018_2022
09001,C69,2018_2022
24005,C47,2018_2022
17161,C383,2018_2022
17105,C1164,2018_2022
39173,C524,2018_2022
21097,C1824,2018_2022
12097,C227,2018_2022
42041,C257,2018_2022
18043,C694,2018_2022
27123,C134,2018_2022
42005,C699,2018_2022
26035,C1121,2018_2022
17101,C1994,2018_2022
48339,C139,2018_2022
20051,C1832,2018_2022
16075,C1706,2018_2022
39049,C36,2018_2022
22105,C448,2018_2022
20029,C2282,2018_2022
39061,C50,2018_2022
51059,C98,2018_2022
26083,C1398,2018_2022
39041,C481,2018_2022
47115,C1362,2018_2022
12017,C210,2018_2022
12057,C29,2018_2022
24510,C75,2018_2022
45063,C218,2018_2022
16027,C359,2018_2022
49005,C931,2018_2022
01089,C184,2018_2022
53027,C683,2018_2022
26081,C111,2018_2022
37183,C88,2018_2022
05051,C436,2018_2022
30013,C663,2018_2022
18141,C222,2018_2022
26021,C343,2018_2022
24021,C324,2018_2022
26019,C1813,2018_2022
47157,C42,2018_2022
40095,C1805,2018_2022
17183,C597,2018_2022
17089,C180,2018_2022
25023,C116,2018_2022
55115,C1030,2018_2022
48375,C447,2018_2022
37171,C624,2018_2022
48291,C701,2018_2022
39019,C1492,2018_2022
13135,C125,2018_2022
18023,C1334,2018_2022
17197,C109,2018_2022
49053,C426,2018_2022
48097,C1229,2018_2022
06001,C38,2018_2022
21117,C427,2018_2022
39083,C861,2018_2022
12011,C16,2018_2022
06095,C170,2018_2022
42049,C204,2018_2022
48139,C437,2018_2022
36059,C30,2018_2022
17119,C198,2018_2022
17097,C119,2018_2022
19073,C2341,2018_2022
06013,C52,2018_2022
13063,C302,2018_2022
36007,C290,2018_2022
45091,C268,2018_2022
13047,C818,2018_2022
48217,C1095,2018_2022
09013,C545,2018_2022
24041,C1084,2018_2022
51019,C676,2018_2022
40019,C917,2018_2022
46079,C2477,2018_2022
25011,C824,2018_2022
37151,C360,2018_2022
09005,C329,2018_2022
18055,C1283,2018_2022
12115,C86,2018_2022
45075,C523,2018_2022
45077,C457,2018_2022
19087,C1807,2018_2022
48493,C1148,2018_2022
41039,C160,2018_2022
28047,C259,2018_2022
39025,C301,2018_2022
48497,C853,2018_2022
39035,C21,2018_2022
12083,C99,2018_2022
13189,C1705,2018_2022
51047,C1100,2018_2022
48381,C503,2018_2022
01061,C1242,2018_2022
48141,C78,2018_2022
40101,C660,2018_2022
42047,C1343,2018_2022
24009,C781,2018_2022
09003,C48,2018_2022
44009,C482,2018_2022
51710,C298,2018_2022
26121,C358,2018_2022
06073,C5,2018_2022
48121,C138,2018_2022
48451,C536,2018_2022
29099,C285,2018_2022
41067,C172,2018_2022
47009,C397,2018_2022
05125,C507,2018_2022
53025,C760,2018_2022
22071,C173,2018_2022
29007,C1617,2018_2022
28029,C1386,2018_2022
12101,C74,2018_2022
36091,C309,2018_2022
34031,C155,2018_2022
39153,C85,2018_2022
24013,C395,2018_2022
47001,C581,2018_2022
12091,C316,2018_2022
47065,C156,2018_2022
35009,C1146,2018_2022
29189,C35,2018_2022
12021,C159,2018_2022
26037,C865,2018_2022
24037,C680,2018_2022
53077,C277,2018_2022
46121,C2454,2018_2022
37195,C609,2018_2022
42091,C57,2018_2022
48469,C693,2018_2022
47037,C97,2018_2022
37057,C305,2018_2022
05119,C154,2018_2022
26107,C1262,2018_2022
27025,C1279,2018_2022
39095,C117,2018_2022
19193,C636,2018_2022
28043,C1479,2018_2022
36035,C891,2018_2022
26077,C267,2018_2022
41003,C946,2018_2022
18089,C103,2018_2022
42121,C826,2018_2022
02122,C1197,2018_2022
19155,C623,2018_2022
37167,C756,2018_2022
18057,C307,2018_2022
17201,C201,2018_2022
22097,C587,2018_2022
39015,C959,2018_2022
34021,C203,2018_2022
29175,C1667,2018_2022
27043,C2079,2018_2022
48187,C479,2018_2022
06071,C14,2018_2022
21015,C615,2018_2022
21199,C711,2018_2022
28013,C2060,2018_2022
29019,C504,2018_2022
27101,C2131,2018_2022
42067,C1609,2018_2022
44001,C1082,2018_2022
04003,C434,2018_2022
05131,C451,2018_2022
51760,C300,2018_2022
48341,C2135,2018_2022
21173,C1445,2018_2022
18113,C1138,2018_2022
21157,C1224,2018_2022
42083,C968,2018_2022
42029,C151,2018_2022
02090,C1073,2018_2022
28107,C1294,2018_2022
49035,C68,2018_2022
19179,C1218,2018_2022
24047,C856,2018_2022
31027,C2351,2018_2022
40153,C1915,2018_2022
13009,C1140,2018_2022
13249,C2241,2018_2022
54003,C498,2018_2022
33007,C1111,2018_2022
46099,C399,2018_2022
01081,C512,2018_2022
36111,C339,2018_2022
42017,C84,2018_2022
48005,C620,2018_2022
24003,C135,2018_2022
47045,C1039,2018_2022
16083,C704,2018_2022
41059,C770,2018_2022
42045,C100,2018_2022
21227,C580,2018_2022
21087,C2087,2018_2022
37001,C346,2018_2022
29065,C1893,2018_2022
50007,C511,2018_2022
26041,C1115,2018_2022
26047,C1364,2018_2022
27053,C41,2018_2022
45045,C122,2018_2022
29037,C577,2018_2022
37063,C288,2018_2022
36005,C31,2018_2022
12121,C932,2018_2022
22103,C241,2018_2022
06099,C127,2018_2022
46057,C2477,2018_2022
36119,C62,2018_2022
36037,C930,2018_2022
39115,C1955,2018_2022
19033,C1033,2018_2022
34025,C95,2018_2022
41015,C1206,2018_2022
39011,C1074,2018_2022
50017,C1589,2018_2022
18063,C471,2018_2022
45083,C181,2018_2022
37187,C2211,2018_2022
47179,C404,2018_2022
34013,C81,2018_2022
42095,C194,2018_2022
48337,C1554,2018_2022
37059,C1063,2018_2022
41051,C90,2018_2022
53067,C247,2018_2022
47185,C1318,2018_2022
16011,C1320,2018_2022
37041,C1869,2018_2022
29039,C2007,2018_2022
51153,C249,2018_2022
42065,C995,2018_2022
48453,C83,2018_2022
39113,C79,2018_2022
06045,C666,2018_2022
01001,C966,2018_2022
56013,C1047,2018_2022
53053,C67,2018_2022
22111,C1438,2018_2022
31155,C1787,2018_2022
47167,C896,2018_2022
26063,C1134,2018_2022
55055,C779,2018_2022
39155,C220,2018_2022
29131,C1562,2018_2022
21239,C1728,2018_2022
42107,C315,2018_2022
06075,C93,2018_2022
39079,C1202,2018_2022
12053,C211,2018_2022
23031,C270,2018_2022
13245,C282,2018_2022
37117,C1395,2018_2022
08035,C362,2018_2022
32023,C687,2018_2022
06017,C384,2018_2022
55081,C1131,2018_2022
12063,C871,2018_2022
54059,C1354,2018_2022
48409,C864,2018_2022
26079,C1907,2018_2022
22063,C494,2018_2022
36039,C1049,2018_2022
41071,C647,2018_2022
13021,C326,2018_2022
30051,C2226,2018_2022
48093,C1932,2018_2022
12037,C1575,2018_2022
01065,C2017,2018_2022
12093,C1007,2018_2022
42089,C392,2018_2022
17153,C2438,2018_2022
48061,C191,2018_2022
51179,C716,2018_2022
48171,C1365,2018_2022
48085,C106,2018_2022
12087,C787,2018_2022
01103,C441,2018_2022
26007,C1304,2018_2022
12059,C1548,2018_2022
24001,C642,2018_2022
39089,C333,2018_2022
34017,C145,2018_2022
12027,C1437,2018_2022
47119,C601,2018_2022
18039,C340,2018_2022
28075,C630,2018_2022
54049,C823,2018_2022
19103,C738,2018_2022
35017,C1315,2018_2022
36105,C758,2018_2022
06055,C513,2018_2022
13139,C374,2018_2022
48245,C238,2018_2022
23005,C221,2018_2022
25013,C118,2018_2022
13089,C114,2018_2022
53063,C123,2018_2022
29209,C1220,2018_2022
37025,C344,2018_2022
13257,C1293,2018_2022
48387,C1948,2018_2022
46111,C2142,2018_2022
18081,C440,2018_2022
37067,C169,2018_2022
28139,C1680,2018_2022
48423,C271,2018_2022
45065,C2160,2018_2022
27139,C805,2018_2022
05001,C1771,2018_2022
36101,C556,2018_2022
12095,C44,2018_2022
20125,C1238,2018_2022
53033,C22,2018_2022
36021,C860,2018_2022
34005,C149,2018_2022
39165,C321,2018_2022
01101,C275,2018_2022
25025,C121,2018_2022
24025,C279,2018_2022
55045,C1407,2018_2022
13095,C613,2018_2022
21107,C907,2018_2022
37193,C689,2018_2022
39129,C877,2018_2022
54011,C463,2018_2022
49041,C2046,2018_2022
36013,C418,2018_2022
56001,C1916,2018_2022
36065,C244,2018_2022
34041,C612,2018_2022
17005,C2059,2018_2022
06101,C712,2018_2022
51550,C304,2018_2022
26147,C327,2018_2022
51199,C292,2018_2022
37157,C468,2018_2022
36001,C228,2018_2022
26091,C583,2018_2022
05099,C2192,2018_2022
22045,C759,2018_2022
55025,C183,2018_2022
21071,C906,2018_2022
29047,C325,2018_2022
13233,C1010,2018_2022
42125,C245,2018_2022
17115,C501,2018_2022
28061,C1851,2018_2022
35055,C1393,2018_2022
13165,C961,2018_2022
28071,C1344,2018_2022
13291,C1400,2018_2022
13153,C455,2018_2022
13045,C516,2018_2022
37145,C1155,2018_2022
19017,C1803,2018_2022
22109,C550,2018_2022
13097,C591,2018_2022
19061,C625,2018_2022
13225,C1544,2018_2022
51083,C1029,2018_2022
38005,C2234,2018_2022
12081,C137,2018_2022
42063,C639,2018_2022
48463,C1565,2018_2022
06039,C531,2018_2022
18053,C653,2018_2022
34015,C219,2018_2022
48363,C1397,2018_2022
05089,C1694,2018_2022
20095,C1964,2018_2022
44005,C775,2018_2022
13121,C66,2018_2022
48299,C1422,2018_2022
06057,C585,2018_2022
48189,C1425,2018_2022
22027,C2002,2018_2022
48183,C429,2018_2022
01055,C414,2018_2022
37047,C769,2018_2022
01019,C1347,2018_2022
48039,C232,2018_2022
29109,C1081,2018_2022
51003,C519,2018_2022
18157,C492,2018_2022
12015,C217,2018_2022
27003,C252,2018_2022
13227,C1323,2018_2022
06031,C652,2018_2022
39087,C661,2018_2022
40147,C821,2018_2022
37133,C474,2018_2022
51013,C633,2018_2022
54029,C1123,2018_2022
45035,C483,2018_2022
23025,C914,2018_2022
46011,C1983,2018_2022
09009,C51,2018_2022
39003,C532,2018_2022
08017,C2126,2018_2022
48455,C1811,2018_2022
38017,C526,2018_2022
19127,C1055,2018_2022
17091,C521,2018_2022
36071,C209,2018_2022
40121,C876,2018_2022
51167,C1310,2018_2022
19013,C480,2018_2022
55087,C417,2018_2022
39151,C131,2018_2022
55085,C1086,2018_2022
29195,C1644,2018_2022
22057,C654,2018_2022
48071,C1556,2018_2022
48459,C1076,2018_2022
48297,C864,2018_2022
01043,C554,2018_2022
48441,C422,2018_2022
51041,C214,2018_2022
47089,C810,2018_2022
51165,C541,2018_2022
28067,C710,2018_2022
53073,C351,2018_2022
51810,C178,2018_2022
22115,C1091,2018_2022
29179,C2228,2018_2022
17055,C957,2018_2022
27097,C1461,2018_2022
36025,C958,2018_2022
48303,C215,2018_2022
06061,C177,2018_2022
48285,C1843,2018_2022
05107,C1677,2018_2022
37155,C416,2018_2022
37101,C371,2018_2022
55029,C1377,2018_2022
05101,C2334,2018_2022
29027,C1177,2018_2022
26139,C281,2018_2022
01117,C377,2018_2022
28049,C253,2018_2022
29023,C836,2018_2022
23001,C517,2018_2022
21151,C690,2018_2022
26141,C1962,2018_2022
55111,C887,2018_2022
34019,C668,2018_2022
13091,C1779,2018_2022
06091,C144,2018_2022
36049,C1731,2018_2022
18017,C1324,2018_2022
28117,C1450,2018_2022
45051,C140,2018_2022
24023,C1384,2018_2022
13127,C637,2018_2022
36045,C664,2018_2022
34007,C108,2018_2022
42117,C1132,2018_2022
13297,C605,2018_2022
51117,C1139,2018_2022
06097,C147,2018_2022
21171,C1018,2018_2022
22047,C1367,2018_2022
39057,C367,2018_2022
41029,C243,2018_2022
37019,C365,2018_2022
34035,C248,2018_2022
20167,C2414,2018_2022
05035,C998,2018_2022
01069,C509,2018_2022
41047,C205,2018_2022
34001,C208,2018_2022
27095,C1560,2018_2022
53005,C375,2018_2022
51155,C1210,2018_2022
47073,C764,2018_2022
37049,C527,2018_2022
51105,C1441,2018_2022
30017,C2257,2018_2022
25003,C412,2018_2022
01107,C1767,2018_2022
28003,C1193,2018_2022
37191,C444,2018_2022
48123,C1817,2018_2022
17069,C2099,2018_2022
15005,C508,2018_2022
37159,C350,2018_2022
13223,C562,2018_2022
39009,C1054,2018_2022
48231,C595,2018_2022
12113,C369,2018_2022
08003,C2262,2018_2022
27137,C284,2018_2022
26155,C788,2018_2022
26075,C345,2018_2022
29145,C838,2018_2022
47011,C499,2018_2022
40135,C919,2018_2022
29115,C2194,2018_2022
26113,C1961,2018_2022
18051,C1409,2018_2022
54039,C226,2018_2022
39045,C433,2018_2022
48135,C462,2018_2022
17081,C1106,2018_2022
37099,C1307,2018_2022
37163,C789,2018_2022
55033,C1443,2018_2022
26159,C721,2018_2022
26093,C394,2018_2022
32031,C144,2018_2022
01099,C1651,2018_2022
56041,C2266,2018_2022
20099,C1713,2018_2022
36093,C408,2018_2022
35031,C725,2018_2022
55105,C391,2018_2022
12109,C276,2018_2022
53049,C1469,2018_2022
28095,C1133,2018_2022
18067,C596,2018_2022
48329,C510,2018_2022
40137,C967,2018_2022
53029,C741,2018_2022
20021,C1653,2018_2022
13175,C888,2018_2022
17157,C1373,2018_2022
37017,C1241,2018_2022
12041,C1867,2018_2022
06029,C73,2018_2022
04005,C627,2018_2022
51195,C1044,2018_2022
19089,C2223,2018_2022
22095,C1361,2018_2022
13039,C1336,2018_2022
27009,C1366,2018_2022
54107,C582,2018_2022
36117,C649,2018_2022
36053,C866,2018_2022
18105,C573,2018_2022
51099,C2004,2018_2022
39133,C381,2018_2022
05015,C1463,2018_2022
27163,C366,2018_2022
39093,C189,2018_2022
41011,C671,2018_2022
47117,C1340,2018_2022
26137,C1648,2018_2022
35025,C924,2018_2022
48099,C978,2018_2022
20177,C308,2018_2022
51177,C502,2018_2022
49049,C212,2018_2022
55113,C1844,2018_2022
17113,C495,2018_2022
55078,C1030,2018_2022
47097,C1516,2018_2022
12117,C164,2018_2022
19037,C2223,2018_2022
17147,C446,2018_2022
37139,C1275,2018_2022
13217,C604,2018_2022
31025,C1840,2018_2022
20201,C2458,2018_2022
28121,C467,2018_2022
35013,C322,2018_2022
39013,C656,2018_2022
53035,C261,2018_2022
17095,C807,2018_2022
37045,C465,2018_2022
34023,C87,2018_2022
41033,C488,2018_2022
01003,C246,2018_2022
16001,C179,2018_2022
47039,C1170,2018_2022
42055,C352,2018_2022
31067,C1592,2018_2022
48449,C1578,2018_2022
05067,C1819,2018_2022
51009,C1360,2018_2022
48059,C2045,2018_2022
39007,C496,2018_2022
34009,C490,2018_2022
51650,C460,2018_2022
26151,C1035,2018_2022
40023,C1926,2018_2022
47165,C354,2018_2022
38025,C2398,2018_2022
42073,C473,2018_2022
36085,C157,2018_2022
51107,C390,2018_2022
49037,C2308,2018_2022
17129,C311,2018_2022
20157,C2458,2018_2022
13295,C673,2018_2022
17047,C2303,2018_2022
18095,C382,2018_2022
48379,C595,2018_2022
48365,C1577,2018_2022
35045,C477,2018_2022
17029,C999,2018_2022
31109,C262,2018_2022
13051,C229,2018_2022
17079,C2085,2018_2022
27157,C2092,2018_2022
48157,C158,2018_2022
47113,C533,2018_2022
36027,C233,2018_2022
05049,C2025,2018_2022
37147,C438,2018_2022
20115,C2147,2018_2022
22019,C289,2018_2022
48179,C1784,2018_2022
36097,C1865,2018_2022
27059,C1387,2018_2022
21089,C1056,2018_2022
47189,C469,2018_2022
53011,C153,2018_2022
37161,C665,2018_2022
27113,C2349,2018_2022
19031,C318,2018_2022
04017,C442,2018_2022
13277,C1064,2018_2022
29181,C2028,2018_2022
42133,C136,2018_2022
01033,C766,2018_2022
51680,C713,2018_2022
49007,C1834,2018_2022
55035,C697,2018_2022
21045,C1985,2018_2022
24011,C1369,2018_2022
06093,C947,2018_2022
40149,C2124,2018_2022
38059,C1477,2018_2022
12131,C761,2018_2022
44003,C347,2018_2022
21113,C1087,2018_2022
26053,C1842,2018_2022
48309,C250,2018_2022
51001,C1149,2018_2022
13115,C534,2018_2022
19039,C2354,2018_2022
51109,C1258,2018_2022
41017,C407,2018_2022
28113,C1013,2018_2022
19093,C2103,2018_2022
47155,C525,2018_2022
29127,C1459,2018_2022
13123,C1278,2018_2022
01015,C413,2018_2022
48161,C1777,2018_2022
26025,C385,2018_2022
42025,C731,2018_2022
26005,C588,2018_2022
55063,C616,2018_2022
42075,C378,2018_2022
28149,C937,2018_2022
55131,C497,2018_2022
45043,C669,2018_2022
17135,C1380,2018_2022
50011,C1137,2018_2022
48037,C565,2018_2022
12023,C691,2018_2022
48209,C456,2018_2022
12005,C313,2018_2022
22121,C1902,2018_2022
48175,C2176,2018_2022
12075,C954,2018_2022
56025,C743,2018_2022
35035,C852,2018_2022
46005,C2142,2018_2022
29077,C196,2018_2022
19023,C2071,2018_2022
13057,C356,2018_2022
29121,C1833,2018_2022
54019,C840,2018_2022
35043,C472,2018_2022
01059,C1212,2018_2022
21067,C239,2018_2022
19133,C2297,2018_2022
05093,C1025,2018_2022
18177,C686,2018_2022
49047,C1761,2018_2022
29071,C552,2018_2022
42093,C1821,2018_2022
48041,C485,2018_2022
42085,C420,2018_2022
37003,C1182,2018_2022
48199,C897,2018_2022
46013,C1523,2018_2022
48001,C857,2018_2022
21233,C2287,2018_2022
33019,C1135,2018_2022
06021,C1652,2018_2022
27035,C863,2018_2022
40097,C1075,2018_2022
18099,C1032,2018_2022
13073,C537,2018_2022
01131,C2138,2018_2022
26087,C655,2018_2022
42123,C992,2018_2022
06015,C1466,2018_2022
17137,C1243,2018_2022
16031,C1927,2018_2022
54081,C528,2018_2022
29155,C1701,2018_2022
47003,C1002,2018_2022
48267,C790,2018_2022
31055,C146,2018_2022
39081,C657,2018_2022
19149,C1816,2018_2022
47131,C1194,2018_2022
47163,C269,2018_2022
53065,C1085,2018_2022
46033,C598,2018_2022
36109,C848,2018_2022
24043,C357,2018_2022
47051,C987,2018_2022
48281,C1649,2018_2022
39141,C622,2018_2022
45059,C707,2018_2022
30093,C1160,2018_2022
32033,C687,2018_2022
23013,C1119,2018_2022
36011,C726,2018_2022
45089,C1147,2018_2022
47019,C714,2018_2022
45079,C188,2018_2022
30111,C379,2018_2022
39097,C1236,2018_2022
04025,C190,2018_2022
01031,C962,2018_2022
45007,C251,2018_2022
46103,C598,2018_2022
13031,C961,2018_2022
26057,C1122,2018_2022
19055,C318,2018_2022
45031,C634,2018_2022
22087,C1286,2018_2022
18145,C1077,2018_2022
48457,C1585,2018_2022
39023,C330,2018_2022
13273,C2302,2018_2022
48361,C631,2018_2022
55021,C997,2018_2022
24019,C1272,2018_2022
39101,C732,2018_2022
30083,C2468,2018_2022
13237,C1672,2018_2022
17143,C336,2018_2022
53075,C1618,2018_2022
28085,C1152,2018_2022
42097,C548,2018_2022
26129,C1430,2018_2022
53007,C799,2018_2022
08081,C2371,2018_2022
55077,C1989,2018_2022
18169,C1199,2018_2022
51770,C449,2018_2022
21125,C767,2018_2022
32021,C59,2018_2022
54077,C1302,2018_2022
22123,C2243,2018_2022
19163,C386,2018_2022
12033,C163,2018_2022
48249,C1187,2018_2022
39123,C1001,2018_2022
22015,C544,2018_2022
28081,C640,2018_2022
24017,C514,2018_2022
17121,C1021,2018_2022
17191,C1773,2018_2022
51015,C443,2018_2022
54099,C1015,2018_2022
26145,C266,2018_2022
42021,C331,2018_2022
10001,C332,2018_2022
26157,C827,2018_2022
20015,C858,2018_2022
18087,C1615,2018_2022
42115,C1089,2018_2022
13215,C294,2018_2022
47183,C1249,2018_2022
17039,C1970,2018_2022
20147,C2501,2018_2022
37035,C328,2018_2022
18019,C475,2018_2022
47057,C1571,2018_2022
41001,C1744,2018_2022
55009,C286,2018_2022
37087,C717,2018_2022
42043,C231,2018_2022
22055,C323,2018_2022
21135,C570,2018_2022
18119,C1639,2018_2022
22101,C989,2018_2022
26015,C874,2018_2022
29217,C1710,2018_2022
16073,C179,2018_2022
23017,C806,2018_2022
39047,C1374,2018_2022
18003,C175,2018_2022
39109,C505,2018_2022
47159,C1822,2018_2022
18183,C1525,2018_2022
31153,C547,2018_2022
29225,C1274,2018_2022
21085,C1383,2018_2022
37085,C560,2018_2022
31179,C2230,2018_2022
17057,C1097,2018_2022
28045,C1041,2018_2022
55101,C320,2018_2022
53057,C487,2018_2022
28159,C1828,2018_2022
08063,C2485,2018_2022
39131,C1292,2018_2022
37113,C1023,2018_2022
21195,C708,2018_2022
19111,C1192,2018_2022
51610,C98,2018_2022
45013,C342,2018_2022
26049,C115,2018_2022
27037,C216,2018_2022
01013,C1788,2018_2022
29207,C1266,2018_2022
48143,C1499,2018_2022
20103,C830,2018_2022
21051,C1718,2018_2022
40011,C2343,2018_2022
40083,C1322,2018_2022
54061,C786,2018_2022
31053,C1256,2018_2022
06041,C317,2018_2022
05103,C1371,2018_2022
26073,C1072,2018_2022
18037,C1171,2018_2022
13311,C1474,2018_2022
22043,C1849,2018_2022
45047,C644,2018_2022
36075,C549,2018_2022
17007,C1120,2018_2022
54079,C898,2018_2022
37007,C1486,2018_2022
21059,C542,2018_2022
08045,C1391,2018_2022
38077,C2283,2018_2022
23011,C458,2018_2022
06023,C461,2018_2022
13105,C1657,2018_2022
26131,C1398,2018_2022
51079,C2137,2018_2022
39039,C1329,2018_2022
16067,C1921,2018_2022
29091,C951,2018_2022
15001,C349,2018_2022
48369,C1146,2018_2022
18133,C1348,2018_2022
18035,C445,2018_2022
27117,C2363,2018_2022
55001,C1656,2018_2022
28059,C401,2018_2022
19045,C1069,2018_2022
30047,C1598,2018_2022
39143,C837,2018_2022
19153,C162,2018_2022
13263,C294,2018_2022
12123,C1600,2018_2022
55137,C1594,2018_2022
46091,C2283,2018_2022
19001,C2330,2018_2022
13151,C334,2018_2022
02110,C2107,2018_2022
48025,C1588,2018_2022
50001,C1517,2018_2022
47187,C423,2018_2022
18135,C1458,2018_2022
37027,C594,2018_2022
29125,C1065,2018_2022
28025,C1868,2018_2022
19125,C1434,2018_2022
37055,C1359,2018_2022
37109,C651,2018_2022
47059,C568,2018_2022
37097,C363,2018_2022
18167,C538,2018_2022
48147,C1066,2018_2022
21193,C1093,2018_2022
12129,C1575,2018_2022
17145,C1837,2018_2022
27019,C977,2018_2022
37121,C1825,2018_2022
37065,C834,2018_2022
37033,C1608,2018_2022
27155,C2313,2018_2022
48273,C1546,2018_2022
55039,C599,2018_2022
01105,C1034,2018_2022
13069,C1259,2018_2022
27063,C2248,2018_2022
27103,C1839,2018_2022
19049,C994,2018_2022
12035,C424,2018_2022
05143,C348,2018_2022
54075,C2332,2018_2022
48107,C215,2018_2022
32027,C144,2018_2022
37083,C816,2018_2022
39171,C1244,2018_2022
12039,C1078,2018_2022
01051,C688,2018_2022
51510,C795,2018_2022
36083,C410,2018_2022
04001,C667,2018_2022
18041,C1357,2018_2022
20059,C1691,2018_2022
42099,C1104,2018_2022
09015,C546,2018_2022
16051,C2041,2018_2022
28109,C754,2018_2022
29229,C1759,2018_2022
13015,C586,2018_2022
40089,C1185,2018_2022
20111,C1596,2018_2022
42009,C939,2018_2022
55073,C486,2018_2022
21119,C1914,2018_2022
26055,C641,2018_2022
42127,C910,2018_2022
17111,C278,2018_2022
53003,C1762,2018_2022
13017,C1781,2018_2022
08105,C2284,2018_2022
47017,C1170,2018_2022
21019,C855,2018_2022
41035,C718,2018_2022
29083,C1506,2018_2022
48397,C819,2018_2022
51193,C1686,2018_2022
01077,C540,2018_2022
37037,C746,2018_2022
23021,C1794,2018_2022
47013,C886,2018_2022
01115,C610,2018_2022
31139,C2446,2018_2022
51033,C1593,2018_2022
42111,C606,2018_2022
01133,C1351,2018_2022
54035,C1346,2018_2022
13107,C1550,2018_2022
22069,C1204,2018_2022
13103,C982,2018_2022
01125,C314,2018_2022
21209,C1173,2018_2022
18181,C1572,2018_2022
46035,C1924,2018_2022
18065,C893,2018_2022
26111,C730,2018_2022
47149,C263,2018_2022
17165,C1330,2018_2022
27017,C1252,2018_2022
05059,C1150,2018_2022
21095,C1172,2018_2022
55083,C1428,2018_2022
29029,C974,2018_2022
13209,C1483,2018_2022
48185,C1531,2018_2022
39077,C869,2018_2022
40125,C696,2018_2022
26009,C1621,2018_2022
34011,C380,2018_2022
42035,C1176,2018_2022
27109,C558,2018_2022
38015,C727,2018_2022
30049,C904,2018_2022
55139,C400,2018_2022
15007,C1027,2018_2022
42015,C809,2018_2022
13281,C2040,2018_2022
47145,C742,2018_2022
08043,C943,2018_2022
18091,C491,2018_2022
26017,C470,2018_2022
13193,C2241,2018_2022
42077,C171,2018_2022
31175,C2400,2018_2022
51161,C584,2018_2022
01053,C1096,2018_2022
26161,C255,2018_2022
18165,C1952,2018_2022
40107,C650,2018_2022
39065,C1447,2018_2022
24015,C551,2018_2022
37095,C2211,2018_2022
35053,C2140,2018_2022
29097,C453,2018_2022
17019,C446,2018_2022
40139,C2159,2018_2022
13205,C1607,2018_2022
17099,C493,2018_2022
48213,C506,2018_2022
16013,C2181,2018_2022
39103,C372,2018_2022
19123,C1872,2018_2022
05009,C1110,2018_2022
29219,C1432,2018_2022
31061,C2447,2018_2022
27115,C1616,2018_2022
47087,C2143,2018_2022
51035,C1328,2018_2022
17203,C1285,2018_2022
37105,C881,2018_2022
13195,C1569,2018_2022
12029,C1889,2018_2022
18083,C1163,2018_2022
29061,C2214,2018_2022
38045,C2206,2018_2022
18061,C1223,2018_2022
13117,C476,2018_2022
21121,C1169,2018_2022
30029,C618,2018_2022
22003,C1566,2018_2022
28011,C1321,2018_2022
26065,C260,2018_2022
29159,C1205,2018_2022
48471,C921,2018_2022
31001,C1540,2018_2022
36115,C828,2018_2022
49021,C1440,2018_2022
37011,C1953,2018_2022
48265,C790,2018_2022
55097,C1012,2018_2022
55117,C535,2018_2022
18085,C736,2018_2022
01127,C579,2018_2022
37089,C432,2018_2022
53041,C638,2018_2022
51073,C1178,2018_2022
42013,C396,2018_2022
51093,C1300,2018_2022
39085,C225,2018_2022
40061,C2061,2018_2022
49001,C2308,2018_2022
20013,C2295,2018_2022
29059,C1774,2018_2022
45021,C817,2018_2022
19113,C318,2018_2022
42081,C452,2018_2022
42011,C150,2018_2022
22079,C388,2018_2022
42051,C337,2018_2022
40049,C1352,2018_2022
29015,C1491,2018_2022
05135,C1642,2018_2022
18103,C1317,2018_2022
37127,C566,2018_2022
39029,C450,2018_2022
51037,C2083,2018_2022
29113,C1053,2018_2022
22025,C2173,2018_2022
32005,C929,2018_2022
16055,C389,2018_2022
42027,C589,2018_2022
49011,C312,2018_2022
48255,C2176,2018_2022
28051,C1742,2018_2022
40039,C1507,2018_2022
51740,C553,2018_2022
56015,C2227,2018_2022
18159,C1995,2018_2022
54103,C1770,2018_2022
54043,C1534,2018_2022
04012,C280,2018_2022
28101,C1659,2018_2022
47151,C1612,2018_2022
19019,C1905,2018_2022
47083,C2151,2018_2022
33013,C459,2018_2022
01049,C681,2018_2022
05115,C892,2018_2022
19081,C2316,2018_2022
48401,C953,2018_2022
39175,C1712,2018_2022
13071,C976,2018_2022
06005,C1113,2018_2022
40079,C843,2018_2022
45027,C1189,2018_2022
37091,C1576,2018_2022
37023,C564,2018_2022
01079,C1127,2018_2022
26001,C1996,2018_2022
05071,C1629,2018_2022
22029,C1665,2018_2022
38101,C979,2018_2022
28091,C1385,2018_2022
22001,C804,2018_2022
42087,C944,2018_2022
22039,C1219,2018_2022
55017,C927,2018_2022
50015,C1835,2018_2022
23007,C1530,2018_2022
13197,C2412,2018_2022
06115,C883,2018_2022
01095,C518,2018_2022
17001,C737,2018_2022
38103,C2234,2018_2022
26115,C406,2018_2022
48053,C1038,2018_2022
32029,C144,2018_2022
20155,C774,2018_2022
22081,C200,2018_2022
20163,C2501,2018_2022
17103,C1372,2018_2022
55027,C632,2018_2022
21115,C1379,2018_2022
48481,C1168,2018_2022
29017,C674,2018_2022
19189,C2316,2018_2022
45015,C355,2018_2022
22011,C1411,2018_2022
06033,C715,2018_2022
19097,C1812,2018_2022
37093,C1257,2018_2022
37185,C1697,2018_2022
54047,C1418,2018_2022
51031,C922,2018_2022
21009,C1018,2018_2022
29051,C785,2018_2022
55127,C635,2018_2022
28033,C387,2018_2022
47139,C1732,2018_2022
48227,C1368,2018_2022
28105,C1403,2018_2022
21029,C784,2018_2022
32510,C724,2018_2022
48091,C430,2018_2022
20113,C1464,2018_2022
54051,C1247,2018_2022
36015,C600,2018_2022
45085,C515,2018_2022
38035,C1011,2018_2022
17063,C1201,2018_2022
40031,C530,2018_2022
40005,C876,2018_2022
45033,C1326,2018_2022
54083,C1390,2018_2022
48403,C2052,2018_2022
39053,C1325,2018_2022
26011,C1850,2018_2022
19059,C1979,2018_2022
18071,C1125,2018_2022
48367,C466,2018_2022
50005,C1468,2018_2022
55123,C1542,2018_2022
40111,C938,2018_2022
47085,C1801,2018_2022
40037,C650,2018_2022
37009,C1358,2018_2022
06105,C264,2018_2022
40065,C1604,2018_2022
01009,C765,2018_2022
46047,C2411,2018_2022
17155,C2204,2018_2022
53009,C555,2018_2022
21037,C682,2018_2022
28145,C1532,2018_2022
01045,C942,2018_2022
17195,C854,2018_2022
08039,C2126,2018_2022
20193,C2483,2018_2022
45071,C1105,2018_2022
40151,C2355,2018_2022
05111,C1444,2018_2022
37005,C624,2018_2022
37175,C1232,2018_2022
47025,C1203,2018_2022
05085,C783,2018_2022
54001,C1925,2018_2022
30085,C2273,2018_2022
01083,C614,2018_2022
38099,C2331,2018_2022
17193,C1874,2018_2022
54033,C645,2018_2022
53015,C500,2018_2022
22113,C841,2018_2022
17093,C867,2018_2022
20107,C2372,2018_2022
28143,C2329,2018_2022
19167,C1791,2018_2022
42001,C567,2018_2022
17177,C940,2018_2022
18021,C1636,2018_2022
13035,C1614,2018_2022
51147,C1797,2018_2022
29103,C1459,2018_2022
26127,C1722,2018_2022
51191,C801,2018_2022
16057,C1881,2018_2022
55103,C1976,2018_2022
47067,C764,2018_2022
29147,C2014,2018_2022
09007,C419,2018_2022
27005,C1370,2018_2022
55015,C1410,2018_2022
12089,C621,2018_2022
29165,C752,2018_2022
47105,C814,2018_2022
28151,C894,2018_2022
13305,C1288,2018_2022
26059,C972,2018_2022
48021,C813,2018_2022
39059,C1112,2018_2022
28065,C1183,2018_2022
06027,C1871,2018_2022
40051,C933,2018_2022
19025,C1151,2018_2022
22041,C1630,2018_2022
48405,C620,2018_2022
01129,C2005,2018_2022
06069,C1404,2018_2022
17083,C1638,2018_2022
42007,C274,2018_2022
37125,C539,2018_2022
21031,C2116,2018_2022
05007,C291,2018_2022
40017,C522,2018_2022
02050,C2299,2018_2022
46083,C1399,2018_2022
26051,C1208,2018_2022
17187,C807,2018_2022
47049,C1668,2018_2022
27093,C1765,2018_2022
26061,C1398,2018_2022
47107,C772,2018_2022
12133,C1433,2018_2022
31137,C2447,2018_2022
13299,C1058,2018_2022
48111,C2135,2018_2022
39071,C985,2018_2022
39105,C1493,2018_2022
17077,C1045,2018_2022
13229,C1658,2018_2022
48347,C829,2018_2022
28001,C1260,2018_2022
30043,C2434,2018_2022
08015,C2145,2018_2022
16005,C740,2018_2022
41009,C1043,2018_2022
05145,C678,2018_2022
33017,C543,2018_2022
36113,C792,2018_2022
39107,C1261,2018_2022
55043,C1090,2018_2022
26097,C2130,2018_2022
26089,C1666,2018_2022
37123,C1382,2018_2022
31147,C2346,2018_2022
12013,C2121,2018_2022
29169,C1414,2018_2022
42033,C602,2018_2022
26067,C1057,2018_2022
48049,C996,2018_2022
41013,C1613,2018_2022
05139,C1026,2018_2022
41037,C2339,2018_2022
05041,C2207,2018_2022
47005,C1661,2018_2022
01109,C1555,2018_2022
28089,C592,2018_2022
21191,C2199,2018_2022
02020,C335,2018_2022
31037,C2420,2018_2022
21141,C1452,2018_2022
05065,C1870,2018_2022
47031,C771,2018_2022
37015,C1751,2018_2022
48473,C1305,2018_2022
55091,C2092,2018_2022
04007,C703,2018_2022
20151,C774,2018_2022
13201,C2348,2018_2022
35049,C464,2018_2022
48221,C723,2018_2022
21057,C2153,2018_2022
31105,C2227,2018_2022
18009,C2032,2018_2022
13315,C2344,2018_2022
37061,C941,2018_2022
40103,C797,2018_2022
39127,C1426,2018_2022
21103,C2006,2018_2022
48223,C1250,2018_2022
55069,C1417,2018_2022
37111,C973,2018_2022
51750,C862,2018_2022
31079,C1008,2018_2022
28131,C1923,2018_2022
21207,C1769,2018_2022
36099,C1431,2018_2022
18093,C899,2018_2022
05117,C2272,2018_2022
19115,C383,2018_2022
50021,C820,2018_2022
13147,C1456,2018_2022
47047,C1118,2018_2022
18031,C1581,2018_2022
51071,C1628,2018_2022
20161,C1392,2018_2022
01021,C1034,2018_2022
29049,C1723,2018_2022
48415,C2178,2018_2022
54009,C1487,2018_2022
47161,C2151,2018_2022
18171,C492,2018_2022
24035,C1161,2018_2022
55005,C984,2018_2022
17073,C981,2018_2022
48499,C844,2018_2022
16065,C2165,2018_2022
13113,C659,2018_2022
32019,C850,2018_2022
21145,C692,2018_2022
16071,C2437,2018_2022
12019,C293,2018_2022
49013,C2112,2018_2022
29167,C1388,2018_2022
28099,C1349,2018_2022
55129,C1937,2018_2022
17107,C1475,2018_2022
48181,C405,2018_2022
20133,C1981,2018_2022
21025,C1857,2018_2022
21235,C1048,2018_2022
31119,C1446,2018_2022
13199,C1514,2018_2022
51085,C593,2018_2022
41057,C1498,2018_2022
18069,C1159,2018_2022
28137,C1489,2018_2022
18045,C1946,2018_2022
13207,C1496,2018_2022
08117,C2108,2018_2022
13171,C1823,2018_2022
29107,C1356,2018_2022
26123,C1088,2018_2022
21099,C1900,2018_2022
27033,C2248,2018_2022
36033,C1136,2018_2022
27145,C559,2018_2022
48055,C1353,2018_2022
12051,C1419,2018_2022
47063,C677,2018_2022
22059,C2173,2018_2022
27169,C1268,2018_2022
39055,C672,2018_2022
41053,C776,2018_2022
31111,C1240,2018_2022
42039,C603,2018_2022
13087,C1490,2018_2022
45001,C1471,2018_2022
51840,C1650,2018_2022
37169,C926,2018_2022
28005,C2013,2018_2022
13077,C520,2018_2022
32007,C1415,2018_2022
19191,C2001,2018_2022
13013,C825,2018_2022
48007,C1421,2018_2022
42037,C812,2018_2022
37077,C902,2018_2022
45029,C980,2018_2022
13247,C745,2018_2022
54069,C956,2018_2022
31141,C1684,2018_2022
29201,C1020,2018_2022
48193,C2307,2018_2022
54053,C1350,2018_2022
47035,C646,2018_2022
13119,C1470,2018_2022
28115,C1520,2018_2022
17179,C425,2018_2022
13145,C1595,2018_2022
05063,C1248,2018_2022
27111,C872,2018_2022
47041,C1682,2018_2022
02180,C2299,2018_2022
55095,C1099,2018_2022
39005,C923,2018_2022
48437,C2502,2018_2022
05069,C698,2018_2022
08033,C2284,2018_2022
22085,C1579,2018_2022
27023,C2205,2018_2022
47143,C1216,2018_2022
28083,C1280,2018_2022
36069,C572,2018_2022
30081,C1098,2018_2022
39037,C885,2018_2022
51011,C2083,2018_2022
19187,C1151,2018_2022
51127,C1958,2018_2022
18143,C1519,2018_2022
48373,C747,2018_2022
27013,C1117,2018_2022
36043,C900,2018_2022
42061,C1016,2018_2022
39119,C574,2018_2022
42059,C1128,2018_2022
26031,C1335,2018_2022
47099,C911,2018_2022
55037,C934,2018_2022
45023,C1156,2018_2022
16069,C1061,2018_2022
08027,C310,2018_2022
20043,C2295,2018_2022
04009,C1513,2018_2022
51139,C1416,2018_2022
17185,C2303,2018_2022
21093,C557,2018_2022
47043,C920,2018_2022
20197,C2072,2018_2022
40091,C1552,2018_2022
23003,C684,2018_2022
55089,C719,2018_2022
48467,C782,2018_2022
18077,C1337,2018_2022
21101,C1059,2018_2022
18079,C1488,2018_2022
39157,C529,2018_2022
01023,C1977,2018_2022
01047,C1042,2018_2022
45009,C2022,2018_2022
31023,C2420,2018_2022
37135,C739,2018_2022
08125,C2485,2018_2022
06109,C831,2018_2022
48465,C1319,2018_2022
26103,C847,2018_2022
29223,C1982,2018_2022
17051,C1845,2018_2022
17199,C778,2018_2022
27141,C913,2018_2022
12007,C1536,2018_2022
48259,C1246,2018_2022
53071,C925,2018_2022
21179,C1046,2018_2022
39051,C1180,2018_2022
26027,C969,2018_2022
24039,C1679,2018_2022
06049,C2339,2018_2022
46093,C1775,2018_2022
54005,C1524,2018_2022
36107,C1005,2018_2022
20009,C1590,2018_2022
12067,C932,2018_2022
29149,C2256,2018_2022
13235,C2114,2018_2022
21149,C2287,2018_2022
47077,C1394,2018_2022
30009,C2421,2018_2022
18153,C1846,2018_2022
27159,C1991,2018_2022
13149,C516,2018_2022
55135,C811,2018_2022
45017,C1993,2018_2022
24045,C575,2018_2022
26043,C1449,2018_2022
13129,C889,2018_2022
51171,C1028,2018_2022
45011,C1685,2018_2022
19057,C1217,2018_2022
01039,C945,2018_2022
41041,C878,2018_2022
21105,C2430,2018_2022
35029,C1406,2018_2022
47133,C1454,2018_2022
13185,C608,2018_2022
13261,C1482,2018_2022
17021,C1287,2018_2022
08067,C1327,2018_2022
50003,C1102,2018_2022
27091,C1754,2018_2022
48243,C2309,2018_2022
22005,C709,2018_2022
54065,C1888,2018_2022
06103,C796,2018_2022
51141,C1625,2018_2022
39121,C574,2018_2022
37197,C1225,2018_2022
26039,C2078,2018_2022
18001,C1559,2018_2022
48257,C576,2018_2022
27061,C1036,2018_2022
26033,C1306,2018_2022
20117,C2239,2018_2022
13059,C733,2018_2022
42031,C1181,2018_2022
48327,C2326,2018_2022
06011,C283,2018_2022
42103,C964,2018_2022
54063,C2062,2018_2022
29069,C1145,2018_2022
40071,C918,2018_2022
21129,C2321,2018_2022
19027,C1756,2018_2022
38097,C2507,2018_2022
21027,C1736,2018_2022
27119,C1381,2018_2022
45025,C991,2018_2022
39167,C763,2018_2022
22089,C1207,2018_2022
36077,C875,2018_2022
29141,C1587,2018_2022
53051,C2125,2018_2022
37141,C912,2018_2022
36019,C755,2018_2022
18005,C762,2018_2022
13033,C1785,2018_2022
31059,C2200,2018_2022
40133,C1338,2018_2022
51061,C1014,2018_2022
36089,C563,2018_2022
29031,C674,2018_2022
21137,C1405,2018_2022
12125,C1780,2018_2022
40047,C797,2018_2022
48089,C1683,2018_2022
36079,C793,2018_2022
01029,C1959,2018_2022
48279,C2177,2018_2022
05053,C1950,2018_2022
41063,C2435,2018_2022
55121,C1669,2018_2022
01085,C2138,2018_2022
47053,C780,2018_2022
12107,C569,2018_2022
29085,C2229,2018_2022
19051,C2427,2018_2022
29003,C2233,2018_2022
47171,C1527,2018_2022
38019,C2234,2018_2022
48233,C1719,2018_2022
27075,C2267,2018_2022
22049,C2012,2018_2022
51077,C1836,2018_2022
21049,C1270,2018_2022
05055,C1031,2018_2022
40041,C909,2018_2022
20189,C2135,2018_2022
55071,C702,2018_2022
48331,C1557,2018_2022
40141,C435,2018_2022
37053,C1737,2018_2022
45039,C1509,2018_2022
40145,C808,2018_2022
21143,C2117,2018_2022
29041,C2433,2018_2022
20105,C2282,2018_2022
48067,C1228,2018_2022
55141,C679,2018_2022
51175,C1412,2018_2022
48031,C83,2018_2022
40131,C643,2018_2022
16035,C685,2018_2022
19117,C2357,2018_2022
51089,C749,2018_2022
21167,C1620,2018_2022
28093,C1235,2018_2022
51775,C1413,2018_2022
40075,C2124,2018_2022
31097,C2089,2018_2022
48287,C186,2018_2022
08097,C2246,2018_2022
36121,C1333,2018_2022
17133,C1580,2018_2022
55023,C2097,2018_2022
51043,C390,2018_2022
21205,C1768,2018_2022
39149,C1068,2018_2022
19183,C1740,2018_2022
53001,C760,2018_2022
40123,C1103,2018_2022
02170,C815,2018_2022
19053,C2418,2018_2022
48323,C1158,2018_2022
37039,C1281,2018_2022
48407,C1345,2018_2022
18109,C720,2018_2022
51157,C1014,2018_2022
37069,C849,2018_2022
38089,C1863,2018_2022
31071,C2400,2018_2022
01121,C571,2018_2022
16017,C1050,2018_2022
27049,C983,2018_2022
35027,C1703,2018_2022
29063,C2390,2018_2022
17011,C1198,2018_2022
21013,C1269,2018_2022
13019,C1734,2018_2022
21211,C1166,2018_2022
48315,C2090,2018_2022
21185,C1142,2018_2022
55049,C1933,2018_2022
01093,C1184,2018_2022
12045,C1896,2018_2022
02240,C815,2018_2022
29213,C873,2018_2022
47081,C1526,2018_2022
47129,C1724,2018_2022
13001,C1841,2018_2022
46015,C2454,2018_2022
54017,C645,2018_2022
13275,C1004,2018_2022
36095,C1583,2018_2022
54073,C582,2018_2022
13083,C1960,2018_2022
48333,C2307,2018_2022
29043,C751,2018_2022
54041,C1716,2018_2022
17125,C2054,2018_2022
28037,C2409,2018_2022
51101,C593,2018_2022
28123,C1511,2018_2022
40087,C1402,2018_2022
29021,C628,2018_2022
26149,C868,2018_2022
21083,C1141,2018_2022
31177,C2139,2018_2022
16079,C2018,2018_2022
31019,C1332,2018_2022
28077,C2020,2018_2022
46073,C2142,2018_2022
39043,C619,2018_2022
28155,C2210,2018_2022
01113,C890,2018_2022
26105,C1314,2018_2022
47069,C1503,2018_2022
40021,C1079,2018_2022
31043,C2230,2018_2022
51173,C1116,2018_2022
45037,C1641,2018_2022
18121,C538,2018_2022
56039,C2413,2018_2022
27151,C2205,2018_2022
13131,C1635,2018_2022
54045,C949,2018_2022
29151,C2188,2018_2022
27041,C1094,2018_2022
17045,C1730,2018_2022
16019,C662,2018_2022
48077,C2271,2018_2022
39091,C986,2018_2022
48503,C1676,2018_2022
54067,C1341,2018_2022
18059,C791,2018_2022
17173,C1726,2018_2022
54037,C1040,2018_2022
38021,C2525,2018_2022
31131,C2089,2018_2022
26095,C2130,2018_2022
13125,C1140,2018_2022
37107,C735,2018_2022
21127,C1799,2018_2022
45073,C611,2018_2022
19197,C2168,2018_2022
20139,C2042,2018_2022
37031,C706,2018_2022
49019,C2360,2018_2022
29009,C1167,2018_2022
48321,C1299,2018_2022
37131,C1808,2018_2022
01027,C2091,2018_2022
13313,C658,2018_2022
30097,C2421,2018_2022
49039,C1859,2018_2022
29187,C734,2018_2022
53021,C1200,2018_2022
41045,C1533,2018_2022
46029,C1663,2018_2022
26143,C1263,2018_2022
19157,C1890,2018_2022
47021,C1186,2018_2022
48119,C595,2018_2022
17037,C728,2018_2022
13163,C1898,2018_2022
20205,C2429,2018_2022
56043,C743,2018_2022
01075,C1949,2018_2022
37181,C1009,2018_2022
56029,C1472,2018_2022
35005,C851,2018_2022
08083,C1626,2018_2022
18151,C1451,2018_2022
21161,C1741,2018_2022
12049,C1606,2018_2022
39161,C1497,2018_2022
50027,C952,2018_2022
48325,C1143,2018_2022
20057,C1847,2018_2022
36017,C916,2018_2022
27015,C1622,2018_2022
51075,C1826,2018_2022
39147,C901,2018_2022
16039,C1875,2018_2022
28007,C1643,2018_2022
28073,C1183,2018_2022
17015,C2053,2018_2022
21063,C2158,2018_2022
37153,C895,2018_2022
20055,C1786,2018_2022
38029,C727,2018_2022
29161,C1065,2018_2022
51690,C1720,2018_2022
30035,C2240,2018_2022
51678,C1376,2018_2022
01025,C1408,2018_2022
39001,C1309,2018_2022
47071,C1297,2018_2022
05033,C835,2018_2022
29011,C2276,2018_2022
01071,C777,2018_2022
27027,C1000,2018_2022
48127,C2448,2018_2022
40093,C2217,2018_2022
37177,C2211,2018_2022
46019,C2469,2018_2022
21237,C2067,2018_2022
47177,C993,2018_2022
33005,C768,2018_2022
27171,C705,2018_2022
54095,C2081,2018_2022
17109,C1528,2018_2022
40085,C2251,2018_2022
29057,C2276,2018_2022
54015,C2311,2018_2022
27069,C2249,2018_2022
06003,C59,2018_2022
41031,C1792,2018_2022
18107,C1213,2018_2022
28111,C2122,2018_2022
26133,C1700,2018_2022
19185,C2357,2018_2022
39069,C1545,2018_2022
56037,C1465,2018_2022
13169,C1611,2018_2022
28119,C2132,2018_2022
17025,C2031,2018_2022
39111,C2081,2018_2022
30023,C1098,2018_2022
51119,C2023,2018_2022
17033,C1945,2018_2022
48289,C1818,2018_2022
01091,C1753,2018_2022
01119,C2237,2018_2022
21001,C1969,2018_2022
40115,C1109,2018_2022
51133,C2029,2018_2022
29025,C2397,2018_2022
28133,C1597,2018_2022
27147,C1478,2018_2022
41061,C1570,2018_2022
22127,C2148,2018_2022
27085,C1435,2018_2022
13293,C1227,2018_2022
27007,C1174,2018_2022
05005,C802,2018_2022
21047,C846,2018_2022
27131,C1037,2018_2022
40015,C1316,2018_2022
45069,C1375,2018_2022
16015,C179,2018_2022
28021,C253,2018_2022
35007,C2250,2018_2022
28129,C2003,2018_2022
51053,C1504,2018_2022
13157,C833,2018_2022
17141,C1071,2018_2022
39169,C484,2018_2022
08071,C2030,2018_2022
39067,C1852,2018_2022
46031,C2469,2018_2022
48239,C693,2018_2022
20007,C2355,2018_2022
49045,C1195,2018_2022
56033,C1535,2018_2022
19099,C1254,2018_2022
40077,C2082,2018_2022
36073,C1222,2018_2022
18155,C615,2018_2022
47103,C1157,2018_2022
02130,C1967,2018_2022
18115,C615,2018_2022
17139,C1974,2018_2022
01017,C1124,2018_2022
29185,C2229,2018_2022
28163,C1521,2018_2022
42057,C352,2018_2022
18129,C1793,2018_2022
05025,C2338,2018_2022
20053,C2414,2018_2022
21133,C1460,2018_2022
13255,C722,2018_2022
21231,C1678,2018_2022
22007,C1758,2018_2022
17041,C1912,2018_2022
22099,C988,2018_2022
51163,C1376,2018_2022
28023,C1909,2018_2022
27047,C1424,2018_2022
30065,C379,2018_2022
51131,C1149,2018_2022
08091,C2284,2018_2022
01037,C2091,2018_2022
17087,C2203,2018_2022
17149,C1984,2018_2022
29101,C1221,2018_2022
29203,C951,2018_2022
26069,C1253,2018_2022
35015,C915,2018_2022
13085,C1746,2018_2022
16025,C2115,2018_2022
16053,C2115,2018_2022
29177,C1640,2018_2022
50019,C1568,2018_2022
22031,C1484,2018_2022
13221,C2127,2018_2022
17067,C1968,2018_2022
30071,C2475,2018_2022
51017,C443,2018_2022
26101,C1439,2018_2022
13081,C1561,2018_2022
13179,C1295,2018_2022
48293,C1627,2018_2022
19177,C2066,2018_2022
26117,C842,2018_2022
08037,C2246,2018_2022
27071,C2209,2018_2022
48115,C2268,2018_2022
31057,C2314,2018_2022
32013,C2290,2018_2022
19141,C2010,2018_2022
40013,C963,2018_2022
31163,C2400,2018_2022
17049,C1339,2018_2022
54007,C2096,2018_2022
27079,C1883,2018_2022
29123,C2027,2018_2022
42131,C1508,2018_2022
13027,C1973,2018_2022
31143,C2420,2018_2022
21043,C1312,2018_2022
47121,C2051,2018_2022
16041,C2437,2018_2022
49003,C1101,2018_2022
48225,C1500,2018_2022
54055,C670,2018_2022
26109,C1655,2018_2022
54013,C2311,2018_2022
26165,C1355,2018_2022
21175,C2158,2018_2022
51025,C1957,2018_2022
45087,C1296,2018_2022
05149,C1749,2018_2022
54057,C1436,2018_2022
13303,C1687,2018_2022
34037,C489,2018_2022
22083,C1637,2018_2022
20149,C2072,2018_2022
51051,C1903,2018_2022
48277,C839,2018_2022
18179,C1551,2018_2022
22035,C2243,2018_2022
40035,C1878,2018_2022
18025,C1171,2018_2022
18033,C1273,2018_2022
48145,C1963,2018_2022
39137,C1396,2018_2022
19169,C1051,2018_2022
17075,C1378,2018_2022
29087,C2233,2018_2022
21081,C1673,2018_2022
49017,C2308,2018_2022
39125,C1877,2018_2022
13075,C1940,2018_2022
51063,C2039,2018_2022
54025,C1017,2018_2022
19065,C1745,2018_2022
55047,C1763,2018_2022
55031,C1153,2018_2022
53043,C2392,2018_2022
30031,C908,2018_2022
21069,C2157,2018_2022
08055,C310,2018_2022
13049,C621,2018_2022
47147,C744,2018_2022
22119,C1022,2018_2022
47123,C822,2018_2022
55067,C1688,2018_2022
48015,C1494,2018_2022
54027,C1605,2018_2022
19171,C1922,2018_2022
05083,C1502,2018_2022
51023,C1271,2018_2022
53047,C1144,2018_2022
18073,C1423,2018_2022
22091,C148,2018_2022
29221,C1573,2018_2022
51640,C1328,2018_2022
50023,C1024,2018_2022
13133,C1897,2018_2022
51097,C2136,2018_2022
17127,C1882,2018_2022
20063,C2483,2018_2022
12065,C2058,2018_2022
19011,C1709,2018_2022
31093,C1008,2018_2022
16021,C2125,2018_2022
13111,C1342,2018_2022
40099,C1920,2018_2022
47079,C1129,2018_2022
54109,C1512,2018_2022
06051,C59,2018_2022
30053,C1692,2018_2022
26045,C561,2018_2022
31157,C1179,2018_2022
21053,C2286,2018_2022
54093,C2191,2018_2022
18013,C440,2018_2022
05109,C2192,2018_2022
49043,C2197,2018_2022
05121,C1789,2018_2022
18149,C1619,2018_2022
21021,C1311,2018_2022
13029,C1549,2018_2022
29073,C1919,2018_2022
39073,C1420,2018_2022
20137,C2501,2018_2022
02068,C815,2018_2022
31129,C2306,2018_2022
30087,C379,2018_2022
21225,C2099,2018_2022
13043,C2162,2018_2022
01011,C275,2018_2022
55125,C1547,2018_2022
36031,C1209,2018_2022
16037,C2181,2018_2022
01035,C1978,2018_2022
13187,C1481,2018_2022
39063,C729,2018_2022
01123,C928,2018_2022
06009,C1006,2018_2022
31095,C2458,2018_2022
19005,C2097,2018_2022
31009,C2351,2018_2022
31159,C2200,2018_2022
46081,C1864,2018_2022
18123,C1930,2018_2022
01057,C1752,2018_2022
38063,C2234,2018_2022
22021,C2148,2018_2022
51730,C950,2018_2022
18147,C1815,2018_2022
31013,C2422,2018_2022
19121,C2330,2018_2022
19047,C2163,2018_2022
19175,C2146,2018_2022
29119,C1634,2018_2022
21041,C2304,2018_2022
29129,C2288,2018_2022
28017,C1908,2018_2022
05123,C1603,2018_2022
17053,C1917,2018_2022
08049,C2370,2018_2022
36057,C955,2018_2022
28147,C880,2018_2022
42119,C1298,2018_2022
06043,C1938,2018_2022
28079,C1743,2018_2022
26023,C1052,2018_2022
48395,C1866,2018_2022
28031,C1633,2018_2022
37029,C304,2018_2022
48003,C2356,2018_2022
27039,C558,2018_2022
47173,C1776,2018_2022
17065,C2406,2018_2022
35059,C2250,2018_2022
27099,C1239,2018_2022
28027,C1582,2018_2022
21163,C1696,2018_2022
39135,C1067,2018_2022
22067,C1363,2018_2022
19135,C2427,2018_2022
13265,C2127,2018_2022
23009,C882,2018_2022
29215,C1389,2018_2022
45067,C1196,2018_2022
01005,C1462,2018_2022
53017,C1510,2018_2022
16049,C1999,2018_2022
54087,C2008,2018_2022
05047,C1721,2018_2022
55003,C2106,2018_2022
29013,C1942,2018_2022
37165,C1276,2018_2022
29075,C2390,2018_2022
48133,C1541,2018_2022
38061,C979,2018_2022
19109,C2055,2018_2022
19029,C2026,2018_2022
05141,C1729,2018_2022
05113,C1586,2018_2022
13309,C2255,2018_2022
22053,C1284,2018_2022
48349,C970,2018_2022
48253,C1936,2018_2022
29133,C1997,2018_2022
19069,C2071,2018_2022
29001,C1810,2018_2022
51027,C1495,2018_2022
13155,C2320,2018_2022
55075,C934,2018_2022
29157,C1876,2018_2022
27057,C1782,2018_2022
19107,C1218,2018_2022
48051,C1748,2018_2022
48073,C965,2018_2022
51121,C862,2018_2022
21215,C49,2018_2022
53037,C1442,2018_2022
01087,C1717,2018_2022
53031,C1251,2018_2022
06063,C1939,2018_2022
47111,C1584,2018_2022
39117,C1427,2018_2022
08121,C8,2018_2022
16045,C1899,2018_2022
06035,C1646,2018_2022
26003,C2396,2018_2022
48247,C2358,2018_2022
46135,C1853,2018_2022
19139,C1277,2018_2022
48219,C1766,2018_2022
46067,C2384,2018_2022
13251,C2015,2018_2022
18075,C1814,2018_2022
46095,C2119,2018_2022
46117,C2119,2018_2022
47029,C960,2018_2022
48283,C2185,2018_2022
51067,C845,2018_2022
13005,C1058,2018_2022
55119,C1879,2018_2022
19077,C2341,2018_2022
20089,C2282,2018_2022
31101,C1240,2018_2022
41025,C144,2018_2022
38073,C2525,2018_2022
56007,C2370,2018_2022
19035,C2166,2018_2022
16007,C2197,2018_2022
22107,C2409,2018_2022
40009,C1760,2018_2022
05023,C1331,2018_2022
20061,C1891,2018_2022
05127,C451,2018_2022
20143,C2282,2018_2022
48427,C1019,2018_2022
51197,C1289,2018_2022
46065,C2119,2018_2022
40127,C2082,2018_2022
39021,C1215,2018_2022
27165,C1117,2018_2022
19119,C399,2018_2022
31169,C2306,2018_2022
30059,C2258,2018_2022
23023,C1448,2018_2022
46087,C2384,2018_2022
27021,C1476,2018_2022
51145,C1733,2018_2022
13003,C2417,2018_2022
12079,C1750,2018_2022
05133,C2057,2018_2022
35003,C2140,2018_2022
18125,C870,2018_2022
48487,C2038,2018_2022
29053,C1892,2018_2022
12003,C1543,2018_2022
41007,C1245,2018_2022
50025,C1165,2018_2022
22075,C1906,2018_2022
22009,C1060,2018_2022
05029,C1675,2018_2022
39027,C1070,2018_2022
46045,C1523,2018_2022
27127,C2131,2018_2022
20049,C2429,2018_2022
35047,C1660,2018_2022
31149,C2351,2018_2022
20159,C2298,2018_2022
13279,C1483,2018_2022
53019,C2392,2018_2022
29153,C802,2018_2022
51185,C832,2018_2022
48149,C1567,2018_2022
55057,C1601,2018_2022
51137,C1233,2018_2022
47169,C354,2018_2022
27133,C2363,2018_2022
22037,C1764,2018_2022
51065,C1778,2018_2022
13301,C2242,2018_2022
21033,C2117,2018_2022
28063,C2409,2018_2022
20031,C1596,2018_2022
13213,C1188,2018_2022
47015,C2037,2018_2022
28039,C1623,2018_2022
21183,C1647,2018_2022
31011,C1446,2018_2022
39163,C622,2018_2022
05105,C154,2018_2022
31107,C2351,2018_2022
45049,C1806,2018_2022
13143,C1303,2018_2022
13023,C2114,2018_2022
20033,C2159,2018_2022
38011,C2257,2018_2022
54071,C2216,2018_2022
53059,C2074,2018_2022
24029,C1654,2018_2022
40069,C2196,2018_2022
27077,C2209,2018_2022
30089,C2174,2018_2022
45061,C1602,2018_2022
51135,C1904,2018_2022
13161,C1990,2018_2022
31047,C1796,2018_2022
35051,C1829,2018_2022
29137,C2368,2018_2022
54023,C2191,2018_2022
30001,C2353,2018_2022
13321,C1735,2018_2022
02105,C2107,2018_2022
20121,C1518,2018_2022
19101,C2066,2018_2022
21187,C884,2018_2022
21147,C1848,2018_2022
36123,C1681,2018_2022
37199,C1711,2018_2022
55019,C1473,2018_2022
27011,C2345,2018_2022
47127,C771,2018_2022
53055,C1,2018_2022
20065,C2483,2018_2022
48275,C2403,2018_2022
41055,C2463,2018_2022
40073,C2217,2018_2022
51005,C1860,2018_2022
17013,C2279,2018_2022
19015,C1695,2018_2022
28053,C894,2018_2022
13065,C2179,2018_2022
30005,C2475,2018_2022
21177,C1234,2018_2022
35023,C434,2018_2022
38039,C2206,2018_2022
21223,C475,2018_2022
27105,C2118,2018_2022
18117,C1798,2018_2022
23015,C1255,2018_2022
48421,C2105,2018_2022
53023,C2435,2018_2022
12043,C17,2018_2022
29079,C2288,2018_2022
08093,C2108,2018_2022
41049,C2463,2018_2022
48389,C2359,2018_2022
27073,C2457,2018_2022
48009,C2445,2018_2022
55041,C934,2018_2022
08107,C2371,2018_2022
48477,C1282,2018_2022
46027,C2236,2018_2022
46102,C2175,2018_2022
48241,C1130,2018_2022
37173,C1894,2018_2022
38057,C2398,2018_2022
17061,C2279,2018_2022
13011,C374,2018_2022
56011,C2469,2018_2022
13267,C1790,2018_2022
21165,C2152,2018_2022
20181,C2483,2018_2022
28153,C1804,2018_2022
05081,C565,2018_2022
56005,C1610,2018_2022
38079,C2259,2018_2022
48019,C1715,2018_2022
08119,C2108,2018_2022
04023,C1455,2018_2022
51057,C2136,2018_2022
47055,C1267,2018_2022
02158,C2299,2018_2022
28125,C2156,2018_2022
21017,C1831,2018_2022
08007,C477,2018_2022
05019,C1599,2018_2022
29163,C1986,2018_2022
48045,C2075,2018_2022
20119,C2401,2018_2022
45053,C1564,2018_2022
27029,C2349,2018_2022
54101,C2332,2018_2022
21065,C1918,2018_2022
17071,C2065,2018_2022
42109,C1301,2018_2022
48129,C2515,2018_2022
46077,C2477,2018_2022
54085,C2328,2018_2022
30095,C2421,2018_2022
40117,C1947,2018_2022
37115,C1704,2018_2022
31041,C2400,2018_2022
46069,C2142,2018_2022
51169,C1501,2018_2022
37143,C2104,2018_2022
28097,C2213,2018_2022
20073,C2429,2018_2022
48043,C78,2018_2022
51115,C1178,2018_2022
27161,C2079,2018_2022
39075,C1453,2018_2022
40119,C905,2018_2022
21079,C1941,2018_2022
01111,C1574,2018_2022
54105,C2328,2018_2022
21203,C1861,2018_2022
21131,C2056,2018_2022
39145,C570,2018_2022
30073,C2240,2018_2022
48197,C1604,2018_2022
19085,C2009,2018_2022
08087,C1631,2018_2022
17085,C1707,2018_2022
46053,C2489,2018_2022
48295,C2531,2018_2022
31145,C2314,2018_2022
56023,C2266,2018_2022
48419,C1690,2018_2022
08089,C1802,2018_2022
17035,C999,2018_2022
18139,C2033,2018_2022
13231,C1880,2018_2022
51149,C1698,2018_2022
47135,C2094,2018_2022
13167,C2352,2018_2022
55007,C1153,2018_2022
49055,C2308,2018_2022
48345,C2075,2018_2022
38105,C1965,2018_2022
55061,C2063,2018_2022
29055,C1539,2018_2022
08099,C2405,2018_2022
28157,C2269,2018_2022
27143,C805,2018_2022
13025,C1856,2018_2022
46007,C2175,2018_2022
12077,C2121,2018_2022
20165,C2414,2018_2022
37137,C527,2018_2022
37189,C1308,2018_2022
47061,C1956,2018_2022
27051,C872,2018_2022
05037,C1809,2018_2022
41065,C1553,2018_2022
54091,C645,2018_2022
19165,C623,2018_2022
37149,C1624,2018_2022
48163,C2185,2018_2022
29135,C504,2018_2022
08029,C1264,2018_2022
48435,C2326,2018_2022
05027,C1670,2018_2022
20185,C2298,2018_2022
22077,C1662,2018_2022
21035,C1154,2018_2022
20123,C2487,2018_2022
38071,C2234,2018_2022
30067,C2044,2018_2022
16087,C2261,2018_2022
51111,C1139,2018_2022
16043,C2413,2018_2022
51187,C1237,2018_2022
46023,C2489,2018_2022
05147,C2272,2018_2022
19095,C1913,2018_2022
13191,C2186,2018_2022
54031,C2216,2018_2022
31125,C2492,2018_2022
56031,C629,2018_2022
51183,C2277,2018_2022
22065,C937,2018_2022
39031,C1230,2018_2022
13137,C1175,2018_2022
55093,C1538,2018_2022
51007,C214,2018_2022
05057,C1725,2018_2022
48095,C2245,2018_2022
13177,C1671,2018_2022
05003,C1702,2018_2022
47109,C1290,2018_2022
16047,C704,2018_2022
31075,C2374,2018_2022
47023,C1873,2018_2022
21011,C2152,2018_2022
16077,C740,2018_2022
51159,C1686,2018_2022
54097,C1674,2018_2022
47027,C2143,2018_2022
19159,C2354,2018_2022
48177,C1935,2018_2022
21123,C2087,2018_2022
21181,C1445,2018_2022
55109,C879,2018_2022
21217,C1429,2018_2022
36041,C309,2018_2022
47101,C2094,2018_2022
48035,C1689,2018_2022
16063,C2115,2018_2022
28057,C1537,2018_2022
51081,C1854,2018_2022
48383,C2245,2018_2022
05137,C2048,2018_2022
20087,C2077,2018_2022
21169,C2153,2018_2022
05079,C2207,2018_2022
48057,C1943,2018_2022
05021,C1895,2018_2022
28161,C2043,2018_2022
04011,C434,2018_2022
38053,C2468,2018_2022
20187,C2401,2018_2022
20131,C2239,2018_2022
47007,C156,2018_2022
55065,C940,2018_2022
19075,C480,2018_2022
21213,C1931,2018_2022
19145,C1980,2018_2022
31015,C2351,2018_2022
40029,C2196,2018_2022
48445,C215,2018_2022
17189,C223,2018_2022
05043,C1885,2018_2022
20129,C2135,2018_2022
55099,C1944,2018_2022
40057,C2505,2018_2022
20003,C2372,2018_2022
40105,C643,2018_2022
38003,C2206,2018_2022
31167,C2446,2018_2022
20041,C1632,2018_2022
46025,C2477,2018_2022
28141,C1591,2018_2022
27055,C2050,2018_2022
32017,C2386,2018_2022
20183,C2487,2018_2022
19083,C1820,2018_2022
29093,C2228,2018_2022
48065,C2515,2018_2022
22023,C238,2018_2022
19161,C2166,2018_2022
19007,C2034,2018_2022
13253,C2348,2018_2022
35028,C464,2018_2022
29199,C2399,2018_2022
05075,C1855,2018_2022
17181,C1830,2018_2022
48151,C2075,2018_2022
18101,C899,2018_2022
27045,C1795,2018_2022
48475,C2359,2018_2022
35011,C2080,2018_2022
21055,C2212,2018_2022
51520,C1664,2018_2022
38093,C1862,2018_2022
48305,C2268,2018_2022
55107,C2024,2018_2022
29117,C2214,2018_2022
05087,C1987,2018_2022
19131,C2281,2018_2022
37079,C1954,2018_2022
17023,C2085,2018_2022
30105,C2475,2018_2022
18175,C1563,2018_2022
49051,C2112,2018_2022
48433,C2403,2018_2022
27135,C2249,2018_2022
31133,C2089,2018_2022
13055,C1480,2018_2022
29197,C2427,2018_2022
38013,C2273,2018_2022
48013,C1083,2018_2022
31089,C2351,2018_2022
20127,C2147,2018_2022
21229,C1046,2018_2022
01063,C314,2018_2022
17003,C674,2018_2022
08103,C2371,2018_2022
56019,C2278,2018_2022
30025,C2257,2018_2022
21007,C2438,2018_2022
51570,C1738,2018_2022
27065,C1279,2018_2022
19021,C2103,2018_2022
29173,C2368,2018_2022
38031,C2234,2018_2022
46051,C2457,2018_2022
19041,C2182,2018_2022
40063,C2021,2018_2022
37075,C397,2018_2022
40007,C2159,2018_2022
01007,C1693,2018_2022
27125,C2349,2018_2022
17169,C2310,2018_2022
20019,C821,2018_2022
20005,C2011,2018_2022
56009,C2322,2018_2022
13037,C2302,2018_2022
19143,C2118,2018_2022
29205,C1459,2018_2022
05073,C544,2018_2022
56045,C2322,2018_2022
29139,C2188,2018_2022
46101,C2363,2018_2022
51103,C1911,2018_2022
47153,C2098,2018_2022
20101,C2496,2018_2022
08051,C2246,2018_2022
29211,C2194,2018_2022
55053,C2047,2018_2022
08023,C2250,2018_2022
21197,C1988,2018_2022
17059,C2406,2018_2022
51735,C292,2018_2022
17017,C2310,2018_2022
29186,C285,2018_2022
18015,C2019,2018_2022
35057,C2080,2018_2022
20017,C2147,2018_2022
08075,C1755,2018_2022
46109,C2345,2018_2022
48207,C2403,2018_2022
51113,C2137,2018_2022
38067,C2234,2018_2022
13271,C2255,2018_2022
21155,C1858,2018_2022
13219,C1558,2018_2022
13173,C2417,2018_2022
05129,C2334,2018_2022
48317,C2178,2018_2022
20191,C1699,2018_2022
13211,C1772,2018_2022
20085,C2077,2018_2022
51181,C2277,2018_2022
13007,C2219,2018_2022
56003,C2278,2018_2022
32001,C1529,2018_2022
18137,C1515,2018_2022
45005,C980,2018_2022
40001,C1783,2018_2022
31099,C2447,2018_2022
13259,C2412,2018_2022
38069,C2259,2018_2022
27081,C2363,2018_2022
13287,C2320,2018_2022
32015,C2290,2018_2022
35037,C1146,2018_2022
48429,C2403,2018_2022
18111,C2000,2018_2022
21075,C2430,2018_2022
48033,C2178,2018_2022
20135,C2496,2018_2022
50013,C511,2018_2022
08011,C2405,2018_2022
21139,C2212,2018_2022
13241,C1929,2018_2022
01041,C1972,2018_2022
31051,C2230,2018_2022
46115,C2510,2018_2022
46059,C2510,2018_2022
31003,C2351,2018_2022
29005,C2089,2018_2022
27001,C1934,2018_2022
48371,C2309,2018_2022
29067,C1992,2018_2022
48023,C2445,2018_2022
38081,C2283,2018_2022
49025,C166,2018_2022
46129,C1523,2018_2022
46075,C2119,2018_2022
49029,C68,2018_2022
31151,C2306,2018_2022
48351,C289,2018_2022
20109,C2401,2018_2022
26119,C1304,2018_2022
26029,C1485,2018_2022
20023,C2485,2018_2022
17009,C2310,2018_2022
02150,C1197,2018_2022
53013,C2435,2018_2022
13099,C2219,2018_2022
48083,C2245,2018_2022
02220,C2107,2018_2022
41021,C2463,2018_2022
19003,C2146,2018_2022
40067,C2251,2018_2022
41023,C2463,2018_2022
48069,C2177,2018_2022
56035,C2413,2018_2022
26085,C1088,2018_2022
05061,C2069,2018_2022
31045,C2411,2018_2022
48411,C996,2018_2022
26071,C1975,2018_2022
21023,C2199,2018_2022
54089,C528,2018_2022
21153,C2067,2018_2022
48353,C2075,2018_2022
20207,C2183,2018_2022
25019,C1,2018_2022
48105,C2309,2018_2022
21221,C846,2018_2022
48017,C2169,2018_2022
48505,C402,2018_2022
19129,C2324,2018_2022
30045,C2258,2018_2022
27129,C2149,2018_2022
08073,C2126,2018_2022
20175,C2401,2018_2022
31081,C2492,2018_2022
05017,C2156,2018_2022
19147,C2367,2018_2022
31033,C2374,2018_2022
27083,C1800,2018_2022
29033,C2397,2018_2022
19105,C1838,2018_2022
20067,C2135,2018_2022
31039,C2446,2018_2022
45081,C1747,2018_2022
13283,C2352,2018_2022
48391,C693,2018_2022
48131,C2358,2018_2022
53039,C1966,2018_2022
20195,C2496,2018_2022
01067,C1739,2018_2022
42105,C1998,2018_2022
46085,C2454,2018_2022
31021,C2139,2018_2022
19063,C2367,2018_2022
51670,C1505,2018_2022
51720,C1044,2018_2022
21005,C1757,2018_2022
17171,C2279,2018_2022
48335,C1368,2018_2022
42023,C602,2018_2022
08019,C2108,2018_2022
19091,C2168,2018_2022
48319,C2326,2018_2022
22125,C2269,2018_2022
47137,C2286,2018_2022
13093,C2344,2018_2022
38055,C2398,2018_2022
28041,C2122,2018_2022
48343,C2090,2018_2022
29171,C2288,2018_2022
29045,C2399,2018_2022
47091,C1714,2018_2022
19195,C2281,2018_2022
13183,C2186,2018_2022
13319,C2260,2018_2022
18131,C1032,2018_2022
16009,C123,2018_2022
56017,C743,2018_2022
48087,C2505,2018_2022
38095,C2234,2018_2022
21061,C2116,2018_2022
31127,C2346,2018_2022
48313,C485,2018_2022
17159,C1951,2018_2022
25007,C1,2018_2022
28009,C1118,2018_2022
22013,C1901,2018_2022
46097,C2384,2018_2022
16003,C2261,2018_2022
48237,C2445,2018_2022
19071,C2324,2018_2022
28103,C2237,2018_2022
13141,C1140,2018_2022
46043,C2384,2018_2022
42053,C826,2018_2022
22093,C1886,2018_2022
37073,C2104,2018_2022
46123,C2454,2018_2022
48399,C2265,2018_2022
29089,C2433,2018_2022
46037,C2510,2018_2022
48495,C2356,2018_2022
51580,C1860,2018_2022
48211,C2343,2018_2022
22061,C1313,2018_2022
08021,C2262,2018_2022
38047,C2259,2018_2022
13109,C2162,2018_2022
55013,C984,2018_2022
16081,C2165,2018_2022
49027,C2386,2018_2022
18007,C492,2018_2022
49015,C2360,2018_2022
50009,C700,2018_2022
30057,C908,2018_2022
30099,C618,2018_2022
13181,C2160,2018_2022
48431,C2178,2018_2022
30007,C2434,2018_2022
13317,C2242,2018_2022
48159,C2100,2018_2022
35021,C2250,2018_2022
21091,C542,2018_2022
27173,C2149,2018_2022
27121,C2313,2018_2022
08109,C2145,2018_2022
46021,C2525,2018_2022
48169,C2268,2018_2022
40043,C2343,2018_2022
46127,C2236,2018_2022
30061,C2174,2018_2022
20011,C2036,2018_2022
21077,C2304,2018_2022
27089,C2331,2018_2022
40129,C2343,2018_2022
20077,C2513,2018_2022
20083,C2496,2018_2022
48307,C2326,2018_2022
08115,C2374,2018_2022
19151,C2182,2018_2022
18049,C1708,2018_2022
30041,C2226,2018_2022
31173,C2297,2018_2022
21159,C708,2018_2022
13243,C2219,2018_2022
55011,C697,2018_2022
05095,C1603,2018_2022
48191,C2505,2018_2022
31083,C2447,2018_2022
16023,C2181,2018_2022
31121,C2492,2018_2022
48229,C78,2018_2022
46003,C2489,2018_2022
46119,C2119,2018_2022
51049,C2101,2018_2022
20093,C2401,2018_2022
48153,C2502,2018_2022
31077,C2351,2018_2022
30021,C2468,2018_2022
29111,C2399,2018_2022
37043,C1023,2018_2022
30055,C2257,2018_2022
46041,C1523,2018_2022
28135,C2132,2018_2022
40033,C2271,2018_2022
29227,C2220,2018_2022
17123,C2204,2018_2022
48357,C2531,2018_2022
08065,C2145,2018_2022
38037,C727,2018_2022
48165,C2291,2018_2022
17131,C2065,2018_2022
26153,C2396,2018_2022
28015,C2213,2018_2022
13239,C2219,2018_2022
31123,C2374,2018_2022
21219,C411,2018_2022
48359,C2105,2018_2022
46125,C399,2018_2022
48461,C2178,2018_2022
31017,C2422,2018_2022
38051,C2525,2018_2022
48447,C2403,2018_2022
27107,C2507,2018_2022
29035,C2256,2018_2022
48117,C2105,2018_2022
28019,C2210,2018_2022
26135,C2078,2018_2022
05011,C2253,2018_2022
02070,C2299,2018_2022
32011,C2290,2018_2022
05077,C2329,2018_2022
27149,C2313,2018_2022
46107,C2510,2018_2022
42113,C142,2018_2022
30079,C2225,2018_2022
38041,C727,2018_2022
30003,C2225,2018_2022
19079,C1051,2018_2022
47181,C1910,2018_2022
51029,C2101,2018_2022
46061,C2384,2018_2022
48103,C462,2018_2022
08057,C2370,2018_2022
20081,C2401,2018_2022
48081,C2265,2018_2022
20069,C2401,2018_2022
27087,C2507,2018_2022
48425,C398,2018_2022
30027,C2258,2018_2022
05013,C2253,2018_2022
20179,C2483,2018_2022
13061,C2219,2018_2022
20001,C2183,2018_2022
47095,C1039,2018_2022
38001,C2225,2018_2022
16085,C2261,2018_2022
17175,C336,2018_2022
38027,C2206,2018_2022
48155,C2403,2018_2022
08009,C2405,2018_2022
13079,C326,2018_2022
31029,C2374,2018_2022
40059,C2355,2018_2022
31185,C2195,2018_2022
38009,C979,2018_2022
48075,C2505,2018_2022
48385,C790,2018_2022
53069,C500,2018_2022
12047,C2179,2018_2022
20171,C2401,2018_2022
37103,C474,2018_2022
35033,C464,2018_2022
13053,C2412,2018_2022
16059,C2353,2018_2022
49023,C2386,2018_2022
20047,C2298,2018_2022
31181,C2487,2018_2022
38049,C979,2018_2022
13159,C604,2018_2022
21039,C2430,2018_2022
38007,C2225,2018_2022
40003,C2513,2018_2022
29081,C2418,2018_2022
02013,C1,2018_2022
31161,C2422,2018_2022
30015,C2226,2018_2022
35041,C2169,2018_2022
48501,C2291,2018_2022
48195,C2531,2018_2022
31135,C2374,2018_2022
19009,C2163,2018_2022
08047,C2370,2018_2022
51045,C584,2018_2022
18161,C167,2018_2022
47175,C2098,2018_2022
48205,C2105,2018_2022
16029,C2437,2018_2022
31117,C2374,2018_2022
17151,C2203,2018_2022
38023,C2273,2018_2022
38085,C727,2018_2022
20145,C2496,2018_2022
19173,C2220,2018_2022
51036,C199,2018_2022
48413,C2245,2018_2022
46055,C2175,2018_2022
38075,C979,2018_2022
05039,C2338,2018_2022
51021,C670,2018_2022
30107,C2258,2018_2022
08025,C102,2018_2022
38091,C2206,2018_2022
26013,C847,2018_2022
55051,C2106,2018_2022
02100,C2107,2018_2022
48507,C2448,2018_2022
20071,C2401,2018_2022
31031,C2422,2018_2022
13307,C2302,2018_2022
48377,C78,2018_2022
20153,C2485,2018_2022
30101,C2226,2018_2022
38065,C2398,2018_2022
54021,C2096,2018_2022
20027,C1392,2018_2022
27031,C2267,2018_2022
13269,C2241,2018_2022
31073,C2314,2018_2022
30077,C2434,2018_2022
30109,C2225,2018_2022
56027,C2227,2018_2022
20097,C2355,2018_2022
35019,C2080,2018_2022
40045,C2531,2018_2022
48261,C2358,2018_2022
27167,C872,2018_2022
48443,C2309,2018_2022
48137,C2448,2018_2022
31035,C2195,2018_2022
48011,C2502,2018_2022
20203,C2401,2018_2022
46105,C2469,2018_2022
48393,C2343,2018_2022
02185,C2299,2018_2022
02188,C2299,2018_2022
30011,C2225,2018_2022
20039,C2501,2018_2022
48047,C2358,2018_2022
46089,C2525,2018_2022
31065,C2314,2018_2022
48101,C2502,2018_2022
49031,C2308,2018_2022
40053,C2513,2018_2022
28055,C2156,2018_2022
31087,C2485,2018_2022
48125,C2502,2018_2022
08061,C2405,2018_2022
30039,C2434,2018_2022
20141,C2487,2018_2022
46137,C2119,2018_2022
02060,C1,2018_2022
08113,C2284,2018_2022
48271,C2448,2018_2022
21201,C2157,2018_2022
48417,C2403,2018_2022
48109,C2309,2018_2022
08079,C2284,2018_2022
31115,C2351,2018_2022
31183,C2351,2018_2022
38043,C2259,2018_2022
51091,C2332,2018_2022
30019,C2273,2018_2022
08095,C2374,2018_2022
46049,C2510,2018_2022
16061,C685,2018_2022
20075,C2401,2018_2022
46009,C2489,2018_2022
31049,C2374,2018_2022
30091,C2273,2018_2022
31063,C2314,2018_2022
31069,C2374,2018_2022
40025,C2135,2018_2022
31113,C2351,2018_2022
31091,C2422,2018_2022
38083,C2259,2018_2022
41069,C2463,2018_2022
20199,C2126,2018_2022
30103,C2225,2018_2022
48263,C2075,2018_2022
46071,C2175,2018_2022
38033,C2225,2018_2022
38087,C2225,2018_2022
49009,C2197,2018_2022
13101,C2179,2018_2022
46017,C2142,2018_2022
46063,C2225,2018_2022
48235,C2245,2018_2022
16033,C2181,2018_2022
31085,C2314,2018_2022
31171,C2374,2018_2022
30033,C2257,2018_2022
32009,C59,2018_2022
48311,C2185,2018_2022
08053,C2284,2018_2022
31005,C2374,2018_2022
48079,C2169,2018_2022
31165,C2227,2018_2022
30069,C2257,2018_2022
20025,C2159,2018_2022
30037,C2258,2018_2022
31007,C2227,2018_2022
49033,C2197,2018_2022
30075,C2225,2018_2022
08111,C2284,2018_2022
48173,C2178,2018_2022
48301,C2356,2018_2022
31103,C2351,2018_2022
48269,C2075,2018_2022
