period,cluster
1999_2005,C76
1999_2005,C456
1999_2005,C307
1999_2005,C824
1999_2005,C26
1999_2005,C439
1999_2005,C1484
1999_2005,C1508
1999_2005,C1436
1999_2005,C1223
1999_2005,C810
1999_2005,C637
1999_2005,C1116
1999_2005,C1153
1999_2005,C1259
1999_2005,C1346
1999_2005,C918
1999_2005,C728
1999_2005,C1658
1999_2005,C1382
1999_2005,C1588
1999_2005,C1547
1999_2005,C1402
1999_2005,C213
1999_2005,C1296
1999_2005,C1517
1999_2005,C1381
1999_2005,C967
1999_2005,C593
1999_2005,C1095
1999_2005,C1689
1999_2005,C592
1999_2005,C230
1999_2005,C79
1999_2005,C46
1999_2005,C752
1999_2005,C237
1999_2005,C1329
1999_2005,C115
1999_2005,C497
1999_2005,C549
1999_2005,C949
1999_2005,C452
1999_2005,C793
1999_2005,C399
1999_2005,C251
1999_2005,C386
1999_2005,C668
1999_2005,C105
1999_2005,C60
1999_2005,C488
1999_2005,C1026
1999_2005,C186
1999_2005,C111
1999_2005,C1606
1999_2005,C1542
1999_2005,C1636
1999_2005,C1061
1999_2005,C1145
1999_2005,C1514
1999_2005,C919
1999_2005,C1181
1999_2005,C164
1999_2005,C1578
1999_2005,C504
1999_2005,C269
1999_2005,C1615
1999_2005,C1309
1999_2005,C1505
1999_2005,C406
1999_2005,C1751
1999_2005,C1160
1999_2005,C1697
1999_2005,C1246
1999_2005,C1403
1999_2005,C478
1999_2005,C499
1999_2005,C1299
1999_2005,C1207
1999_2005,C917
1999_2005,C474
1999_2005,C1172
1999_2005,C341
1999_2005,C481
1999_2005,C529
1999_2005,C1444
1999_2005,C1224
1999_2005,C1139
1999_2005,C1331
1999_2005,C1512
1999_2005,C124
1999_2005,C1043
1999_2005,C1418
1999_2005,C1445
1999_2005,C1435
1999_2005,C937
1999_2005,C1772
1999_2005,C892
1999_2005,C387
1999_2005,C149
1999_2005,C1745
1999_2005,C1351
1999_2005,C447
1999_2005,C518
1999_2005,C133
1999_2005,C1409
1999_2005,C678
1999_2005,C501
1999_2005,C1463
1999_2005,C1531
1999_2005,C1234
1999_2005,C1340
1999_2005,C1672
1999_2005,C1501
1999_2005,C1504
1999_2005,C1367
1999_2005,C1447
1999_2005,C934
1999_2005,C1273
1999_2005,C1281
1999_2005,C1324
1999_2005,C464
1999_2005,C569
1999_2005,C1156
1999_2005,C1241
1999_2005,C205
1999_2005,C1363
1999_2005,C1495
1999_2005,C1337
1999_2005,C375
1999_2005,C1355
1999_2005,C889
1999_2005,C331
1999_2005,C1189
1999_2005,C100
1999_2005,C1266
1999_2005,C1280
1999_2005,C1089
1999_2005,C1596
1999_2005,C864
1999_2005,C1242
1999_2005,C654
1999_2005,C620
1999_2005,C1451
1999_2005,C571
1999_2005,C249
1999_2005,C1555
1999_2005,C1175
1999_2005,C1456
1999_2005,C1692
1999_2005,C1467
1999_2005,C1360
1999_2005,C799
1999_2005,C1483
1999_2005,C1502
1999_2005,C903
1999_2005,C1302
1999_2005,C1269
1999_2005,C1573
1999_2005,C755
1999_2005,C365
1999_2005,C1278
1999_2005,C1315
1999_2005,C391
1999_2005,C1147
1999_2005,C1072
1999_2005,C557
1999_2005,C1188
1999_2005,C1183
1999_2005,C233
1999_2005,C930
1999_2005,C1455
1999_2005,C1506
1999_2005,C1805
1999_2005,C1138
1999_2005,C1522
1999_2005,C1786
1999_2005,C298
1999_2005,C65
1999_2005,C35
1999_2005,C1283
1999_2005,C1473
1999_2005,C5
1999_2005,C1587
1999_2005,C566
1999_2005,C541
1999_2005,C1150
1999_2005,C976
1999_2005,C878
1999_2005,C732
1999_2005,C1509
1999_2005,C1465
1999_2005,C1685
1999_2005,C1584
1999_2005,C1300
1999_2005,C1298
1999_2005,C1164
1999_2005,C1631
1999_2005,C1179
1999_2005,C1096
1999_2005,C1489
1999_2005,C1159
1999_2005,C1785
1999_2005,C1795
1999_2005,C780
1999_2005,C1614
1999_2005,C1305
1999_2005,C1184
1999_2005,C1357
1999_2005,C1640
1999_2005,C815
1999_2005,C1659
1999_2005,C36
1999_2005,C63
1999_2005,C1399
1999_2005,C250
1999_2005,C1036
1999_2005,C247
1999_2005,C1319
1999_2005,C873
1999_2005,C103
1999_2005,C64
1999_2005,C1050
1999_2005,C228
1999_2005,C38
1999_2005,C155
1999_2005,C190
1999_2005,C140
1999_2005,C1014
1999_2005,C1127
1999_2005,C525
1999_2005,C1103
1999_2005,C73
1999_2005,C841
1999_2005,C1249
1999_2005,C567
1999_2005,C765
1999_2005,C1002
1999_2005,C526
1999_2005,C598
1999_2005,C1454
1999_2005,C248
1999_2005,C1163
1999_2005,C1424
1999_2005,C1628
1999_2005,C926
1999_2005,C1353
1999_2005,C1650
1999_2005,C609
1999_2005,C203
1999_2005,C1191
1999_2005,C1022
1999_2005,C1217
1999_2005,C924
1999_2005,C863
1999_2005,C956
1999_2005,C1016
1999_2005,C498
1999_2005,C782
1999_2005,C1551
1999_2005,C1176
1999_2005,C1244
1999_2005,C641
1999_2005,C470
1999_2005,C326
1999_2005,C632
1999_2005,C1590
1999_2005,C891
1999_2005,C712
1999_2005,C215
1999_2005,C619
1999_2005,C663
1999_2005,C177
1999_2005,C1662
1999_2005,C969
1999_2005,C402
1999_2005,C1625
1999_2005,C348
1999_2005,C1362
1999_2005,C726
1999_2005,C595
1999_2005,C484
1999_2005,C204
1999_2005,C757
1999_2005,C729
1999_2005,C607
1999_2005,C400
1999_2005,C1405
1999_2005,C1254
1999_2005,C421
1999_2005,C1442
1999_2005,C1817
1999_2005,C1194
1999_2005,C1104
1999_2005,C1107
1999_2005,C1155
1999_2005,C931
1999_2005,C240
1999_2005,C1801
1999_2005,C342
1999_2005,C718
1999_2005,C1571
1999_2005,C1459
1999_2005,C1121
1999_2005,C1618
1999_2005,C1601
1999_2005,C1094
1999_2005,C1431
1999_2005,C761
1999_2005,C1130
1999_2005,C1316
1999_2005,C833
1999_2005,C1137
1999_2005,C1317
1999_2005,C401
1999_2005,C921
1999_2005,C1286
1999_2005,C645
1999_2005,C1486
1999_2005,C1583
1999_2005,C1222
1999_2005,C1290
1999_2005,C1680
1999_2005,C970
1999_2005,C1206
1999_2005,C1289
1999_2005,C1182
1999_2005,C1440
1999_2005,C446
1999_2005,C1715
1999_2005,C1199
1999_2005,C1392
1999_2005,C898
1999_2005,C1083
1999_2005,C533
1999_2005,C759
1999_2005,C1657
1999_2005,C1087
1999_2005,C1128
1999_2005,C1599
1999_2005,C1556
1999_2005,C1585
1999_2005,C214
1999_2005,C1752
1999_2005,C1707
1999_2005,C1115
1999_2005,C1274
1999_2005,C344
1999_2005,C1124
1999_2005,C263
1999_2005,C1675
1999_2005,C1270
1999_2005,C1642
1999_2005,C1758
1999_2005,C1410
1999_2005,C1446
1999_2005,C1196
1999_2005,C431
1999_2005,C1516
1999_2005,C814
1999_2005,C276
1999_2005,C1255
1999_2005,C625
1999_2005,C188
1999_2005,C1539
1999_2005,C32
1999_2005,C602
1999_2005,C1041
1999_2005,C139
1999_2005,C933
1999_2005,C574
1999_2005,C559
1999_2005,C193
1999_2005,C294
1999_2005,C1167
1999_2005,C313
1999_2005,C403
1999_2005,C617
1999_2005,C106
1999_2005,C1122
1999_2005,C227
1999_2005,C1009
1999_2005,C869
1999_2005,C1152
1999_2005,C1108
1999_2005,C303
1999_2005,C528
1999_2005,C606
1999_2005,C502
1999_2005,C1111
1999_2005,C346
1999_2005,C837
1999_2005,C1335
1999_2005,C1178
1999_2005,C927
1999_2005,C1237
1999_2005,C1007
1999_2005,C1091
1999_2005,C698
1999_2005,C283
1999_2005,C1197
1999_2005,C695
1999_2005,C309
1999_2005,C628
1999_2005,C118
1999_2005,C1595
1999_2005,C1211
1999_2005,C519
1999_2005,C424
1999_2005,C521
1999_2005,C594
1999_2005,C362
1999_2005,C720
1999_2005,C74
1999_2005,C1262
1999_2005,C1257
1999_2005,C701
1999_2005,C454
1999_2005,C1052
1999_2005,C123
1999_2005,C694
1999_2005,C600
1999_2005,C925
1999_2005,C679
1999_2005,C1493
1999_2005,C321
1999_2005,C920
1999_2005,C409
1999_2005,C1213
1999_2005,C1168
1999_2005,C1457
1999_2005,C1749
1999_2005,C288
1999_2005,C468
1999_2005,C753
1999_2005,C714
1999_2005,C702
1999_2005,C1415
1999_2005,C661
1999_2005,C1307
1999_2005,C707
1999_2005,C1518
1999_2005,C853
1999_2005,C1422
1999_2005,C1288
1999_2005,C953
1999_2005,C334
1999_2005,C1066
1999_2005,C1684
1999_2005,C1326
1999_2005,C1114
1999_2005,C1013
1999_2005,C1569
1999_2005,C1605
1999_2005,C885
1999_2005,C774
1999_2005,C1253
1999_2005,C1086
1999_2005,C1238
1999_2005,C1669
1999_2005,C1170
1999_2005,C1256
1999_2005,C1136
1999_2005,C849
1999_2005,C1641
1999_2005,C1088
1999_2005,C1118
1999_2005,C306
1999_2005,C1589
1999_2005,C1154
1999_2005,C194
1999_2005,C994
1999_2005,C951
1999_2005,C1268
1999_2005,C1279
1999_2005,C1416
1999_2005,C1003
1999_2005,C1180
1999_2005,C1342
1999_2005,C1703
1999_2005,C1564
1999_2005,C418
1999_2005,C1387
1999_2005,C940
1999_2005,C229
1999_2005,C1389
1999_2005,C777
1999_2005,C11
1999_2005,C665
1999_2005,C59
1999_2005,C416
1999_2005,C1276
1999_2005,C1612
1999_2005,C911
1999_2005,C1232
1999_2005,C1375
1999_2005,C1190
1999_2005,C1479
1999_2005,C1460
1999_2005,C217
1999_2005,C588
1999_2005,C377
1999_2005,C1407
1999_2005,C1005
1999_2005,C819
1999_2005,C330
1999_2005,C624
1999_2005,C455
1999_2005,C62
1999_2005,C310
1999_2005,C122
1999_2005,C886
1999_2005,C254
1999_2005,C95
1999_2005,C738
1999_2005,C317
1999_2005,C432
1999_2005,C1080
1999_2005,C411
1999_2005,C570
1999_2005,C1565
1999_2005,C717
1999_2005,C769
1999_2005,C980
1999_2005,C851
1999_2005,C586
1999_2005,C1665
1999_2005,C415
1999_2005,C324
1999_2005,C832
1999_2005,C1388
1999_2005,C1364
1999_2005,C302
1999_2005,C1258
1999_2005,C1646
1999_2005,C950
1999_2005,C577
1999_2005,C279
1999_2005,C196
1999_2005,C985
1999_2005,C1699
1999_2005,C82
1999_2005,C239
1999_2005,C221
1999_2005,C167
1999_2005,C1686
1999_2005,C1412
1999_2005,C1708
1999_2005,C962
1999_2005,C1055
1999_2005,C1393
1999_2005,C490
1999_2005,C234
1999_2005,C444
1999_2005,C650
1999_2005,C696
1999_2005,C1314
1999_2005,C489
1999_2005,C315
1999_2005,C253
1999_2005,C1519
1999_2005,C1097
1999_2005,C646
1999_2005,C1621
1999_2005,C423
1999_2005,C1226
1999_2005,C366
1999_2005,C736
1999_2005,C1400
1999_2005,C1264
1999_2005,C435
1999_2005,C1510
1999_2005,C652
1999_2005,C371
1999_2005,C887
1999_2005,C93
1999_2005,C1408
1999_2005,C1466
1999_2005,C1323
1999_2005,C1216
1999_2005,C630
1999_2005,C787
1999_2005,C785
1999_2005,C877
1999_2005,C1384
1999_2005,C284
1999_2005,C1075
1999_2005,C1373
1999_2005,C1110
1999_2005,C1488
1999_2005,C337
1999_2005,C1077
1999_2005,C537
1999_2005,C1443
1999_2005,C706
1999_2005,C359
1999_2005,C1417
1999_2005,C280
1999_2005,C206
1999_2005,C120
1999_2005,C200
1999_2005,C322
1999_2005,C312
1999_2005,C1461
1999_2005,C874
1999_2005,C1325
1999_2005,C1308
1999_2005,C1034
1999_2005,C795
1999_2005,C677
1999_2005,C1230
1999_2005,C740
1999_2005,C1368
1999_2005,C1627
1999_2005,C1577
1999_2005,C683
1999_2005,C252
1999_2005,C272
1999_2005,C1229
1999_2005,C935
1999_2005,C12
1999_2005,C532
1999_2005,C259
1999_2005,C52
1999_2005,C1553
1999_2005,C367
1999_2005,C583
1999_2005,C460
1999_2005,C364
1999_2005,C621
1999_2005,C719
1999_2005,C1109
1999_2005,C859
1999_2005,C173
1999_2005,C376
1999_2005,C13
1999_2005,C226
1999_2005,C159
1999_2005,C1677
1999_2005,C534
1999_2005,C1085
1999_2005,C141
1999_2005,C794
1999_2005,C693
1999_2005,C160
1999_2005,C1549
1999_2005,C1396
1999_2005,C1527
1999_2005,C1171
1999_2005,C1421
1999_2005,C635
1999_2005,C1334
1999_2005,C848
1999_2005,C457
1999_2005,C69
1999_2005,C807
1999_2005,C413
1999_2005,C530
1999_2005,C77
1999_2005,C373
1999_2005,C843
1999_2005,C434
1999_2005,C1339
1999_2005,C544
1999_2005,C1475
1999_2005,C817
1999_2005,C496
1999_2005,C631
1999_2005,C1070
1999_2005,C806
1999_2005,C260
1999_2005,C1073
1999_2005,C405
1999_2005,C1293
1999_2005,C1017
1999_2005,C1687
1999_2005,C262
1999_2005,C426
1999_2005,C1681
1999_2005,C1212
1999_2005,C899
1999_2005,C1294
1999_2005,C1536
1999_2005,C1529
1999_2005,C1540
1999_2005,C1701
1999_2005,C1210
1999_2005,C1028
1999_2005,C1248
1999_2005,C1102
1999_2005,C1187
1999_2005,C1100
1999_2005,C1141
1999_2005,C143
1999_2005,C959
1999_2005,C524
1999_2005,C305
1999_2005,C901
1999_2005,C1343
1999_2005,C1112
1999_2005,C1361
1999_2005,C1480
1999_2005,C1620
1999_2005,C180
1999_2005,C1301
1999_2005,C1321
1999_2005,C1472
1999_2005,C685
1999_2005,C1057
1999_2005,C547
1999_2005,C1284
1999_2005,C151
1999_2005,C1528
1999_2005,C219
1999_2005,C1008
1999_2005,C163
1999_2005,C21
1999_2005,C584
1999_2005,C1162
1999_2005,C914
1999_2005,C1558
1999_2005,C966
1999_2005,C805
1999_2005,C1119
1999_2005,C1609
1999_2005,C1344
1999_2005,C608
1999_2005,C191
1999_2005,C1458
1999_2005,C1474
1999_2005,C1358
1999_2005,C788
1999_2005,C1011
1999_2005,C1053
1999_2005,C1419
1999_2005,C223
1999_2005,C156
1999_2005,C192
1999_2005,C61
1999_2005,C125
1999_2005,C157
1999_2005,C114
1999_2005,C866
1999_2005,C211
1999_2005,C172
1999_2005,C281
1999_2005,C3
1999_2005,C242
1999_2005,C1029
1999_2005,C50
1999_2005,C941
1999_2005,C290
1999_2005,C152
1999_2005,C767
1999_2005,C360
1999_2005,C10
1999_2005,C1236
1999_2005,C368
1999_2005,C623
1999_2005,C22
1999_2005,C267
1999_2005,C734
1999_2005,C779
1999_2005,C578
1999_2005,C582
1999_2005,C1622
1999_2005,C741
1999_2005,C910
1999_2005,C314
1999_2005,C1499
1999_2005,C1496
1999_2005,C943
1999_2005,C1042
1999_2005,C261
1999_2005,C1158
1999_2005,C1240
1999_2005,C333
1999_2005,C238
1999_2005,C858
1999_2005,C78
1999_2005,C658
1999_2005,C596
1999_2005,C1523
1999_2005,C1779
1999_2005,C842
1999_2005,C932
1999_2005,C255
1999_2005,C170
1999_2005,C721
1999_2005,C936
1999_2005,C264
1999_2005,C471
1999_2005,C1668
1999_2005,C1429
1999_2005,C610
1999_2005,C802
1999_2005,C1012
1999_2005,C1515
1999_2005,C1285
1999_2005,C820
1999_2005,C357
1999_2005,C1027
1999_2005,C1386
1999_2005,C445
1999_2005,C412
1999_2005,C1439
1999_2005,C1328
1999_2005,C1079
1999_2005,C1228
1999_2005,C1592
1999_2005,C1146
1999_2005,C1125
1999_2005,C923
1999_2005,C705
1999_2005,C1359
1999_2005,C1090
1999_2005,C988
1999_2005,C430
1999_2005,C256
1999_2005,C1644
1999_2005,C670
1999_2005,C1265
1999_2005,C1282
1999_2005,C1313
1999_2005,C1561
1999_2005,C1639
1999_2005,C1193
1999_2005,C1192
1999_2005,C1312
1999_2005,C1371
1999_2005,C1320
1999_2005,C1520
1999_2005,C318
1999_2005,C134
1999_2005,C603
1999_2005,C347
1999_2005,C674
1999_2005,C350
1999_2005,C1157
1999_2005,C1065
1999_2005,C1739
1999_2005,C1481
1999_2005,C1225
1999_2005,C246
1999_2005,C24
1999_2005,C18
1999_2005,C132
1999_2005,C713
1999_2005,C224
1999_2005,C147
1999_2005,C87
1999_2005,C271
1999_2005,C110
1999_2005,C392
1999_2005,C419
1999_2005,C1058
1999_2005,C576
1999_2005,C116
1999_2005,C840
1999_2005,C385
1999_2005,C1559
1999_2005,C466
1999_2005,C19
1999_2005,C162
1999_2005,C378
1999_2005,C189
1999_2005,C938
1999_2005,C304
1999_2005,C394
1999_2005,C1235
1999_2005,C1015
1999_2005,C1374
1999_2005,C691
1999_2005,C800
1999_2005,C327
1999_2005,C681
1999_2005,C711
1999_2005,C1031
1999_2005,C372
1999_2005,C622
1999_2005,C1263
1999_2005,C1252
1999_2005,C338
1999_2005,C161
1999_2005,C505
1999_2005,C174
1999_2005,C776
1999_2005,C527
1999_2005,C739
1999_2005,C548
1999_2005,C1113
1999_2005,C449
1999_2005,C929
1999_2005,C1441
1999_2005,C319
1999_2005,C1538
1999_2005,C999
1999_2005,C789
1999_2005,C1038
1999_2005,C1126
1999_2005,C1106
1999_2005,C1295
1999_2005,C1169
1999_2005,C952
1999_2005,C1607
1999_2005,C1414
1999_2005,C1059
1999_2005,C1682
1999_2005,C614
1999_2005,C890
1999_2005,C1205
1999_2005,C1078
1999_2005,C1397
1999_2005,C1135
1999_2005,C1239
1999_2005,C1709
1999_2005,C1610
1999_2005,C197
1999_2005,C57
1999_2005,C1537
1999_2005,C1521
1999_2005,C1404
1999_2005,C1208
1999_2005,C148
1999_2005,C1550
1999_2005,C613
1999_2005,C1449
1999_2005,C957
1999_2005,C2
1999_2005,C235
1999_2005,C766
1999_2005,C1071
1999_2005,C9
1999_2005,C1123
1999_2005,C597
1999_2005,C135
1999_2005,C144
1999_2005,C91
1999_2005,C438
1999_2005,C888
1999_2005,C1018
1999_2005,C523
1999_2005,C1047
1999_2005,C220
1999_2005,C1369
1999_2005,C495
1999_2005,C243
1999_2005,C735
1999_2005,C634
1999_2005,C796
1999_2005,C266
1999_2005,C1250
1999_2005,C1434
1999_2005,C928
1999_2005,C512
1999_2005,C1394
1999_2005,C395
1999_2005,C876
1999_2005,C1261
1999_2005,C955
1999_2005,C1303
1999_2005,C756
1999_2005,C199
1999_2005,C690
1999_2005,C852
1999_2005,C659
1999_2005,C374
1999_2005,C1063
1999_2005,C209
1999_2005,C448
1999_2005,C296
1999_2005,C1231
1999_2005,C320
1999_2005,C34
1999_2005,C427
1999_2005,C1040
1999_2005,C1101
1999_2005,C1173
1999_2005,C1616
1999_2005,C545
1999_2005,C508
1999_2005,C611
1999_2005,C686
1999_2005,C1378
1999_2005,C30
1999_2005,C572
1999_2005,C733
1999_2005,C1093
1999_2005,C565
1999_2005,C515
1999_2005,C1507
1999_2005,C912
1999_2005,C1200
1999_2005,C1260
1999_2005,C1133
1999_2005,C1747
1999_2005,C1142
1999_2005,C651
1999_2005,C879
1999_2005,C703
1999_2005,C1406
1999_2005,C1243
1999_2005,C299
1999_2005,C947
1999_2005,C88
1999_2005,C816
1999_2005,C655
1999_2005,C1209
1999_2005,C1023
1999_2005,C1695
1999_2005,C771
1999_2005,C1037
1999_2005,C336
1999_2005,C335
1999_2005,C184
1999_2005,C503
1999_2005,C1025
1999_2005,C1310
1999_2005,C687
1999_2005,C158
1999_2005,C550
1999_2005,C461
1999_2005,C29
1999_2005,C781
1999_2005,C564
1999_2005,C1069
1999_2005,C183
1999_2005,C715
1999_2005,C98
1999_2005,C1143
1999_2005,C1427
1999_2005,C1348
1999_2005,C153
1999_2005,C145
1999_2005,C1149
1999_2005,C1304
1999_2005,C1524
1999_2005,C1004
1999_2005,C1064
1999_2005,C664
1999_2005,C225
1999_2005,C744
1999_2005,C1214
1999_2005,C996
1999_2005,C1020
1999_2005,C287
1999_2005,C580
1999_2005,C1277
1999_2005,C1084
1999_2005,C453
1999_2005,C667
1999_2005,C1247
1999_2005,C644
1999_2005,C1198
1999_2005,C762
1999_2005,C1245
1999_2005,C977
1999_2005,C861
1999_2005,C500
1999_2005,C201
1999_2005,C568
1999_2005,C1166
1999_2005,C722
1999_2005,C1727
1999_2005,C1330
1999_2005,C731
1999_2005,C1120
1999_2005,C1068
1999_2005,C1532
1999_2005,C1575
1999_2005,C1060
1999_2005,C904
1999_2005,C356
1999_2005,C1203
1999_2005,C1354
1999_2005,C379
1999_2005,C517
1999_2005,C826
1999_2005,C1051
1999_2005,C1098
1999_2005,C1490
1999_2005,C493
1999_2005,C1219
1999_2005,C1024
1999_2005,C1345
1999_2005,C300
1999_2005,C90
1999_2005,C671
1999_2005,C844
1999_2005,C282
1999_2005,C49
1999_2005,C880
1999_2005,C790
1999_2005,C604
1999_2005,C97
1999_2005,C688
1999_2005,C1044
1999_2005,C922
1999_2005,C39
1999_2005,C81
1999_2005,C605
1999_2005,C241
1999_2005,C198
1999_2005,C982
1999_2005,C83
1999_2005,C54
1999_2005,C301
1999_2005,C768
1999_2005,C351
1999_2005,C974
1999_2005,C408
1999_2005,C128
1999_2005,C85
1999_2005,C286
1999_2005,C171
1999_2005,C450
1999_2005,C165
1999_2005,C486
1999_2005,C822
1999_2005,C906
1999_2005,C960
1999_2005,C615
1999_2005,C328
1999_2005,C384
1999_2005,C649
1999_2005,C1048
1999_2005,C662
1999_2005,C675
1999_2005,C945
1999_2005,C382
1999_2005,C554
1999_2005,C975
1999_2005,C629
1999_2005,C828
1999_2005,C875
1999_2005,C764
1999_2005,C560
1999_2005,C643
1999_2005,C485
1999_2005,C1554
1999_2005,C1544
1999_2005,C599
1999_2005,C291
1999_2005,C1039
1999_2005,C1045
1999_2005,C907
1999_2005,C546
1999_2005,C845
1999_2005,C369
1999_2005,C1347
1999_2005,C881
1999_2005,C47
1999_2005,C169
1999_2005,C971
1999_2005,C146
1999_2005,C72
1999_2005,C17
1999_2005,C407
1999_2005,C420
1999_2005,C142
1999_2005,C539
1999_2005,C417
1999_2005,C1218
1999_2005,C1526
1999_2005,C895
1999_2005,C1099
1999_2005,C1140
1999_2005,C1032
1999_2005,C1379
1999_2005,C1341
1999_2005,C329
1999_2005,C1062
1999_2005,C126
1999_2005,C397
1999_2005,C954
1999_2005,C195
1999_2005,C358
1999_2005,C121
1999_2005,C56
1999_2005,C273
1999_2005,C67
1999_2005,C27
1999_2005,C316
1999_2005,C352
1999_2005,C968
1999_2005,C915
1999_2005,C393
1999_2005,C666
1999_2005,C905
1999_2005,C293
1999_2005,C398
1999_2005,C207
1999_2005,C682
1999_2005,C1390
1999_2005,C232
1999_2005,C388
1999_2005,C323
1999_2005,C558
1999_2005,C551
1999_2005,C847
1999_2005,C507
1999_2005,C791
1999_2005,C1081
1999_2005,C510
1999_2005,C626
1999_2005,C846
1999_2005,C963
1999_2005,C473
1999_2005,C436
1999_2005,C784
1999_2005,C1611
1999_2005,C1545
1999_2005,C1165
1999_2005,C428
1999_2005,C1333
1999_2005,C556
1999_2005,C1129
1999_2005,C704
1999_2005,C825
1999_2005,C1185
1999_2005,C1608
1999_2005,C1370
1999_2005,C1385
1999_2005,C916
1999_2005,C107
1999_2005,C647
1999_2005,C137
1999_2005,C480
1999_2005,C361
1999_2005,C1377
1999_2005,C1033
1999_2005,C1233
1999_2005,C511
1999_2005,C15
1999_2005,C812
1999_2005,C66
1999_2005,C601
1999_2005,C1082
1999_2005,C325
1999_2005,C33
1999_2005,C176
1999_2005,C7
1999_2005,C43
1999_2005,C257
1999_2005,C710
1999_2005,C961
1999_2005,C944
1999_2005,C462
1999_2005,C900
1999_2005,C127
1999_2005,C700
1999_2005,C343
1999_2005,C130
1999_2005,C656
1999_2005,C410
1999_2005,C1221
1999_2005,C425
1999_2005,C942
1999_2005,C909
1999_2005,C638
1999_2005,C311
1999_2005,C1297
1999_2005,C1586
1999_2005,C745
1999_2005,C218
1999_2005,C472
1999_2005,C404
1999_2005,C274
1999_2005,C561
1999_2005,C902
1999_2005,C258
1999_2005,C332
1999_2005,C893
1999_2005,C772
1999_2005,C871
1999_2005,C443
1999_2005,C513
1999_2005,C716
1999_2005,C913
1999_2005,C295
1999_2005,C908
1999_2005,C1144
1999_2005,C660
1999_2005,C831
1999_2005,C896
1999_2005,C1174
1999_2005,C552
1999_2005,C1593
1999_2005,C1227
1999_2005,C808
1999_2005,C751
1999_2005,C1195
1999_2005,C1602
1999_2005,C964
1999_2005,C818
1999_2005,C451
1999_2005,C792
1999_2005,C208
1999_2005,C182
1999_2005,C20
1999_2005,C108
1999_2005,C804
1999_2005,C809
1999_2005,C1151
1999_2005,C823
1999_2005,C422
1999_2005,C727
1999_2005,C1376
1999_2005,C25
1999_2005,C292
1999_2005,C244
1999_2005,C55
1999_2005,C101
1999_2005,C270
1999_2005,C708
1999_2005,C129
1999_2005,C210
1999_2005,C236
1999_2005,C514
1999_2005,C4
1999_2005,C1056
1999_2005,C396
1999_2005,C1267
1999_2005,C990
1999_2005,C563
1999_2005,C112
1999_2005,C983
1999_2005,C862
1999_2005,C1021
1999_2005,C277
1999_2005,C494
1999_2005,C275
1999_2005,C540
1999_2005,C31
1999_2005,C440
1999_2005,C1035
1999_2005,C865
1999_2005,C746
1999_2005,C94
1999_2005,C75
1999_2005,C958
1999_2005,C856
1999_2005,C579
1999_2005,C639
1999_2005,C487
1999_2005,C834
1999_2005,C216
1999_2005,C1743
1999_2005,C948
1999_2005,C492
1999_2005,C998
1999_2005,C750
1999_2005,C775
1999_2005,C737
1999_2005,C482
1999_2005,C585
1999_2005,C855
1999_2005,C491
1999_2005,C1581
1999_2005,C973
1999_2005,C986
1999_2005,C1006
1999_2005,C616
1999_2005,C684
1999_2005,C1630
1999_2005,C231
1999_2005,C1477
1999_2005,C522
1999_2005,C1046
1999_2005,C1105
1999_2005,C697
1999_2005,C581
1999_2005,C979
1999_2005,C1000
1999_2005,C479
1999_2005,C1117
1999_2005,C370
1999_2005,C587
1999_2005,C175
1999_2005,C6
1999_2005,C71
1999_2005,C53
1999_2005,C179
1999_2005,C672
1999_2005,C58
1999_2005,C458
1999_2005,C23
1999_2005,C117
1999_2005,C42
1999_2005,C590
1999_2005,C433
1999_2005,C476
1999_2005,C212
1999_2005,C995
1999_2005,C748
1999_2005,C894
1999_2005,C543
1999_2005,C178
1999_2005,C48
1999_2005,C113
1999_2005,C939
1999_2005,C692
1999_2005,C640
1999_2005,C1010
1999_2005,C84
1999_2005,C536
1999_2005,C475
1999_2005,C1656
1999_2005,C509
1999_2005,C37
1999_2005,C821
1999_2005,C860
1999_2005,C289
1999_2005,C884
1999_2005,C383
1999_2005,C45
1999_2005,C389
1999_2005,C535
1999_2005,C673
1999_2005,C883
1999_2005,C381
1999_2005,C867
1999_2005,C520
1999_2005,C803
1999_2005,C92
1999_2005,C187
1999_2005,C99
1999_2005,C185
1999_2005,C742
1999_2005,C166
1999_2005,C854
1999_2005,C1215
1999_2005,C882
1999_2005,C773
1999_2005,C797
1999_2005,C811
1999_2005,C747
1999_2005,C857
1999_2005,C1067
1999_2005,C798
1999_2005,C1132
1999_2005,C743
1999_2005,C1690
1999_2005,C442
1999_2005,C770
1999_2005,C827
1999_2005,C1338
1999_2005,C754
1999_2005,C575
1999_2005,C68
1999_2005,C1311
1999_2005,C102
1999_2005,C51
1999_2005,C870
1999_2005,C339
1999_2005,C946
1999_2005,C801
1999_2005,C354
1999_2005,C984
1999_2005,C467
1999_2005,C758
1999_2005,C725
1999_2005,C222
1999_2005,C469
1999_2005,C265
1999_2005,C429
1999_2005,C278
1999_2005,C150
1999_2005,C41
1999_2005,C783
1999_2005,C437
1999_2005,C96
1999_2005,C459
1999_2005,C138
1999_2005,C1470
1999_2005,C723
1999_2005,C786
1999_2005,C991
1999_2005,C477
1999_2005,C1049
1999_2005,C1546
1999_2005,C830
1999_2005,C689
1999_2005,C562
1999_2005,C465
1999_2005,C730
1999_2005,C778
1999_2005,C1287
1999_2005,C633
1999_2005,C355
1999_2005,C390
1999_2005,C612
1999_2005,C835
1999_2005,C981
1999_2005,C868
1999_2005,C992
1999_2005,C972
1999_2005,C680
1999_2005,C978
1999_2005,C760
1999_2005,C993
1999_2005,C1356
1999_2005,C987
1999_2005,C154
1999_2005,C506
1999_2005,C16
1999_2005,C44
1999_2005,C749
1999_2005,C1001
1999_2005,C308
1999_2005,C353
1999_2005,C86
1999_2005,C80
1999_2005,C136
1999_2005,C1019
1999_2005,C618
1999_2005,C40
1999_2005,C648
1999_2005,C463
1999_2005,C297
1999_2005,C89
1999_2005,C872
1999_2005,C1054
1999_2005,C202
1999_2005,C245
1999_2005,C642
1999_2005,C119
1999_2005,C850
1999_2005,C345
1999_2005,C676
1999_2005,C531
1999_2005,C553
1999_2005,C699
1999_2005,C997
1999_2005,C285
1999_2005,C483
1999_2005,C516
1999_2005,C1030
1999_2005,C131
1999_2005,C897
1999_2005,C627
1999_2005,C181
1999_2005,C657
1999_2005,C538
1999_2005,C168
1999_2005,C636
1999_2005,C555
1999_2005,C836
1999_2005,C724
1999_2005,C813
1999_2005,C380
1999_2005,C829
1999_2005,C414
1999_2005,C669
1999_2005,C763
1999_2005,C709
1999_2005,C965
2006_2012,C1609
2006_2012,C1671
2006_2012,C1659
2006_2012,C1099
2006_2012,C54
2006_2012,C180
2006_2012,C389
2006_2012,C1493
2006_2012,C413
2006_2012,C1790
2006_2012,C1494
2006_2012,C1246
2006_2012,C1597
2006_2012,C1121
2006_2012,C1337
2006_2012,C1421
2006_2012,C484
2006_2012,C565
2006_2012,C1300
2006_2012,C1512
2006_2012,C1340
2006_2012,C272
2006_2012,C1207
2006_2012,C793
2006_2012,C223
2006_2012,C815
2006_2012,C262
2006_2012,C1217
2006_2012,C638
2006_2012,C678
2006_2012,C1518
2006_2012,C13
2006_2012,C249
2006_2012,C236
2006_2012,C58
2006_2012,C1379
2006_2012,C445
2006_2012,C419
2006_2012,C117
2006_2012,C267
2006_2012,C1716
2006_2012,C64
2006_2012,C725
2006_2012,C189
2006_2012,C165
2006_2012,C256
2006_2012,C480
2006_2012,C358
2006_2012,C1108
2006_2012,C477
2006_2012,C1423
2006_2012,C1569
2006_2012,C911
2006_2012,C1576
2006_2012,C386
2006_2012,C1710
2006_2012,C726
2006_2012,C750
2006_2012,C770
2006_2012,C1389
2006_2012,C1708
2006_2012,C1315
2006_2012,C732
2006_2012,C861
2006_2012,C1198
2006_2012,C1455
2006_2012,C1437
2006_2012,C1431
2006_2012,C1295
2006_2012,C491
2006_2012,C1456
2006_2012,C38
2006_2012,C1118
2006_2012,C1615
2006_2012,C1048
2006_2012,C661
2006_2012,C1289
2006_2012,C347
2006_2012,C333
2006_2012,C795
2006_2012,C552
2006_2012,C526
2006_2012,C435
2006_2012,C322
2006_2012,C1342
2006_2012,C760
2006_2012,C1317
2006_2012,C519
2006_2012,C1662
2006_2012,C755
2006_2012,C1077
2006_2012,C720
2006_2012,C363
2006_2012,C728
2006_2012,C616
2006_2012,C912
2006_2012,C1424
2006_2012,C978
2006_2012,C456
2006_2012,C1422
2006_2012,C290
2006_2012,C675
2006_2012,C1613
2006_2012,C1365
2006_2012,C1195
2006_2012,C765
2006_2012,C1361
2006_2012,C570
2006_2012,C1722
2006_2012,C1698
2006_2012,C1820
2006_2012,C1442
2006_2012,C1157
2006_2012,C268
2006_2012,C1226
2006_2012,C1572
2006_2012,C1700
2006_2012,C1253
2006_2012,C1522
2006_2012,C372
2006_2012,C845
2006_2012,C717
2006_2012,C954
2006_2012,C1507
2006_2012,C1146
2006_2012,C932
2006_2012,C450
2006_2012,C1255
2006_2012,C383
2006_2012,C1550
2006_2012,C1206
2006_2012,C1287
2006_2012,C1568
2006_2012,C1846
2006_2012,C1547
2006_2012,C614
2006_2012,C1224
2006_2012,C292
2006_2012,C1199
2006_2012,C284
2006_2012,C1334
2006_2012,C1804
2006_2012,C326
2006_2012,C1527
2006_2012,C1290
2006_2012,C1467
2006_2012,C1445
2006_2012,C1283
2006_2012,C1483
2006_2012,C1495
2006_2012,C1213
2006_2012,C1502
2006_2012,C221
2006_2012,C1715
2006_2012,C1248
2006_2012,C1154
2006_2012,C1041
2006_2012,C868
2006_2012,C70
2006_2012,C307
2006_2012,C826
2006_2012,C303
2006_2012,C263
2006_2012,C1051
2006_2012,C198
2006_2012,C962
2006_2012,C1384
2006_2012,C1291
2006_2012,C1194
2006_2012,C1153
2006_2012,C418
2006_2012,C1322
2006_2012,C1363
2006_2012,C1471
2006_2012,C1299
2006_2012,C1701
2006_2012,C218
2006_2012,C1050
2006_2012,C1624
2006_2012,C921
2006_2012,C323
2006_2012,C581
2006_2012,C312
2006_2012,C502
2006_2012,C798
2006_2012,C48
2006_2012,C1200
2006_2012,C355
2006_2012,C1019
2006_2012,C88
2006_2012,C343
2006_2012,C84
2006_2012,C133
2006_2012,C1559
2006_2012,C585
2006_2012,C754
2006_2012,C943
2006_2012,C52
2006_2012,C680
2006_2012,C1082
2006_2012,C397
2006_2012,C774
2006_2012,C776
2006_2012,C1049
2006_2012,C305
2006_2012,C622
2006_2012,C81
2006_2012,C558
2006_2012,C653
2006_2012,C1795
2006_2012,C166
2006_2012,C1366
2006_2012,C494
2006_2012,C1357
2006_2012,C429
2006_2012,C543
2006_2012,C972
2006_2012,C662
2006_2012,C1148
2006_2012,C192
2006_2012,C862
2006_2012,C94
2006_2012,C108
2006_2012,C1606
2006_2012,C264
2006_2012,C86
2006_2012,C727
2006_2012,C43
2006_2012,C1362
2006_2012,C927
2006_2012,C981
2006_2012,C686
2006_2012,C304
2006_2012,C1280
2006_2012,C352
2006_2012,C254
2006_2012,C1645
2006_2012,C387
2006_2012,C642
2006_2012,C586
2006_2012,C1197
2006_2012,C989
2006_2012,C630
2006_2012,C1231
2006_2012,C515
2006_2012,C1068
2006_2012,C1172
2006_2012,C1333
2006_2012,C563
2006_2012,C1344
2006_2012,C1388
2006_2012,C1158
2006_2012,C1596
2006_2012,C1684
2006_2012,C1446
2006_2012,C1737
2006_2012,C1668
2006_2012,C1766
2006_2012,C1531
2006_2012,C1307
2006_2012,C1706
2006_2012,C603
2006_2012,C1378
2006_2012,C1163
2006_2012,C982
2006_2012,C916
2006_2012,C392
2006_2012,C1604
2006_2012,C969
2006_2012,C318
2006_2012,C1387
2006_2012,C1689
2006_2012,C550
2006_2012,C1487
2006_2012,C952
2006_2012,C1520
2006_2012,C1192
2006_2012,C1367
2006_2012,C1302
2006_2012,C1727
2006_2012,C369
2006_2012,C824
2006_2012,C1535
2006_2012,C1370
2006_2012,C1580
2006_2012,C1828
2006_2012,C1106
2006_2012,C1162
2006_2012,C1354
2006_2012,C498
2006_2012,C160
2006_2012,C1579
2006_2012,C1583
2006_2012,C1166
2006_2012,C145
2006_2012,C1100
2006_2012,C909
2006_2012,C1190
2006_2012,C1391
2006_2012,C1731
2006_2012,C122
2006_2012,C1179
2006_2012,C567
2006_2012,C56
2006_2012,C711
2006_2012,C890
2006_2012,C516
2006_2012,C82
2006_2012,C124
2006_2012,C16
2006_2012,C656
2006_2012,C1267
2006_2012,C814
2006_2012,C551
2006_2012,C617
2006_2012,C1638
2006_2012,C469
2006_2012,C1481
2006_2012,C481
2006_2012,C270
2006_2012,C167
2006_2012,C238
2006_2012,C850
2006_2012,C39
2006_2012,C676
2006_2012,C1381
2006_2012,C1491
2006_2012,C310
2006_2012,C1486
2006_2012,C644
2006_2012,C545
2006_2012,C1539
2006_2012,C1335
2006_2012,C742
2006_2012,C140
2006_2012,C366
2006_2012,C1309
2006_2012,C85
2006_2012,C1219
2006_2012,C503
2006_2012,C767
2006_2012,C125
2006_2012,C211
2006_2012,C1005
2006_2012,C79
2006_2012,C464
2006_2012,C146
2006_2012,C1396
2006_2012,C1463
2006_2012,C1709
2006_2012,C574
2006_2012,C1262
2006_2012,C1544
2006_2012,C1294
2006_2012,C535
2006_2012,C1436
2006_2012,C46
2006_2012,C1297
2006_2012,C212
2006_2012,C1620
2006_2012,C1667
2006_2012,C204
2006_2012,C980
2006_2012,C1238
2006_2012,C127
2006_2012,C465
2006_2012,C768
2006_2012,C696
2006_2012,C791
2006_2012,C1133
2006_2012,C1313
2006_2012,C1160
2006_2012,C842
2006_2012,C536
2006_2012,C328
2006_2012,C1264
2006_2012,C839
2006_2012,C1510
2006_2012,C764
2006_2012,C138
2006_2012,C1338
2006_2012,C1201
2006_2012,C235
2006_2012,C1393
2006_2012,C1654
2006_2012,C1091
2006_2012,C1822
2006_2012,C1551
2006_2012,C1628
2006_2012,C668
2006_2012,C1204
2006_2012,C1537
2006_2012,C1102
2006_2012,C1513
2006_2012,C1492
2006_2012,C896
2006_2012,C979
2006_2012,C1244
2006_2012,C1169
2006_2012,C1610
2006_2012,C659
2006_2012,C409
2006_2012,C1497
2006_2012,C384
2006_2012,C186
2006_2012,C1257
2006_2012,C1799
2006_2012,C1298
2006_2012,C1476
2006_2012,C1216
2006_2012,C300
2006_2012,C1452
2006_2012,C1651
2006_2012,C1132
2006_2012,C1277
2006_2012,C1649
2006_2012,C1017
2006_2012,C1533
2006_2012,C1318
2006_2012,C1129
2006_2012,C1582
2006_2012,C1785
2006_2012,C441
2006_2012,C1720
2006_2012,C32
2006_2012,C667
2006_2012,C467
2006_2012,C540
2006_2012,C1427
2006_2012,C1560
2006_2012,C12
2006_2012,C22
2006_2012,C1519
2006_2012,C640
2006_2012,C1266
2006_2012,C1402
2006_2012,C1549
2006_2012,C1009
2006_2012,C330
2006_2012,C1142
2006_2012,C1269
2006_2012,C443
2006_2012,C314
2006_2012,C134
2006_2012,C200
2006_2012,C557
2006_2012,C763
2006_2012,C141
2006_2012,C1482
2006_2012,C831
2006_2012,C1465
2006_2012,C957
2006_2012,C683
2006_2012,C1245
2006_2012,C1406
2006_2012,C406
2006_2012,C673
2006_2012,C150
2006_2012,C299
2006_2012,C19
2006_2012,C913
2006_2012,C345
2006_2012,C381
2006_2012,C538
2006_2012,C194
2006_2012,C407
2006_2012,C1311
2006_2012,C402
2006_2012,C454
2006_2012,C1285
2006_2012,C293
2006_2012,C379
2006_2012,C478
2006_2012,C220
2006_2012,C241
2006_2012,C109
2006_2012,C89
2006_2012,C1067
2006_2012,C1073
2006_2012,C1143
2006_2012,C752
2006_2012,C1557
2006_2012,C1131
2006_2012,C427
2006_2012,C1432
2006_2012,C1360
2006_2012,C1516
2006_2012,C1448
2006_2012,C621
2006_2012,C1586
2006_2012,C522
2006_2012,C1109
2006_2012,C1023
2006_2012,C229
2006_2012,C594
2006_2012,C458
2006_2012,C349
2006_2012,C120
2006_2012,C1145
2006_2012,C1281
2006_2012,C1119
2006_2012,C589
2006_2012,C1321
2006_2012,C1635
2006_2012,C975
2006_2012,C1127
2006_2012,C36
2006_2012,C1270
2006_2012,C794
2006_2012,C126
2006_2012,C382
2006_2012,C1738
2006_2012,C153
2006_2012,C811
2006_2012,C967
2006_2012,C697
2006_2012,C880
2006_2012,C1517
2006_2012,C1308
2006_2012,C364
2006_2012,C1439
2006_2012,C1395
2006_2012,C1630
2006_2012,C1394
2006_2012,C1252
2006_2012,C297
2006_2012,C1704
2006_2012,C1135
2006_2012,C1417
2006_2012,C533
2006_2012,C874
2006_2012,C191
2006_2012,C641
2006_2012,C184
2006_2012,C611
2006_2012,C1186
2006_2012,C1325
2006_2012,C1128
2006_2012,C1196
2006_2012,C514
2006_2012,C1000
2006_2012,C1552
2006_2012,C1140
2006_2012,C1484
2006_2012,C1611
2006_2012,C1607
2006_2012,C1639
2006_2012,C1413
2006_2012,C1747
2006_2012,C1236
2006_2012,C1488
2006_2012,C746
2006_2012,C1500
2006_2012,C1688
2006_2012,C1320
2006_2012,C1178
2006_2012,C1748
2006_2012,C1545
2006_2012,C804
2006_2012,C1496
2006_2012,C1851
2006_2012,C837
2006_2012,C541
2006_2012,C595
2006_2012,C390
2006_2012,C271
2006_2012,C1286
2006_2012,C819
2006_2012,C901
2006_2012,C1350
2006_2012,C771
2006_2012,C1038
2006_2012,C1022
2006_2012,C660
2006_2012,C1617
2006_2012,C1139
2006_2012,C1341
2006_2012,C996
2006_2012,C1323
2006_2012,C1059
2006_2012,C42
2006_2012,C1044
2006_2012,C1641
2006_2012,C132
2006_2012,C24
2006_2012,C154
2006_2012,C100
2006_2012,C311
2006_2012,C790
2006_2012,C1209
2006_2012,C255
2006_2012,C171
2006_2012,C3
2006_2012,C163
2006_2012,C1619
2006_2012,C20
2006_2012,C73
2006_2012,C157
2006_2012,C159
2006_2012,C556
2006_2012,C8
2006_2012,C852
2006_2012,C169
2006_2012,C265
2006_2012,C247
2006_2012,C422
2006_2012,C257
2006_2012,C80
2006_2012,C751
2006_2012,C1540
2006_2012,C1329
2006_2012,C162
2006_2012,C354
2006_2012,C723
2006_2012,C196
2006_2012,C730
2006_2012,C334
2006_2012,C669
2006_2012,C357
2006_2012,C914
2006_2012,C885
2006_2012,C1222
2006_2012,C190
2006_2012,C851
2006_2012,C460
2006_2012,C258
2006_2012,C1332
2006_2012,C388
2006_2012,C883
2006_2012,C758
2006_2012,C990
2006_2012,C1043
2006_2012,C706
2006_2012,C766
2006_2012,C1240
2006_2012,C288
2006_2012,C473
2006_2012,C227
2006_2012,C772
2006_2012,C810
2006_2012,C666
2006_2012,C1147
2006_2012,C1126
2006_2012,C1739
2006_2012,C1324
2006_2012,C1349
2006_2012,C718
2006_2012,C1666
2006_2012,C261
2006_2012,C1472
2006_2012,C1682
2006_2012,C1235
2006_2012,C1542
2006_2012,C1401
2006_2012,C1356
2006_2012,C453
2006_2012,C636
2006_2012,C802
2006_2012,C1336
2006_2012,C1725
2006_2012,C1275
2006_2012,C1652
2006_2012,C1020
2006_2012,C902
2006_2012,C1016
2006_2012,C1074
2006_2012,C1276
2006_2012,C945
2006_2012,C1122
2006_2012,C635
2006_2012,C1272
2006_2012,C1296
2006_2012,C1409
2006_2012,C1380
2006_2012,C1590
2006_2012,C1184
2006_2012,C1855
2006_2012,C1543
2006_2012,C1130
2006_2012,C631
2006_2012,C1288
2006_2012,C685
2006_2012,C1595
2006_2012,C151
2006_2012,C1567
2006_2012,C1696
2006_2012,C1279
2006_2012,C836
2006_2012,C47
2006_2012,C1113
2006_2012,C95
2006_2012,C1534
2006_2012,C1616
2006_2012,C1530
2006_2012,C188
2006_2012,C1676
2006_2012,C1066
2006_2012,C49
2006_2012,C562
2006_2012,C344
2006_2012,C643
2006_2012,C1180
2006_2012,C7
2006_2012,C40
2006_2012,C970
2006_2012,C474
2006_2012,C1193
2006_2012,C598
2006_2012,C893
2006_2012,C434
2006_2012,C773
2006_2012,C78
2006_2012,C93
2006_2012,C115
2006_2012,C564
2006_2012,C1770
2006_2012,C45
2006_2012,C340
2006_2012,C1633
2006_2012,C937
2006_2012,C112
2006_2012,C370
2006_2012,C360
2006_2012,C493
2006_2012,C367
2006_2012,C700
2006_2012,C652
2006_2012,C1524
2006_2012,C974
2006_2012,C634
2006_2012,C1686
2006_2012,C69
2006_2012,C57
2006_2012,C205
2006_2012,C158
2006_2012,C1355
2006_2012,C708
2006_2012,C1464
2006_2012,C309
2006_2012,C838
2006_2012,C183
2006_2012,C828
2006_2012,C1364
2006_2012,C1326
2006_2012,C203
2006_2012,C865
2006_2012,C1462
2006_2012,C1755
2006_2012,C1188
2006_2012,C1564
2006_2012,C23
2006_2012,C872
2006_2012,C98
2006_2012,C785
2006_2012,C416
2006_2012,C179
2006_2012,C1414
2006_2012,C1605
2006_2012,C135
2006_2012,C1134
2006_2012,C222
2006_2012,C895
2006_2012,C1064
2006_2012,C992
2006_2012,C174
2006_2012,C496
2006_2012,C1078
2006_2012,C716
2006_2012,C1648
2006_2012,C687
2006_2012,C447
2006_2012,C1061
2006_2012,C1303
2006_2012,C1573
2006_2012,C1053
2006_2012,C761
2006_2012,C577
2006_2012,C781
2006_2012,C410
2006_2012,C1230
2006_2012,C789
2006_2012,C1661
2006_2012,C245
2006_2012,C1247
2006_2012,C1521
2006_2012,C520
2006_2012,C1418
2006_2012,C1601
2006_2012,C1441
2006_2012,C860
2006_2012,C847
2006_2012,C1173
2006_2012,C822
2006_2012,C1375
2006_2012,C1030
2006_2012,C1636
2006_2012,C1227
2006_2012,C1420
2006_2012,C1692
2006_2012,C702
2006_2012,C1233
2006_2012,C1675
2006_2012,C1013
2006_2012,C1156
2006_2012,C1440
2006_2012,C1250
2006_2012,C177
2006_2012,C1374
2006_2012,C1167
2006_2012,C1007
2006_2012,C1215
2006_2012,C455
2006_2012,C928
2006_2012,C1123
2006_2012,C1218
2006_2012,C1468
2006_2012,C1083
2006_2012,C1558
2006_2012,C884
2006_2012,C412
2006_2012,C143
2006_2012,C9
2006_2012,C856
2006_2012,C291
2006_2012,C351
2006_2012,C487
2006_2012,C178
2006_2012,C858
2006_2012,C87
2006_2012,C37
2006_2012,C97
2006_2012,C199
2006_2012,C414
2006_2012,C1310
2006_2012,C324
2006_2012,C757
2006_2012,C130
2006_2012,C156
2006_2012,C273
2006_2012,C792
2006_2012,C1155
2006_2012,C1383
2006_2012,C817
2006_2012,C713
2006_2012,C495
2006_2012,C393
2006_2012,C626
2006_2012,C933
2006_2012,C843
2006_2012,C66
2006_2012,C1025
2006_2012,C278
2006_2012,C820
2006_2012,C571
2006_2012,C346
2006_2012,C958
2006_2012,C116
2006_2012,C738
2006_2012,C1115
2006_2012,C18
2006_2012,C41
2006_2012,C600
2006_2012,C1589
2006_2012,C1116
2006_2012,C225
2006_2012,C1369
2006_2012,C555
2006_2012,C734
2006_2012,C894
2006_2012,C513
2006_2012,C988
2006_2012,C394
2006_2012,C1331
2006_2012,C930
2006_2012,C1466
2006_2012,C391
2006_2012,C1205
2006_2012,C325
2006_2012,C1088
2006_2012,C274
2006_2012,C704
2006_2012,C753
2006_2012,C1347
2006_2012,C629
2006_2012,C905
2006_2012,C873
2006_2012,C476
2006_2012,C739
2006_2012,C1232
2006_2012,C1598
2006_2012,C1234
2006_2012,C532
2006_2012,C1529
2006_2012,C337
2006_2012,C1170
2006_2012,C1373
2006_2012,C451
2006_2012,C596
2006_2012,C848
2006_2012,C373
2006_2012,C1164
2006_2012,C1563
2006_2012,C1260
2006_2012,C1674
2006_2012,C796
2006_2012,C1508
2006_2012,C1141
2006_2012,C1506
2006_2012,C1473
2006_2012,C1622
2006_2012,C1161
2006_2012,C1584
2006_2012,C529
2006_2012,C280
2006_2012,C230
2006_2012,C466
2006_2012,C433
2006_2012,C1430
2006_2012,C243
2006_2012,C1474
2006_2012,C1538
2006_2012,C946
2006_2012,C857
2006_2012,C612
2006_2012,C572
2006_2012,C812
2006_2012,C712
2006_2012,C266
2006_2012,C1212
2006_2012,C991
2006_2012,C593
2006_2012,C1479
2006_2012,C253
2006_2012,C615
2006_2012,C1312
2006_2012,C175
2006_2012,C338
2006_2012,C76
2006_2012,C14
2006_2012,C17
2006_2012,C583
2006_2012,C101
2006_2012,C633
2006_2012,C362
2006_2012,C276
2006_2012,C709
2006_2012,C331
2006_2012,C1653
2006_2012,C68
2006_2012,C152
2006_2012,C693
2006_2012,C408
2006_2012,C1165
2006_2012,C524
2006_2012,C233
2006_2012,C193
2006_2012,C1371
2006_2012,C859
2006_2012,C929
2006_2012,C1110
2006_2012,C787
2006_2012,C51
2006_2012,C1150
2006_2012,C110
2006_2012,C294
2006_2012,C214
2006_2012,C289
2006_2012,C701
2006_2012,C446
2006_2012,C871
2006_2012,C747
2006_2012,C505
2006_2012,C501
2006_2012,C1566
2006_2012,C1282
2006_2012,C808
2006_2012,C1175
2006_2012,C756
2006_2012,C1258
2006_2012,C947
2006_2012,C341
2006_2012,C350
2006_2012,C483
2006_2012,C672
2006_2012,C1015
2006_2012,C1403
2006_2012,C1144
2006_2012,C1570
2006_2012,C1202
2006_2012,C1182
2006_2012,C1419
2006_2012,C1071
2006_2012,C1428
2006_2012,C1447
2006_2012,C876
2006_2012,C898
2006_2012,C778
2006_2012,C1306
2006_2012,C966
2006_2012,C1239
2006_2012,C549
2006_2012,C1251
2006_2012,C1351
2006_2012,C1612
2006_2012,C1805
2006_2012,C649
2006_2012,C688
2006_2012,C1191
2006_2012,C148
2006_2012,C818
2006_2012,C4
2006_2012,C1743
2006_2012,C1008
2006_2012,C2
2006_2012,C566
2006_2012,C786
2006_2012,C11
2006_2012,C1460
2006_2012,C1314
2006_2012,C719
2006_2012,C119
2006_2012,C1377
2006_2012,C147
2006_2012,C420
2006_2012,C121
2006_2012,C1228
2006_2012,C1339
2006_2012,C426
2006_2012,C317
2006_2012,C248
2006_2012,C208
2006_2012,C283
2006_2012,C1028
2006_2012,C234
2006_2012,C131
2006_2012,C472
2006_2012,C63
2006_2012,C316
2006_2012,C554
2006_2012,C216
2006_2012,C731
2006_2012,C103
2006_2012,C444
2006_2012,C1203
2006_2012,C1348
2006_2012,C182
2006_2012,C1072
2006_2012,C961
2006_2012,C573
2006_2012,C1229
2006_2012,C690
2006_2012,C1451
2006_2012,C411
2006_2012,C1089
2006_2012,C679
2006_2012,C1012
2006_2012,C511
2006_2012,C1242
2006_2012,C692
2006_2012,C1528
2006_2012,C1650
2006_2012,C468
2006_2012,C380
2006_2012,C769
2006_2012,C698
2006_2012,C510
2006_2012,C260
2006_2012,C1284
2006_2012,C489
2006_2012,C987
2006_2012,C956
2006_2012,C1187
2006_2012,C1098
2006_2012,C724
2006_2012,C1670
2006_2012,C926
2006_2012,C488
2006_2012,C34
2006_2012,C542
2006_2012,C655
2006_2012,C910
2006_2012,C605
2006_2012,C1390
2006_2012,C835
2006_2012,C1063
2006_2012,C1034
2006_2012,C1501
2006_2012,C1183
2006_2012,C1435
2006_2012,C1014
2006_2012,C597
2006_2012,C1037
2006_2012,C654
2006_2012,C1319
2006_2012,C1525
2006_2012,C1278
2006_2012,C295
2006_2012,C400
2006_2012,C1316
2006_2012,C948
2006_2012,C1092
2006_2012,C863
2006_2012,C833
2006_2012,C886
2006_2012,C1575
2006_2012,C681
2006_2012,C77
2006_2012,C1052
2006_2012,C618
2006_2012,C209
2006_2012,C31
2006_2012,C853
2006_2012,C65
2006_2012,C1152
2006_2012,C181
2006_2012,C136
2006_2012,C279
2006_2012,C797
2006_2012,C807
2006_2012,C339
2006_2012,C33
2006_2012,C197
2006_2012,C60
2006_2012,C604
2006_2012,C899
2006_2012,C559
2006_2012,C1114
2006_2012,C1274
2006_2012,C1556
2006_2012,C128
2006_2012,C803
2006_2012,C226
2006_2012,C440
2006_2012,C784
2006_2012,C1062
2006_2012,C889
2006_2012,C296
2006_2012,C1532
2006_2012,C1273
2006_2012,C809
2006_2012,C735
2006_2012,C882
2006_2012,C575
2006_2012,C1358
2006_2012,C1055
2006_2012,C242
2006_2012,C424
2006_2012,C775
2006_2012,C832
2006_2012,C984
2006_2012,C647
2006_2012,C546
2006_2012,C507
2006_2012,C457
2006_2012,C587
2006_2012,C877
2006_2012,C639
2006_2012,C1080
2006_2012,C579
2006_2012,C1555
2006_2012,C461
2006_2012,C335
2006_2012,C1176
2006_2012,C1026
2006_2012,C1608
2006_2012,C1069
2006_2012,C934
2006_2012,C782
2006_2012,C1006
2006_2012,C1111
2006_2012,C1345
2006_2012,C788
2006_2012,C1453
2006_2012,C1504
2006_2012,C637
2006_2012,C920
2006_2012,C442
2006_2012,C377
2006_2012,C1644
2006_2012,C1124
2006_2012,C783
2006_2012,C1032
2006_2012,C971
2006_2012,C907
2006_2012,C396
2006_2012,C470
2006_2012,C799
2006_2012,C1210
2006_2012,C1120
2006_2012,C523
2006_2012,C870
2006_2012,C691
2006_2012,C371
2006_2012,C187
2006_2012,C576
2006_2012,C1149
2006_2012,C866
2006_2012,C269
2006_2012,C976
2006_2012,C114
2006_2012,C215
2006_2012,C67
2006_2012,C224
2006_2012,C144
2006_2012,C104
2006_2012,C308
2006_2012,C816
2006_2012,C665
2006_2012,C591
2006_2012,C428
2006_2012,C431
2006_2012,C319
2006_2012,C624
2006_2012,C1254
2006_2012,C1075
2006_2012,C959
2006_2012,C1021
2006_2012,C206
2006_2012,C1220
2006_2012,C736
2006_2012,C705
2006_2012,C627
2006_2012,C944
2006_2012,C365
2006_2012,C964
2006_2012,C332
2006_2012,C479
2006_2012,C286
2006_2012,C762
2006_2012,C670
2006_2012,C356
2006_2012,C942
2006_2012,C998
2006_2012,C695
2006_2012,C749
2006_2012,C361
2006_2012,C999
2006_2012,C1004
2006_2012,C259
2006_2012,C779
2006_2012,C1081
2006_2012,C963
2006_2012,C1249
2006_2012,C610
2006_2012,C1003
2006_2012,C904
2006_2012,C1159
2006_2012,C1042
2006_2012,C113
2006_2012,C1304
2006_2012,C1385
2006_2012,C628
2006_2012,C1292
2006_2012,C985
2006_2012,C404
2006_2012,C940
2006_2012,C417
2006_2012,C1151
2006_2012,C646
2006_2012,C931
2006_2012,C83
2006_2012,C619
2006_2012,C1577
2006_2012,C906
2006_2012,C1499
2006_2012,C584
2006_2012,C601
2006_2012,C951
2006_2012,C560
2006_2012,C423
2006_2012,C75
2006_2012,C497
2006_2012,C336
2006_2012,C359
2006_2012,C29
2006_2012,C1112
2006_2012,C102
2006_2012,C485
2006_2012,C521
2006_2012,C986
2006_2012,C425
2006_2012,C827
2006_2012,C923
2006_2012,C950
2006_2012,C1027
2006_2012,C953
2006_2012,C231
2006_2012,C677
2006_2012,C1094
2006_2012,C118
2006_2012,C72
2006_2012,C459
2006_2012,C645
2006_2012,C840
2006_2012,C1505
2006_2012,C878
2006_2012,C780
2006_2012,C439
2006_2012,C504
2006_2012,C925
2006_2012,C462
2006_2012,C908
2006_2012,C213
2006_2012,C897
2006_2012,C246
2006_2012,C1086
2006_2012,C490
2006_2012,C168
2006_2012,C806
2006_2012,C492
2006_2012,C149
2006_2012,C534
2006_2012,C699
2006_2012,C919
2006_2012,C185
2006_2012,C938
2006_2012,C855
2006_2012,C1490
2006_2012,C1469
2006_2012,C1018
2006_2012,C625
2006_2012,C1256
2006_2012,C1353
2006_2012,C1687
2006_2012,C939
2006_2012,C1168
2006_2012,C1171
2006_2012,C1259
2006_2012,C1343
2006_2012,C1221
2006_2012,C813
2006_2012,C44
2006_2012,C129
2006_2012,C1177
2006_2012,C965
2006_2012,C1105
2006_2012,C671
2006_2012,C486
2006_2012,C59
2006_2012,C50
2006_2012,C1293
2006_2012,C743
2006_2012,C398
2006_2012,C1103
2006_2012,C606
2006_2012,C613
2006_2012,C823
2006_2012,C1241
2006_2012,C846
2006_2012,C99
2006_2012,C353
2006_2012,C1024
2006_2012,C651
2006_2012,C684
2006_2012,C401
2006_2012,C721
2006_2012,C1093
2006_2012,C1368
2006_2012,C237
2006_2012,C715
2006_2012,C320
2006_2012,C155
2006_2012,C430
2006_2012,C399
2006_2012,C915
2006_2012,C1211
2006_2012,C448
2006_2012,C891
2006_2012,C568
2006_2012,C277
2006_2012,C275
2006_2012,C368
2006_2012,C648
2006_2012,C1039
2006_2012,C607
2006_2012,C602
2006_2012,C342
2006_2012,C844
2006_2012,C1085
2006_2012,C960
2006_2012,C968
2006_2012,C1763
2006_2012,C1243
2006_2012,C888
2006_2012,C994
2006_2012,C841
2006_2012,C1125
2006_2012,C437
2006_2012,C285
2006_2012,C21
2006_2012,C374
2006_2012,C173
2006_2012,C955
2006_2012,C1526
2006_2012,C1137
2006_2012,C415
2006_2012,C854
2006_2012,C321
2006_2012,C500
2006_2012,C161
2006_2012,C1397
2006_2012,C62
2006_2012,C436
2006_2012,C632
2006_2012,C403
2006_2012,C378
2006_2012,C875
2006_2012,C61
2006_2012,C375
2006_2012,C232
2006_2012,C195
2006_2012,C30
2006_2012,C298
2006_2012,C315
2006_2012,C1181
2006_2012,C142
2006_2012,C1035
2006_2012,C302
2006_2012,C821
2006_2012,C15
2006_2012,C176
2006_2012,C123
2006_2012,C941
2006_2012,C55
2006_2012,C1031
2006_2012,C139
2006_2012,C1070
2006_2012,C348
2006_2012,C917
2006_2012,C664
2006_2012,C219
2006_2012,C53
2006_2012,C1346
2006_2012,C759
2006_2012,C544
2006_2012,C745
2006_2012,C432
2006_2012,C977
2006_2012,C703
2006_2012,C900
2006_2012,C707
2006_2012,C1562
2006_2012,C531
2006_2012,C918
2006_2012,C1084
2006_2012,C830
2006_2012,C1438
2006_2012,C512
2006_2012,C449
2006_2012,C1107
2006_2012,C537
2006_2012,C674
2006_2012,C463
2006_2012,C580
2006_2012,C657
2006_2012,C588
2006_2012,C800
2006_2012,C530
2006_2012,C1095
2006_2012,C1090
2006_2012,C1087
2006_2012,C1058
2006_2012,C327
2006_2012,C997
2006_2012,C202
2006_2012,C892
2006_2012,C983
2006_2012,C438
2006_2012,C689
2006_2012,C25
2006_2012,C164
2006_2012,C1056
2006_2012,C722
2006_2012,C1096
2006_2012,C887
2006_2012,C993
2006_2012,C949
2006_2012,C228
2006_2012,C547
2006_2012,C609
2006_2012,C90
2006_2012,C252
2006_2012,C1060
2006_2012,C301
2006_2012,C590
2006_2012,C935
2006_2012,C829
2006_2012,C658
2006_2012,C376
2006_2012,C903
2006_2012,C1046
2006_2012,C210
2006_2012,C201
2006_2012,C777
2006_2012,C1033
2006_2012,C740
2006_2012,C471
2006_2012,C1040
2006_2012,C663
2006_2012,C1029
2006_2012,C539
2006_2012,C561
2006_2012,C528
2006_2012,C922
2006_2012,C805
2006_2012,C1433
2006_2012,C1057
2006_2012,C879
2006_2012,C1097
2006_2012,C834
2006_2012,C1079
2006_2012,C924
2006_2012,C385
2006_2012,C650
2006_2012,C1001
2006_2012,C1136
2006_2012,C217
2006_2012,C106
2006_2012,C582
2006_2012,C282
2006_2012,C482
2006_2012,C27
2006_2012,C506
2006_2012,C881
2006_2012,C825
2006_2012,C172
2006_2012,C5
2006_2012,C405
2006_2012,C71
2006_2012,C250
2006_2012,C96
2006_2012,C1117
2006_2012,C741
2006_2012,C499
2006_2012,C251
2006_2012,C553
2006_2012,C28
2006_2012,C1011
2006_2012,C694
2006_2012,C244
2006_2012,C1002
2006_2012,C137
2006_2012,C74
2006_2012,C170
2006_2012,C1101
2006_2012,C867
2006_2012,C1076
2006_2012,C35
2006_2012,C287
2006_2012,C620
2006_2012,C527
2006_2012,C240
2006_2012,C239
2006_2012,C517
2006_2012,C306
2006_2012,C599
2006_2012,C207
2006_2012,C452
2006_2012,C729
2006_2012,C973
2006_2012,C1045
2006_2012,C744
2006_2012,C111
2006_2012,C548
2006_2012,C107
2006_2012,C1054
2006_2012,C475
2006_2012,C936
2006_2012,C592
2006_2012,C733
2006_2012,C525
2006_2012,C869
2006_2012,C710
2006_2012,C801
2006_2012,C1036
2006_2012,C1065
2006_2012,C1047
2006_2012,C1010
2006_2012,C682
2006_2012,C714
2006_2012,C995
2006_2012,C508
2006_2012,C849
2013_2019,C1423
2013_2019,C855
2013_2019,C1675
2013_2019,C1233
2013_2019,C588
2013_2019,C1816
2013_2019,C1517
2013_2019,C135
2013_2019,C1545
2013_2019,C890
2013_2019,C1569
2013_2019,C1906
2013_2019,C423
2013_2019,C1338
2013_2019,C1428
2013_2019,C761
2013_2019,C1704
2013_2019,C1291
2013_2019,C1707
2013_2019,C1259
2013_2019,C145
2013_2019,C1220
2013_2019,C134
2013_2019,C24
2013_2019,C99
2013_2019,C10
2013_2019,C844
2013_2019,C400
2013_2019,C243
2013_2019,C1060
2013_2019,C1412
2013_2019,C629
2013_2019,C1507
2013_2019,C493
2013_2019,C1376
2013_2019,C1348
2013_2019,C679
2013_2019,C317
2013_2019,C1613
2013_2019,C396
2013_2019,C110
2013_2019,C517
2013_2019,C706
2013_2019,C292
2013_2019,C663
2013_2019,C558
2013_2019,C137
2013_2019,C669
2013_2019,C212
2013_2019,C142
2013_2019,C16
2013_2019,C1134
2013_2019,C1093
2013_2019,C471
2013_2019,C575
2013_2019,C783
2013_2019,C1335
2013_2019,C224
2013_2019,C1279
2013_2019,C455
2013_2019,C979
2013_2019,C1604
2013_2019,C196
2013_2019,C800
2013_2019,C1257
2013_2019,C1591
2013_2019,C1776
2013_2019,C297
2013_2019,C1334
2013_2019,C1304
2013_2019,C1362
2013_2019,C583
2013_2019,C1753
2013_2019,C1230
2013_2019,C582
2013_2019,C1302
2013_2019,C197
2013_2019,C257
2013_2019,C1599
2013_2019,C343
2013_2019,C1718
2013_2019,C469
2013_2019,C1391
2013_2019,C854
2013_2019,C1371
2013_2019,C1191
2013_2019,C562
2013_2019,C1746
2013_2019,C356
2013_2019,C13
2013_2019,C1493
2013_2019,C834
2013_2019,C540
2013_2019,C1658
2013_2019,C459
2013_2019,C926
2013_2019,C1555
2013_2019,C1306
2013_2019,C240
2013_2019,C1343
2013_2019,C1541
2013_2019,C1110
2013_2019,C1172
2013_2019,C1414
2013_2019,C1256
2013_2019,C1558
2013_2019,C1364
2013_2019,C1278
2013_2019,C1474
2013_2019,C204
2013_2019,C1196
2013_2019,C862
2013_2019,C1835
2013_2019,C1532
2013_2019,C1501
2013_2019,C1731
2013_2019,C443
2013_2019,C1456
2013_2019,C1556
2013_2019,C1725
2013_2019,C531
2013_2019,C1659
2013_2019,C434
2013_2019,C1775
2013_2019,C456
2013_2019,C397
2013_2019,C1141
2013_2019,C148
2013_2019,C1671
2013_2019,C52
2013_2019,C1715
2013_2019,C945
2013_2019,C577
2013_2019,C1047
2013_2019,C1162
2013_2019,C1042
2013_2019,C1400
2013_2019,C1088
2013_2019,C1363
2013_2019,C1477
2013_2019,C1544
2013_2019,C799
2013_2019,C1655
2013_2019,C1684
2013_2019,C388
2013_2019,C1536
2013_2019,C38
2013_2019,C1630
2013_2019,C1248
2013_2019,C1605
2013_2019,C1612
2013_2019,C1587
2013_2019,C490
2013_2019,C1268
2013_2019,C1434
2013_2019,C1832
2013_2019,C1502
2013_2019,C1576
2013_2019,C1369
2013_2019,C1573
2013_2019,C295
2013_2019,C602
2013_2019,C1384
2013_2019,C1793
2013_2019,C1520
2013_2019,C1677
2013_2019,C1749
2013_2019,C936
2013_2019,C1126
2013_2019,C662
2013_2019,C1701
2013_2019,C1273
2013_2019,C1237
2013_2019,C1854
2013_2019,C1877
2013_2019,C1855
2013_2019,C336
2013_2019,C1478
2013_2019,C1653
2013_2019,C731
2013_2019,C1188
2013_2019,C1708
2013_2019,C1411
2013_2019,C1101
2013_2019,C1224
2013_2019,C1534
2013_2019,C680
2013_2019,C1462
2013_2019,C820
2013_2019,C1509
2013_2019,C1290
2013_2019,C1368
2013_2019,C1316
2013_2019,C448
2013_2019,C1333
2013_2019,C1885
2013_2019,C1461
2013_2019,C1634
2013_2019,C1040
2013_2019,C265
2013_2019,C1869
2013_2019,C1295
2013_2019,C14
2013_2019,C68
2013_2019,C802
2013_2019,C766
2013_2019,C116
2013_2019,C867
2013_2019,C150
2013_2019,C697
2013_2019,C2
2013_2019,C129
2013_2019,C1208
2013_2019,C1036
2013_2019,C969
2013_2019,C1217
2013_2019,C299
2013_2019,C4
2013_2019,C1568
2013_2019,C727
2013_2019,C338
2013_2019,C112
2013_2019,C327
2013_2019,C115
2013_2019,C1123
2013_2019,C1072
2013_2019,C252
2013_2019,C610
2013_2019,C522
2013_2019,C217
2013_2019,C496
2013_2019,C769
2013_2019,C1409
2013_2019,C193
2013_2019,C1561
2013_2019,C1404
2013_2019,C1444
2013_2019,C1175
2013_2019,C1705
2013_2019,C1710
2013_2019,C324
2013_2019,C1489
2013_2019,C518
2013_2019,C1373
2013_2019,C636
2013_2019,C745
2013_2019,C1289
2013_2019,C1138
2013_2019,C726
2013_2019,C182
2013_2019,C1018
2013_2019,C526
2013_2019,C1496
2013_2019,C347
2013_2019,C1327
2013_2019,C1802
2013_2019,C1317
2013_2019,C1861
2013_2019,C536
2013_2019,C957
2013_2019,C1645
2013_2019,C312
2013_2019,C1324
2013_2019,C232
2013_2019,C1521
2013_2019,C1812
2013_2019,C1298
2013_2019,C1499
2013_2019,C1600
2013_2019,C183
2013_2019,C147
2013_2019,C1608
2013_2019,C1592
2013_2019,C661
2013_2019,C1490
2013_2019,C587
2013_2019,C705
2013_2019,C1293
2013_2019,C1262
2013_2019,C466
2013_2019,C1012
2013_2019,C1413
2013_2019,C1468
2013_2019,C1833
2013_2019,C467
2013_2019,C1397
2013_2019,C723
2013_2019,C1676
2013_2019,C1538
2013_2019,C1811
2013_2019,C1488
2013_2019,C1772
2013_2019,C1656
2013_2019,C1466
2013_2019,C1562
2013_2019,C1570
2013_2019,C1239
2013_2019,C1580
2013_2019,C221
2013_2019,C1836
2013_2019,C289
2013_2019,C842
2013_2019,C1320
2013_2019,C1408
2013_2019,C514
2013_2019,C656
2013_2019,C892
2013_2019,C928
2013_2019,C1697
2013_2019,C1360
2013_2019,C1763
2013_2019,C1286
2013_2019,C684
2013_2019,C1572
2013_2019,C1610
2013_2019,C1296
2013_2019,C1639
2013_2019,C440
2013_2019,C1104
2013_2019,C785
2013_2019,C1325
2013_2019,C1503
2013_2019,C1416
2013_2019,C475
2013_2019,C1636
2013_2019,C1449
2013_2019,C1094
2013_2019,C1637
2013_2019,C1241
2013_2019,C1593
2013_2019,C1625
2013_2019,C1340
2013_2019,C1554
2013_2019,C1641
2013_2019,C136
2013_2019,C1843
2013_2019,C1095
2013_2019,C1657
2013_2019,C1052
2013_2019,C1694
2013_2019,C1445
2013_2019,C1515
2013_2019,C486
2013_2019,C615
2013_2019,C1758
2013_2019,C1685
2013_2019,C532
2013_2019,C1350
2013_2019,C239
2013_2019,C1201
2013_2019,C325
2013_2019,C1155
2013_2019,C1066
2013_2019,C1356
2013_2019,C1308
2013_2019,C1721
2013_2019,C429
2013_2019,C1265
2013_2019,C78
2013_2019,C390
2013_2019,C96
2013_2019,C1651
2013_2019,C1505
2013_2019,C509
2013_2019,C1222
2013_2019,C474
2013_2019,C952
2013_2019,C1662
2013_2019,C1585
2013_2019,C1700
2013_2019,C1385
2013_2019,C1266
2013_2019,C1026
2013_2019,C188
2013_2019,C1004
2013_2019,C472
2013_2019,C1178
2013_2019,C79
2013_2019,C35
2013_2019,C233
2013_2019,C127
2013_2019,C965
2013_2019,C1732
2013_2019,C1669
2013_2019,C29
2013_2019,C223
2013_2019,C651
2013_2019,C84
2013_2019,C210
2013_2019,C593
2013_2019,C1358
2013_2019,C904
2013_2019,C557
2013_2019,C762
2013_2019,C463
2013_2019,C1250
2013_2019,C1438
2013_2019,C1806
2013_2019,C1582
2013_2019,C1511
2013_2019,C1347
2013_2019,C549
2013_2019,C967
2013_2019,C567
2013_2019,C464
2013_2019,C788
2013_2019,C538
2013_2019,C1223
2013_2019,C1039
2013_2019,C1339
2013_2019,C1759
2013_2019,C990
2013_2019,C909
2013_2019,C1661
2013_2019,C954
2013_2019,C1564
2013_2019,C1374
2013_2019,C1530
2013_2019,C1309
2013_2019,C413
2013_2019,C1089
2013_2019,C1465
2013_2019,C427
2013_2019,C1551
2013_2019,C1000
2013_2019,C897
2013_2019,C478
2013_2019,C516
2013_2019,C1133
2013_2019,C1251
2013_2019,C1190
2013_2019,C190
2013_2019,C732
2013_2019,C1571
2013_2019,C1826
2013_2019,C1670
2013_2019,C789
2013_2019,C816
2013_2019,C915
2013_2019,C371
2013_2019,C1779
2013_2019,C170
2013_2019,C1243
2013_2019,C1214
2013_2019,C439
2013_2019,C544
2013_2019,C638
2013_2019,C380
2013_2019,C465
2013_2019,C1341
2013_2019,C591
2013_2019,C1542
2013_2019,C941
2013_2019,C1097
2013_2019,C721
2013_2019,C1540
2013_2019,C1410
2013_2019,C529
2013_2019,C618
2013_2019,C1287
2013_2019,C1679
2013_2019,C714
2013_2019,C1229
2013_2019,C508
2013_2019,C334
2013_2019,C141
2013_2019,C838
2013_2019,C910
2013_2019,C1722
2013_2019,C1473
2013_2019,C286
2013_2019,C1386
2013_2019,C1426
2013_2019,C1319
2013_2019,C1392
2013_2019,C1640
2013_2019,C1584
2013_2019,C898
2013_2019,C1531
2013_2019,C1331
2013_2019,C1442
2013_2019,C654
2013_2019,C1523
2013_2019,C492
2013_2019,C1726
2013_2019,C1254
2013_2019,C1550
2013_2019,C1007
2013_2019,C1303
2013_2019,C899
2013_2019,C1242
2013_2019,C318
2013_2019,C34
2013_2019,C556
2013_2019,C1263
2013_2019,C1199
2013_2019,C566
2013_2019,C1486
2013_2019,C1318
2013_2019,C780
2013_2019,C984
2013_2019,C1422
2013_2019,C1107
2013_2019,C1828
2013_2019,C460
2013_2019,C611
2013_2019,C37
2013_2019,C32
2013_2019,C97
2013_2019,C777
2013_2019,C274
2013_2019,C23
2013_2019,C249
2013_2019,C1193
2013_2019,C165
2013_2019,C725
2013_2019,C144
2013_2019,C553
2013_2019,C1560
2013_2019,C505
2013_2019,C298
2013_2019,C1192
2013_2019,C1210
2013_2019,C523
2013_2019,C1083
2013_2019,C994
2013_2019,C405
2013_2019,C246
2013_2019,C702
2013_2019,C667
2013_2019,C1071
2013_2019,C1135
2013_2019,C207
2013_2019,C418
2013_2019,C1069
2013_2019,C103
2013_2019,C219
2013_2019,C624
2013_2019,C484
2013_2019,C428
2013_2019,C756
2013_2019,C118
2013_2019,C5
2013_2019,C864
2013_2019,C1443
2013_2019,C906
2013_2019,C728
2013_2019,C412
2013_2019,C1365
2013_2019,C267
2013_2019,C1765
2013_2019,C1244
2013_2019,C740
2013_2019,C821
2013_2019,C328
2013_2019,C109
2013_2019,C972
2013_2019,C626
2013_2019,C1142
2013_2019,C639
2013_2019,C1169
2013_2019,C1810
2013_2019,C344
2013_2019,C438
2013_2019,C1346
2013_2019,C161
2013_2019,C66
2013_2019,C105
2013_2019,C1427
2013_2019,C982
2013_2019,C410
2013_2019,C1140
2013_2019,C1035
2013_2019,C622
2013_2019,C1780
2013_2019,C704
2013_2019,C1504
2013_2019,C441
2013_2019,C1383
2013_2019,C882
2013_2019,C548
2013_2019,C227
2013_2019,C574
2013_2019,C1495
2013_2019,C1773
2013_2019,C1218
2013_2019,C724
2013_2019,C1829
2013_2019,C1590
2013_2019,C822
2013_2019,C1553
2013_2019,C964
2013_2019,C1470
2013_2019,C688
2013_2019,C1419
2013_2019,C1315
2013_2019,C1421
2013_2019,C573
2013_2019,C767
2013_2019,C835
2013_2019,C1471
2013_2019,C763
2013_2019,C1078
2013_2019,C1215
2013_2019,C696
2013_2019,C437
2013_2019,C1463
2013_2019,C1441
2013_2019,C1017
2013_2019,C1472
2013_2019,C1712
2013_2019,C1029
2013_2019,C1403
2013_2019,C1709
2013_2019,C1395
2013_2019,C551
2013_2019,C1790
2013_2019,C1632
2013_2019,C1418
2013_2019,C806
2013_2019,C442
2013_2019,C402
2013_2019,C401
2013_2019,C614
2013_2019,C1649
2013_2019,C935
2013_2019,C1082
2013_2019,C1808
2013_2019,C333
2013_2019,C513
2013_2019,C1354
2013_2019,C206
2013_2019,C209
2013_2019,C798
2013_2019,C738
2013_2019,C310
2013_2019,C198
2013_2019,C585
2013_2019,C322
2013_2019,C256
2013_2019,C1357
2013_2019,C1043
2013_2019,C535
2013_2019,C617
2013_2019,C907
2013_2019,C1664
2013_2019,C273
2013_2019,C393
2013_2019,C64
2013_2019,C368
2013_2019,C736
2013_2019,C259
2013_2019,C1269
2013_2019,C1236
2013_2019,C367
2013_2019,C350
2013_2019,C970
2013_2019,C1115
2013_2019,C1272
2013_2019,C143
2013_2019,C247
2013_2019,C1352
2013_2019,C1440
2013_2019,C787
2013_2019,C169
2013_2019,C205
2013_2019,C184
2013_2019,C113
2013_2019,C101
2013_2019,C1157
2013_2019,C951
2013_2019,C966
2013_2019,C1027
2013_2019,C1119
2013_2019,C1329
2013_2019,C1683
2013_2019,C1285
2013_2019,C296
2013_2019,C1075
2013_2019,C1053
2013_2019,C1431
2013_2019,C181
2013_2019,C792
2013_2019,C414
2013_2019,C997
2013_2019,C646
2013_2019,C775
2013_2019,C1280
2013_2019,C1228
2013_2019,C1044
2013_2019,C1539
2013_2019,C1209
2013_2019,C713
2013_2019,C1389
2013_2019,C633
2013_2019,C701
2013_2019,C1533
2013_2019,C650
2013_2019,C1038
2013_2019,C1310
2013_2019,C1668
2013_2019,C968
2013_2019,C809
2013_2019,C372
2013_2019,C384
2013_2019,C1305
2013_2019,C989
2013_2019,C1455
2013_2019,C1166
2013_2019,C931
2013_2019,C1437
2013_2019,C1457
2013_2019,C1264
2013_2019,C1300
2013_2019,C1050
2013_2019,C1246
2013_2019,C1253
2013_2019,C901
2013_2019,C998
2013_2019,C225
2013_2019,C981
2013_2019,C406
2013_2019,C655
2013_2019,C647
2013_2019,C707
2013_2019,C1388
2013_2019,C857
2013_2019,C1621
2013_2019,C805
2013_2019,C1687
2013_2019,C447
2013_2019,C605
2013_2019,C1552
2013_2019,C1588
2013_2019,C1602
2013_2019,C1702
2013_2019,C1168
2013_2019,C1754
2013_2019,C1009
2013_2019,C126
2013_2019,C1022
2013_2019,C1200
2013_2019,C947
2013_2019,C1452
2013_2019,C1344
2013_2019,C1064
2013_2019,C9
2013_2019,C284
2013_2019,C1433
2013_2019,C1603
2013_2019,C1020
2013_2019,C1578
2013_2019,C1225
2013_2019,C1514
2013_2019,C1448
2013_2019,C1258
2013_2019,C537
2013_2019,C1261
2013_2019,C1158
2013_2019,C28
2013_2019,C106
2013_2019,C228
2013_2019,C716
2013_2019,C69
2013_2019,C311
2013_2019,C157
2013_2019,C691
2013_2019,C1736
2013_2019,C832
2013_2019,C63
2013_2019,C40
2013_2019,C856
2013_2019,C191
2013_2019,C124
2013_2019,C797
2013_2019,C156
2013_2019,C44
2013_2019,C559
2013_2019,C229
2013_2019,C128
2013_2019,C180
2013_2019,C1313
2013_2019,C1475
2013_2019,C216
2013_2019,C1202
2013_2019,C491
2013_2019,C1355
2013_2019,C359
2013_2019,C1353
2013_2019,C93
2013_2019,C771
2013_2019,C853
2013_2019,C1631
2013_2019,C1696
2013_2019,C625
2013_2019,C1058
2013_2019,C281
2013_2019,C425
2013_2019,C868
2013_2019,C42
2013_2019,C1015
2013_2019,C1601
2013_2019,C692
2013_2019,C831
2013_2019,C1081
2013_2019,C1583
2013_2019,C90
2013_2019,C381
2013_2019,C1314
2013_2019,C46
2013_2019,C174
2013_2019,C1666
2013_2019,C858
2013_2019,C1359
2013_2019,C878
2013_2019,C187
2013_2019,C73
2013_2019,C739
2013_2019,C920
2013_2019,C784
2013_2019,C1614
2013_2019,C741
2013_2019,C352
2013_2019,C1563
2013_2019,C824
2013_2019,C1628
2013_2019,C1173
2013_2019,C279
2013_2019,C1510
2013_2019,C1159
2013_2019,C988
2013_2019,C578
2013_2019,C1387
2013_2019,C1751
2013_2019,C601
2013_2019,C1145
2013_2019,C1451
2013_2019,C426
2013_2019,C476
2013_2019,C1049
2013_2019,C1574
2013_2019,C1245
2013_2019,C360
2013_2019,C445
2013_2019,C693
2013_2019,C1006
2013_2019,C1116
2013_2019,C1219
2013_2019,C1436
2013_2019,C1711
2013_2019,C561
2013_2019,C1128
2013_2019,C643
2013_2019,C502
2013_2019,C458
2013_2019,C1051
2013_2019,C369
2013_2019,C146
2013_2019,C758
2013_2019,C1203
2013_2019,C547
2013_2019,C757
2013_2019,C539
2013_2019,C290
2013_2019,C1512
2013_2019,C960
2013_2019,C672
2013_2019,C689
2013_2019,C92
2013_2019,C162
2013_2019,C545
2013_2019,C1750
2013_2019,C1292
2013_2019,C1321
2013_2019,C1054
2013_2019,C1176
2013_2019,C481
2013_2019,C1100
2013_2019,C1522
2013_2019,C1288
2013_2019,C1156
2013_2019,C1131
2013_2019,C985
2013_2019,C752
2013_2019,C1393
2013_2019,C1713
2013_2019,C213
2013_2019,C377
2013_2019,C956
2013_2019,C1005
2013_2019,C1526
2013_2019,C131
2013_2019,C107
2013_2019,C83
2013_2019,C501
2013_2019,C911
2013_2019,C1108
2013_2019,C22
2013_2019,C1487
2013_2019,C172
2013_2019,C1080
2013_2019,C829
2013_2019,C712
2013_2019,C541
2013_2019,C462
2013_2019,C546
2013_2019,C616
2013_2019,C666
2013_2019,C1525
2013_2019,C303
2013_2019,C499
2013_2019,C1446
2013_2019,C939
2013_2019,C1180
2013_2019,C1073
2013_2019,C1398
2013_2019,C1067
2013_2019,C1401
2013_2019,C1739
2013_2019,C261
2013_2019,C786
2013_2019,C1096
2013_2019,C1460
2013_2019,C1102
2013_2019,C803
2013_2019,C230
2013_2019,C1182
2013_2019,C1798
2013_2019,C581
2013_2019,C1528
2013_2019,C1055
2013_2019,C1737
2013_2019,C450
2013_2019,C883
2013_2019,C1046
2013_2019,C1378
2013_2019,C859
2013_2019,C1143
2013_2019,C1498
2013_2019,C451
2013_2019,C1034
2013_2019,C237
2013_2019,C1678
2013_2019,C1185
2013_2019,C1204
2013_2019,C1024
2013_2019,C1367
2013_2019,C283
2013_2019,C687
2013_2019,C1730
2013_2019,C841
2013_2019,C1226
2013_2019,C914
2013_2019,C942
2013_2019,C457
2013_2019,C1497
2013_2019,C671
2013_2019,C976
2013_2019,C1198
2013_2019,C1481
2013_2019,C753
2013_2019,C1483
2013_2019,C607
2013_2019,C1686
2013_2019,C304
2013_2019,C950
2013_2019,C1118
2013_2019,C1213
2013_2019,C1543
2013_2019,C1399
2013_2019,C963
2013_2019,C1727
2013_2019,C1351
2013_2019,C730
2013_2019,C1041
2013_2019,C1147
2013_2019,C18
2013_2019,C1595
2013_2019,C961
2013_2019,C564
2013_2019,C495
2013_2019,C507
2013_2019,C826
2013_2019,C1633
2013_2019,C1342
2013_2019,C1003
2013_2019,C938
2013_2019,C1424
2013_2019,C1607
2013_2019,C60
2013_2019,C599
2013_2019,C595
2013_2019,C220
2013_2019,C887
2013_2019,C75
2013_2019,C1174
2013_2019,C202
2013_2019,C695
2013_2019,C922
2013_2019,C76
2013_2019,C264
2013_2019,C392
2013_2019,C21
2013_2019,C203
2013_2019,C95
2013_2019,C828
2013_2019,C91
2013_2019,C208
2013_2019,C201
2013_2019,C250
2013_2019,C1429
2013_2019,C355
2013_2019,C411
2013_2019,C1276
2013_2019,C1270
2013_2019,C1771
2013_2019,C1127
2013_2019,C908
2013_2019,C313
2013_2019,C1161
2013_2019,C1518
2013_2019,C255
2013_2019,C1382
2013_2019,C764
2013_2019,C1221
2013_2019,C155
2013_2019,C1800
2013_2019,C363
2013_2019,C345
2013_2019,C1547
2013_2019,C1406
2013_2019,C300
2013_2019,C991
2013_2019,C555
2013_2019,C664
2013_2019,C609
2013_2019,C351
2013_2019,C685
2013_2019,C571
2013_2019,C1370
2013_2019,C379
2013_2019,C500
2013_2019,C262
2013_2019,C1148
2013_2019,C992
2013_2019,C488
2013_2019,C690
2013_2019,C811
2013_2019,C1249
2013_2019,C421
2013_2019,C241
2013_2019,C653
2013_2019,C613
2013_2019,C933
2013_2019,C1581
2013_2019,C1136
2013_2019,C1728
2013_2019,C1439
2013_2019,C1724
2013_2019,C1090
2013_2019,C1417
2013_2019,C1247
2013_2019,C1782
2013_2019,C251
2013_2019,C995
2013_2019,C50
2013_2019,C694
2013_2019,C1074
2013_2019,C211
2013_2019,C563
2013_2019,C916
2013_2019,C47
2013_2019,C473
2013_2019,C1692
2013_2019,C1037
2013_2019,C420
2013_2019,C132
2013_2019,C331
2013_2019,C971
2013_2019,C937
2013_2019,C632
2013_2019,C1322
2013_2019,C1619
2013_2019,C59
2013_2019,C94
2013_2019,C342
2013_2019,C86
2013_2019,C276
2013_2019,C234
2013_2019,C444
2013_2019,C70
2013_2019,C1500
2013_2019,C88
2013_2019,C744
2013_2019,C306
2013_2019,C114
2013_2019,C748
2013_2019,C253
2013_2019,C983
2013_2019,C341
2013_2019,C579
2013_2019,C432
2013_2019,C512
2013_2019,C287
2013_2019,C807
2013_2019,C648
2013_2019,C843
2013_2019,C316
2013_2019,C1447
2013_2019,C1535
2013_2019,C793
2013_2019,C1297
2013_2019,C678
2013_2019,C337
2013_2019,C849
2013_2019,C335
2013_2019,C177
2013_2019,C72
2013_2019,C497
2013_2019,C1372
2013_2019,C1691
2013_2019,C665
2013_2019,C641
2013_2019,C619
2013_2019,C895
2013_2019,C977
2013_2019,C1001
2013_2019,C973
2013_2019,C1057
2013_2019,C606
2013_2019,C872
2013_2019,C1031
2013_2019,C1032
2013_2019,C1283
2013_2019,C1028
2013_2019,C1150
2013_2019,C1014
2013_2019,C812
2013_2019,C1454
2013_2019,C74
2013_2019,C1567
2013_2019,C1575
2013_2019,C1672
2013_2019,C1629
2013_2019,C1328
2013_2019,C896
2013_2019,C852
2013_2019,C1023
2013_2019,C1681
2013_2019,C1231
2013_2019,C987
2013_2019,C751
2013_2019,C891
2013_2019,C1647
2013_2019,C31
2013_2019,C1698
2013_2019,C885
2013_2019,C1076
2013_2019,C1113
2013_2019,C717
2013_2019,C1299
2013_2019,C873
2013_2019,C815
2013_2019,C398
2013_2019,C1706
2013_2019,C1377
2013_2019,C57
2013_2019,C263
2013_2019,C153
2013_2019,C30
2013_2019,C139
2013_2019,C65
2013_2019,C71
2013_2019,C1330
2013_2019,C268
2013_2019,C743
2013_2019,C845
2013_2019,C33
2013_2019,C814
2013_2019,C652
2013_2019,C192
2013_2019,C877
2013_2019,C974
2013_2019,C586
2013_2019,C214
2013_2019,C550
2013_2019,C630
2013_2019,C1579
2013_2019,C932
2013_2019,C594
2013_2019,C489
2013_2019,C108
2013_2019,C810
2013_2019,C1716
2013_2019,C804
2013_2019,C572
2013_2019,C1167
2013_2019,C1827
2013_2019,C1275
2013_2019,C668
2013_2019,C850
2013_2019,C1171
2013_2019,C603
2013_2019,C659
2013_2019,C506
2013_2019,C1061
2013_2019,C621
2013_2019,C682
2013_2019,C375
2013_2019,C576
2013_2019,C403
2013_2019,C1070
2013_2019,C200
2013_2019,C1260
2013_2019,C925
2013_2019,C1402
2013_2019,C1432
2013_2019,C1267
2013_2019,C1667
2013_2019,C1129
2013_2019,C160
2013_2019,C902
2013_2019,C755
2013_2019,C737
2013_2019,C515
2013_2019,C226
2013_2019,C978
2013_2019,C1366
2013_2019,C340
2013_2019,C1087
2013_2019,C1609
2013_2019,C673
2013_2019,C1693
2013_2019,C1010
2013_2019,C1723
2013_2019,C1895
2013_2019,C874
2013_2019,C759
2013_2019,C1345
2013_2019,C946
2013_2019,C167
2013_2019,C1617
2013_2019,C272
2013_2019,C770
2013_2019,C323
2013_2019,C7
2013_2019,C794
2013_2019,C408
2013_2019,C1216
2013_2019,C700
2013_2019,C1033
2013_2019,C260
2013_2019,C1277
2013_2019,C781
2013_2019,C865
2013_2019,C919
2013_2019,C1114
2013_2019,C1013
2013_2019,C923
2013_2019,C130
2013_2019,C87
2013_2019,C125
2013_2019,C248
2013_2019,C80
2013_2019,C1594
2013_2019,C27
2013_2019,C154
2013_2019,C3
2013_2019,C399
2013_2019,C1766
2013_2019,C138
2013_2019,C708
2013_2019,C1284
2013_2019,C330
2013_2019,C20
2013_2019,C818
2013_2019,C270
2013_2019,C1186
2013_2019,C301
2013_2019,C1099
2013_2019,C1120
2013_2019,C81
2013_2019,C527
2013_2019,C373
2013_2019,C934
2013_2019,C277
2013_2019,C175
2013_2019,C41
2013_2019,C436
2013_2019,C900
2013_2019,C370
2013_2019,C152
2013_2019,C644
2013_2019,C1184
2013_2019,C199
2013_2019,C185
2013_2019,C1361
2013_2019,C699
2013_2019,C596
2013_2019,C1234
2013_2019,C483
2013_2019,C238
2013_2019,C720
2013_2019,C494
2013_2019,C623
2013_2019,C245
2013_2019,C1065
2013_2019,C1326
2013_2019,C1195
2013_2019,C1189
2013_2019,C1112
2013_2019,C1121
2013_2019,C1103
2013_2019,C869
2013_2019,C975
2013_2019,C860
2013_2019,C158
2013_2019,C1045
2013_2019,C754
2013_2019,C1137
2013_2019,C1238
2013_2019,C733
2013_2019,C927
2013_2019,C332
2013_2019,C231
2013_2019,C846
2013_2019,C677
2013_2019,C863
2013_2019,C893
2013_2019,C848
2013_2019,C1194
2013_2019,C189
2013_2019,C1459
2013_2019,C1235
2013_2019,C729
2013_2019,C453
2013_2019,C888
2013_2019,C827
2013_2019,C1484
2013_2019,C768
2013_2019,C1450
2013_2019,C17
2013_2019,C823
2013_2019,C48
2013_2019,C376
2013_2019,C1149
2013_2019,C222
2013_2019,C254
2013_2019,C111
2013_2019,C1092
2013_2019,C675
2013_2019,C61
2013_2019,C568
2013_2019,C58
2013_2019,C236
2013_2019,C387
2013_2019,C419
2013_2019,C1059
2013_2019,C291
2013_2019,C266
2013_2019,C953
2013_2019,C366
2013_2019,C542
2013_2019,C1205
2013_2019,C1111
2013_2019,C321
2013_2019,C404
2013_2019,C1021
2013_2019,C955
2013_2019,C1699
2013_2019,C1160
2013_2019,C703
2013_2019,C683
2013_2019,C790
2013_2019,C570
2013_2019,C1337
2013_2019,C628
2013_2019,C422
2013_2019,C521
2013_2019,C470
2013_2019,C1151
2013_2019,C504
2013_2019,C779
2013_2019,C774
2013_2019,C1085
2013_2019,C808
2013_2019,C749
2013_2019,C468
2013_2019,C801
2013_2019,C718
2013_2019,C710
2013_2019,C1109
2013_2019,C645
2013_2019,C1586
2013_2019,C791
2013_2019,C1206
2013_2019,C1674
2013_2019,C329
2013_2019,C49
2013_2019,C917
2013_2019,C870
2013_2019,C409
2013_2019,C1274
2013_2019,C929
2013_2019,C993
2013_2019,C349
2013_2019,C658
2013_2019,C480
2013_2019,C358
2013_2019,C1048
2013_2019,C676
2013_2019,C1232
2013_2019,C876
2013_2019,C1091
2013_2019,C163
2013_2019,C55
2013_2019,C43
2013_2019,C1008
2013_2019,C1002
2013_2019,C1124
2013_2019,C102
2013_2019,C637
2013_2019,C454
2013_2019,C1179
2013_2019,C565
2013_2019,C944
2013_2019,C348
2013_2019,C362
2013_2019,C631
2013_2019,C294
2013_2019,C361
2013_2019,C996
2013_2019,C634
2013_2019,C560
2013_2019,C374
2013_2019,C833
2013_2019,C660
2013_2019,C1312
2013_2019,C600
2013_2019,C552
2013_2019,C796
2013_2019,C395
2013_2019,C314
2013_2019,C999
2013_2019,C1122
2013_2019,C866
2013_2019,C1390
2013_2019,C357
2013_2019,C839
2013_2019,C1652
2013_2019,C389
2013_2019,C1152
2013_2019,C1144
2013_2019,C734
2013_2019,C1164
2013_2019,C269
2013_2019,C326
2013_2019,C171
2013_2019,C921
2013_2019,C1011
2013_2019,C627
2013_2019,C698
2013_2019,C819
2013_2019,C1130
2013_2019,C1281
2013_2019,C711
2013_2019,C1105
2013_2019,C1494
2013_2019,C1255
2013_2019,C1183
2013_2019,C590
2013_2019,C930
2013_2019,C949
2013_2019,C1177
2013_2019,C894
2013_2019,C903
2013_2019,C918
2013_2019,C1025
2013_2019,C11
2013_2019,C346
2013_2019,C307
2013_2019,C149
2013_2019,C278
2013_2019,C760
2013_2019,C36
2013_2019,C519
2013_2019,C354
2013_2019,C45
2013_2019,C394
2013_2019,C67
2013_2019,C487
2013_2019,C861
2013_2019,C244
2013_2019,C482
2013_2019,C746
2013_2019,C924
2013_2019,C435
2013_2019,C309
2013_2019,C19
2013_2019,C452
2013_2019,C1068
2013_2019,C120
2013_2019,C424
2013_2019,C164
2013_2019,C886
2013_2019,C817
2013_2019,C722
2013_2019,C940
2013_2019,C151
2013_2019,C365
2013_2019,C302
2013_2019,C905
2013_2019,C383
2013_2019,C604
2013_2019,C813
2013_2019,C851
2013_2019,C179
2013_2019,C122
2013_2019,C1642
2013_2019,C620
2013_2019,C353
2013_2019,C391
2013_2019,C830
2013_2019,C89
2013_2019,C782
2013_2019,C288
2013_2019,C750
2013_2019,C773
2013_2019,C1132
2013_2019,C1153
2013_2019,C1030
2013_2019,C959
2013_2019,C498
2013_2019,C742
2013_2019,C1181
2013_2019,C1620
2013_2019,C670
2013_2019,C1323
2013_2019,C1163
2013_2019,C1063
2013_2019,C719
2013_2019,C1146
2013_2019,C1252
2013_2019,C1529
2013_2019,C847
2013_2019,C53
2013_2019,C431
2013_2019,C140
2013_2019,C657
2013_2019,C195
2013_2019,C597
2013_2019,C1077
2013_2019,C674
2013_2019,C1125
2013_2019,C15
2013_2019,C98
2013_2019,C51
2013_2019,C173
2013_2019,C166
2013_2019,C430
2013_2019,C417
2013_2019,C524
2013_2019,C1154
2013_2019,C1294
2013_2019,C709
2013_2019,C77
2013_2019,C364
2013_2019,C1056
2013_2019,C218
2013_2019,C825
2013_2019,C608
2013_2019,C649
2013_2019,C765
2013_2019,C589
2013_2019,C554
2013_2019,C485
2013_2019,C681
2013_2019,C1106
2013_2019,C871
2013_2019,C308
2013_2019,C795
2013_2019,C119
2013_2019,C686
2013_2019,C612
2013_2019,C1187
2013_2019,C39
2013_2019,C879
2013_2019,C85
2013_2019,C382
2013_2019,C1079
2013_2019,C305
2013_2019,C510
2013_2019,C1019
2013_2019,C242
2013_2019,C840
2013_2019,C235
2013_2019,C123
2013_2019,C592
2013_2019,C520
2013_2019,C530
2013_2019,C385
2013_2019,C1086
2013_2019,C528
2013_2019,C958
2013_2019,C778
2013_2019,C1139
2013_2019,C1207
2013_2019,C875
2013_2019,C598
2013_2019,C1016
2013_2019,C446
2013_2019,C12
2013_2019,C258
2013_2019,C1453
2013_2019,C315
2013_2019,C1170
2013_2019,C62
2013_2019,C580
2013_2019,C159
2013_2019,C776
2013_2019,C117
2013_2019,C176
2013_2019,C378
2013_2019,C837
2013_2019,C186
2013_2019,C293
2013_2019,C1405
2013_2019,C215
2013_2019,C275
2013_2019,C386
2013_2019,C986
2013_2019,C25
2013_2019,C889
2013_2019,C416
2013_2019,C461
2013_2019,C121
2013_2019,C54
2013_2019,C943
2013_2019,C56
2013_2019,C477
2013_2019,C1098
2013_2019,C280
2013_2019,C168
2013_2019,C635
2013_2019,C1271
2013_2019,C913
2013_2019,C282
2013_2019,C534
2013_2019,C962
2013_2019,C980
2013_2019,C178
2013_2019,C1062
2013_2019,C133
2013_2019,C319
2013_2019,C569
2013_2019,C1197
2013_2019,C880
2013_2019,C503
2013_2019,C735
2013_2019,C912
2013_2019,C836
2013_2019,C1165
2013_2019,C1084
2013_2019,C194
2013_2019,C407
2013_2019,C449
2013_2019,C772
2013_2019,C525
2013_2019,C640
2013_2019,C884
2013_2019,C948
2020_2022,C175
2020_2022,C116
2020_2022,C559
2020_2022,C678
2020_2022,C414
2020_2022,C899
2020_2022,C1127
2020_2022,C961
2020_2022,C76
2020_2022,C1265
2020_2022,C1184
2020_2022,C884
2020_2022,C861
2020_2022,C1276
2020_2022,C69
2020_2022,C244
2020_2022,C781
2020_2022,C733
2020_2022,C1069
2020_2022,C890
2020_2022,C983
2020_2022,C755
2020_2022,C1024
2020_2022,C463
2020_2022,C868
2020_2022,C520
2020_2022,C1176
2020_2022,C1147
2020_2022,C1168
2020_2022,C801
2020_2022,C1247
2020_2022,C1160
2020_2022,C82
2020_2022,C202
2020_2022,C377
2020_2022,C21
2020_2022,C475
2020_2022,C197
2020_2022,C86
2020_2022,C588
2020_2022,C638
2020_2022,C67
2020_2022,C943
2020_2022,C1161
2020_2022,C194
2020_2022,C1139
2020_2022,C1137
2020_2022,C441
2020_2022,C216
2020_2022,C1055
2020_2022,C796
2020_2022,C1097
2020_2022,C691
2020_2022,C246
2020_2022,C1093
2020_2022,C789
2020_2022,C813
2020_2022,C426
2020_2022,C892
2020_2022,C158
2020_2022,C1135
2020_2022,C379
2020_2022,C193
2020_2022,C835
2020_2022,C117
2020_2022,C702
2020_2022,C303
2020_2022,C23
2020_2022,C439
2020_2022,C693
2020_2022,C108
2020_2022,C437
2020_2022,C203
2020_2022,C675
2020_2022,C552
2020_2022,C431
2020_2022,C224
2020_2022,C345
2020_2022,C674
2020_2022,C532
2020_2022,C1157
2020_2022,C712
2020_2022,C1067
2020_2022,C1206
2020_2022,C1149
2020_2022,C1125
2020_2022,C349
2020_2022,C797
2020_2022,C1089
2020_2022,C630
2020_2022,C256
2020_2022,C858
2020_2022,C214
2020_2022,C766
2020_2022,C219
2020_2022,C814
2020_2022,C1014
2020_2022,C1142
2020_2022,C810
2020_2022,C974
2020_2022,C1230
2020_2022,C649
2020_2022,C1287
2020_2022,C1058
2020_2022,C701
2020_2022,C714
2020_2022,C300
2020_2022,C1048
2020_2022,C1021
2020_2022,C824
2020_2022,C311
2020_2022,C269
2020_2022,C578
2020_2022,C1296
2020_2022,C1255
2020_2022,C686
2020_2022,C947
2020_2022,C656
2020_2022,C1042
2020_2022,C1073
2020_2022,C1114
2020_2022,C420
2020_2022,C184
2020_2022,C1034
2020_2022,C931
2020_2022,C791
2020_2022,C682
2020_2022,C1017
2020_2022,C845
2020_2022,C1164
2020_2022,C427
2020_2022,C767
2020_2022,C737
2020_2022,C1028
2020_2022,C1211
2020_2022,C1242
2020_2022,C684
2020_2022,C986
2020_2022,C836
2020_2022,C972
2020_2022,C1033
2020_2022,C1221
2020_2022,C998
2020_2022,C1136
2020_2022,C895
2020_2022,C285
2020_2022,C1109
2020_2022,C969
2020_2022,C1106
2020_2022,C987
2020_2022,C1000
2020_2022,C963
2020_2022,C903
2020_2022,C981
2020_2022,C1209
2020_2022,C157
2020_2022,C756
2020_2022,C1115
2020_2022,C951
2020_2022,C960
2020_2022,C1306
2020_2022,C752
2020_2022,C874
2020_2022,C597
2020_2022,C1043
2020_2022,C64
2020_2022,C904
2020_2022,C950
2020_2022,C715
2020_2022,C296
2020_2022,C147
2020_2022,C460
2020_2022,C1183
2020_2022,C263
2020_2022,C59
2020_2022,C957
2020_2022,C187
2020_2022,C81
2020_2022,C397
2020_2022,C136
2020_2022,C1010
2020_2022,C395
2020_2022,C322
2020_2022,C221
2020_2022,C971
2020_2022,C406
2020_2022,C121
2020_2022,C500
2020_2022,C909
2020_2022,C141
2020_2022,C760
2020_2022,C804
2020_2022,C966
2020_2022,C271
2020_2022,C1008
2020_2022,C243
2020_2022,C289
2020_2022,C863
2020_2022,C698
2020_2022,C692
2020_2022,C328
2020_2022,C1057
2020_2022,C66
2020_2022,C799
2020_2022,C869
2020_2022,C100
2020_2022,C720
2020_2022,C690
2020_2022,C870
2020_2022,C518
2020_2022,C337
2020_2022,C665
2020_2022,C669
2020_2022,C1004
2020_2022,C667
2020_2022,C1023
2020_2022,C305
2020_2022,C1056
2020_2022,C601
2020_2022,C309
2020_2022,C78
2020_2022,C434
2020_2022,C1026
2020_2022,C238
2020_2022,C627
2020_2022,C189
2020_2022,C99
2020_2022,C679
2020_2022,C745
2020_2022,C815
2020_2022,C49
2020_2022,C852
2020_2022,C342
2020_2022,C452
2020_2022,C1327
2020_2022,C598
2020_2022,C747
2020_2022,C980
2020_2022,C1007
2020_2022,C833
2020_2022,C1085
2020_2022,C848
2020_2022,C1179
2020_2022,C654
2020_2022,C327
2020_2022,C978
2020_2022,C728
2020_2022,C866
2020_2022,C773
2020_2022,C62
2020_2022,C1094
2020_2022,C1108
2020_2022,C1036
2020_2022,C1290
2020_2022,C806
2020_2022,C739
2020_2022,C1241
2020_2022,C727
2020_2022,C635
2020_2022,C873
2020_2022,C925
2020_2022,C1130
2020_2022,C1077
2020_2022,C867
2020_2022,C973
2020_2022,C681
2020_2022,C1190
2020_2022,C808
2020_2022,C1072
2020_2022,C336
2020_2022,C910
2020_2022,C1046
2020_2022,C119
2020_2022,C828
2020_2022,C735
2020_2022,C616
2020_2022,C713
2020_2022,C891
2020_2022,C408
2020_2022,C769
2020_2022,C1074
2020_2022,C16
2020_2022,C590
2020_2022,C935
2020_2022,C704
2020_2022,C267
2020_2022,C122
2020_2022,C538
2020_2022,C51
2020_2022,C249
2020_2022,C52
2020_2022,C326
2020_2022,C242
2020_2022,C42
2020_2022,C210
2020_2022,C757
2020_2022,C1152
2020_2022,C871
2020_2022,C970
2020_2022,C777
2020_2022,C1113
2020_2022,C382
2020_2022,C195
2020_2022,C403
2020_2022,C855
2020_2022,C1087
2020_2022,C471
2020_2022,C211
2020_2022,C729
2020_2022,C1102
2020_2022,C716
2020_2022,C721
2020_2022,C155
2020_2022,C584
2020_2022,C853
2020_2022,C732
2020_2022,C516
2020_2022,C422
2020_2022,C551
2020_2022,C1263
2020_2022,C152
2020_2022,C1015
2020_2022,C989
2020_2022,C742
2020_2022,C933
2020_2022,C447
2020_2022,C1071
2020_2022,C70
2020_2022,C440
2020_2022,C631
2020_2022,C907
2020_2022,C646
2020_2022,C762
2020_2022,C847
2020_2022,C840
2020_2022,C539
2020_2022,C392
2020_2022,C771
2020_2022,C1035
2020_2022,C1171
2020_2022,C914
2020_2022,C719
2020_2022,C825
2020_2022,C826
2020_2022,C1235
2020_2022,C834
2020_2022,C428
2020_2022,C896
2020_2022,C809
2020_2022,C535
2020_2022,C318
2020_2022,C603
2020_2022,C897
2020_2022,C1232
2020_2022,C339
2020_2022,C276
2020_2022,C1172
2020_2022,C696
2020_2022,C915
2020_2022,C1052
2020_2022,C1129
2020_2022,C1167
2020_2022,C959
2020_2022,C1267
2020_2022,C266
2020_2022,C827
2020_2022,C942
2020_2022,C782
2020_2022,C1054
2020_2022,C389
2020_2022,C1163
2020_2022,C1283
2020_2022,C734
2020_2022,C1075
2020_2022,C19
2020_2022,C726
2020_2022,C854
2020_2022,C275
2020_2022,C898
2020_2022,C18
2020_2022,C123
2020_2022,C425
2020_2022,C281
2020_2022,C34
2020_2022,C677
2020_2022,C965
2020_2022,C625
2020_2022,C922
2020_2022,C196
2020_2022,C131
2020_2022,C527
2020_2022,C1016
2020_2022,C35
2020_2022,C506
2020_2022,C962
2020_2022,C723
2020_2022,C288
2020_2022,C5
2020_2022,C161
2020_2022,C953
2020_2022,C163
2020_2022,C453
2020_2022,C543
2020_2022,C657
2020_2022,C1059
2020_2022,C1012
2020_2022,C1118
2020_2022,C976
2020_2022,C944
2020_2022,C939
2020_2022,C347
2020_2022,C118
2020_2022,C50
2020_2022,C660
2020_2022,C946
2020_2022,C323
2020_2022,C204
2020_2022,C562
2020_2022,C363
2020_2022,C329
2020_2022,C474
2020_2022,C753
2020_2022,C1002
2020_2022,C886
2020_2022,C110
2020_2022,C168
2020_2022,C109
2020_2022,C658
2020_2022,C37
2020_2022,C236
2020_2022,C765
2020_2022,C741
2020_2022,C837
2020_2022,C622
2020_2022,C421
2020_2022,C370
2020_2022,C964
2020_2022,C53
2020_2022,C260
2020_2022,C1076
2020_2022,C792
2020_2022,C606
2020_2022,C483
2020_2022,C928
2020_2022,C287
2020_2022,C1020
2020_2022,C749
2020_2022,C751
2020_2022,C731
2020_2022,C688
2020_2022,C632
2020_2022,C948
2020_2022,C564
2020_2022,C844
2020_2022,C560
2020_2022,C579
2020_2022,C435
2020_2022,C307
2020_2022,C821
2020_2022,C663
2020_2022,C717
2020_2022,C1309
2020_2022,C793
2020_2022,C461
2020_2022,C779
2020_2022,C1154
2020_2022,C512
2020_2022,C1029
2020_2022,C672
2020_2022,C923
2020_2022,C1117
2020_2022,C1082
2020_2022,C294
2020_2022,C859
2020_2022,C683
2020_2022,C1070
2020_2022,C849
2020_2022,C96
2020_2022,C787
2020_2022,C641
2020_2022,C700
2020_2022,C297
2020_2022,C376
2020_2022,C879
2020_2022,C924
2020_2022,C400
2020_2022,C124
2020_2022,C43
2020_2022,C209
2020_2022,C75
2020_2022,C900
2020_2022,C28
2020_2022,C179
2020_2022,C3
2020_2022,C529
2020_2022,C7
2020_2022,C455
2020_2022,C166
2020_2022,C348
2020_2022,C610
2020_2022,C748
2020_2022,C842
2020_2022,C20
2020_2022,C887
2020_2022,C390
2020_2022,C384
2020_2022,C143
2020_2022,C580
2020_2022,C240
2020_2022,C994
2020_2022,C979
2020_2022,C85
2020_2022,C173
2020_2022,C319
2020_2022,C255
2020_2022,C262
2020_2022,C857
2020_2022,C668
2020_2022,C95
2020_2022,C883
2020_2022,C232
2020_2022,C877
2020_2022,C820
2020_2022,C226
2020_2022,C984
2020_2022,C274
2020_2022,C872
2020_2022,C513
2020_2022,C343
2020_2022,C142
2020_2022,C876
2020_2022,C724
2020_2022,C785
2020_2022,C919
2020_2022,C188
2020_2022,C164
2020_2022,C1185
2020_2022,C812
2020_2022,C496
2020_2022,C278
2020_2022,C694
2020_2022,C621
2020_2022,C889
2020_2022,C295
2020_2022,C607
2020_2022,C1215
2020_2022,C1293
2020_2022,C788
2020_2022,C800
2020_2022,C817
2020_2022,C666
2020_2022,C982
2020_2022,C990
2020_2022,C774
2020_2022,C706
2020_2022,C489
2020_2022,C467
2020_2022,C650
2020_2022,C394
2020_2022,C103
2020_2022,C1220
2020_2022,C1099
2020_2022,C673
2020_2022,C1187
2020_2022,C32
2020_2022,C237
2020_2022,C555
2020_2022,C763
2020_2022,C72
2020_2022,C1236
2020_2022,C92
2020_2022,C1039
2020_2022,C167
2020_2022,C548
2020_2022,C1090
2020_2022,C1159
2020_2022,C482
2020_2022,C722
2020_2022,C84
2020_2022,C190
2020_2022,C999
2020_2022,C1246
2020_2022,C573
2020_2022,C750
2020_2022,C523
2020_2022,C1027
2020_2022,C330
2020_2022,C574
2020_2022,C268
2020_2022,C798
2020_2022,C1181
2020_2022,C549
2020_2022,C487
2020_2022,C456
2020_2022,C207
2020_2022,C220
2020_2022,C1252
2020_2022,C945
2020_2022,C509
2020_2022,C198
2020_2022,C839
2020_2022,C553
2020_2022,C1101
2020_2022,C488
2020_2022,C356
2020_2022,C229
2020_2022,C508
2020_2022,C761
2020_2022,C554
2020_2022,C670
2020_2022,C90
2020_2022,C783
2020_2022,C1188
2020_2022,C540
2020_2022,C1065
2020_2022,C132
2020_2022,C775
2020_2022,C215
2020_2022,C306
2020_2022,C1040
2020_2022,C200
2020_2022,C399
2020_2022,C33
2020_2022,C778
2020_2022,C521
2020_2022,C1119
2020_2022,C355
2020_2022,C272
2020_2022,C1134
2020_2022,C367
2020_2022,C754
2020_2022,C758
2020_2022,C412
2020_2022,C519
2020_2022,C1038
2020_2022,C312
2020_2022,C438
2020_2022,C186
2020_2022,C902
2020_2022,C818
2020_2022,C893
2020_2022,C647
2020_2022,C129
2020_2022,C138
2020_2022,C375
2020_2022,C9
2020_2022,C205
2020_2022,C13
2020_2022,C988
2020_2022,C310
2020_2022,C515
2020_2022,C250
2020_2022,C137
2020_2022,C324
2020_2022,C967
2020_2022,C502
2020_2022,C567
2020_2022,C599
2020_2022,C153
2020_2022,C26
2020_2022,C449
2020_2022,C536
2020_2022,C703
2020_2022,C531
2020_2022,C608
2020_2022,C223
2020_2022,C154
2020_2022,C410
2020_2022,C433
2020_2022,C104
2020_2022,C416
2020_2022,C479
2020_2022,C333
2020_2022,C545
2020_2022,C888
2020_2022,C537
2020_2022,C612
2020_2022,C968
2020_2022,C955
2020_2022,C10
2020_2022,C1178
2020_2022,C1053
2020_2022,C975
2020_2022,C628
2020_2022,C451
2020_2022,C730
2020_2022,C642
2020_2022,C507
2020_2022,C361
2020_2022,C707
2020_2022,C614
2020_2022,C829
2020_2022,C1025
2020_2022,C875
2020_2022,C468
2020_2022,C38
2020_2022,C1079
2020_2022,C841
2020_2022,C744
2020_2022,C102
2020_2022,C146
2020_2022,C860
2020_2022,C378
2020_2022,C407
2020_2022,C930
2020_2022,C937
2020_2022,C676
2020_2022,C248
2020_2022,C589
2020_2022,C12
2020_2022,C257
2020_2022,C1166
2020_2022,C54
2020_2022,C126
2020_2022,C98
2020_2022,C113
2020_2022,C340
2020_2022,C162
2020_2022,C493
2020_2022,C708
2020_2022,C332
2020_2022,C620
2020_2022,C151
2020_2022,C1092
2020_2022,C298
2020_2022,C74
2020_2022,C385
2020_2022,C486
2020_2022,C697
2020_2022,C60
2020_2022,C687
2020_2022,C594
2020_2022,C183
2020_2022,C595
2020_2022,C317
2020_2022,C932
2020_2022,C177
2020_2022,C725
2020_2022,C1156
2020_2022,C366
2020_2022,C822
2020_2022,C208
2020_2022,C432
2020_2022,C916
2020_2022,C912
2020_2022,C617
2020_2022,C245
2020_2022,C258
2020_2022,C192
2020_2022,C261
2020_2022,C170
2020_2022,C878
2020_2022,C25
2020_2022,C547
2020_2022,C541
2020_2022,C711
2020_2022,C490
2020_2022,C466
2020_2022,C913
2020_2022,C921
2020_2022,C133
2020_2022,C1032
2020_2022,C770
2020_2022,C1064
2020_2022,C764
2020_2022,C279
2020_2022,C2
2020_2022,C505
2020_2022,C927
2020_2022,C114
2020_2022,C1120
2020_2022,C936
2020_2022,C639
2020_2022,C743
2020_2022,C181
2020_2022,C145
2020_2022,C533
2020_2022,C150
2020_2022,C107
2020_2022,C633
2020_2022,C484
2020_2022,C843
2020_2022,C352
2020_2022,C77
2020_2022,C139
2020_2022,C862
2020_2022,C956
2020_2022,C350
2020_2022,C273
2020_2022,C313
2020_2022,C572
2020_2022,C17
2020_2022,C795
2020_2022,C865
2020_2022,C1213
2020_2022,C228
2020_2022,C458
2020_2022,C659
2020_2022,C231
2020_2022,C338
2020_2022,C464
2020_2022,C462
2020_2022,C901
2020_2022,C596
2020_2022,C480
2020_2022,C881
2020_2022,C230
2020_2022,C335
2020_2022,C1022
2020_2022,C894
2020_2022,C315
2020_2022,C534
2020_2022,C1041
2020_2022,C908
2020_2022,C1011
2020_2022,C393
2020_2022,C803
2020_2022,C494
2020_2022,C1254
2020_2022,C586
2020_2022,C472
2020_2022,C45
2020_2022,C182
2020_2022,C46
2020_2022,C465
2020_2022,C469
2020_2022,C293
2020_2022,C710
2020_2022,C320
2020_2022,C144
2020_2022,C504
2020_2022,C643
2020_2022,C302
2020_2022,C626
2020_2022,C819
2020_2022,C358
2020_2022,C106
2020_2022,C830
2020_2022,C640
2020_2022,C805
2020_2022,C290
2020_2022,C353
2020_2022,C380
2020_2022,C991
2020_2022,C331
2020_2022,C185
2020_2022,C308
2020_2022,C885
2020_2022,C1175
2020_2022,C135
2020_2022,C372
2020_2022,C501
2020_2022,C615
2020_2022,C61
2020_2022,C454
2020_2022,C653
2020_2022,C526
2020_2022,C1060
2020_2022,C27
2020_2022,C481
2020_2022,C738
2020_2022,C1009
2020_2022,C977
2020_2022,C171
2020_2022,C235
2020_2022,C15
2020_2022,C391
2020_2022,C846
2020_2022,C301
2020_2022,C558
2020_2022,C528
2020_2022,C591
2020_2022,C695
2020_2022,C252
2020_2022,C430
2020_2022,C499
2020_2022,C498
2020_2022,C556
2020_2022,C165
2020_2022,C405
2020_2022,C444
2020_2022,C105
2020_2022,C227
2020_2022,C856
2020_2022,C637
2020_2022,C87
2020_2022,C120
2020_2022,C600
2020_2022,C424
2020_2022,C71
2020_2022,C160
2020_2022,C517
2020_2022,C44
2020_2022,C652
2020_2022,C253
2020_2022,C254
2020_2022,C386
2020_2022,C56
2020_2022,C125
2020_2022,C746
2020_2022,C602
2020_2022,C522
2020_2022,C172
2020_2022,C544
2020_2022,C357
2020_2022,C31
2020_2022,C130
2020_2022,C851
2020_2022,C97
2020_2022,C1030
2020_2022,C413
2020_2022,C369
2020_2022,C387
2020_2022,C1095
2020_2022,C786
2020_2022,C22
2020_2022,C148
2020_2022,C1019
2020_2022,C429
2020_2022,C850
2020_2022,C14
2020_2022,C565
2020_2022,C48
2020_2022,C79
2020_2022,C259
2020_2022,C83
2020_2022,C396
2020_2022,C511
2020_2022,C346
2020_2022,C485
2020_2022,C169
2020_2022,C542
2020_2022,C304
2020_2022,C354
2020_2022,C334
2020_2022,C491
2020_2022,C1013
2020_2022,C662
2020_2022,C325
2020_2022,C36
2020_2022,C234
2020_2022,C418
2020_2022,C402
2020_2022,C644
2020_2022,C740
2020_2022,C618
2020_2022,C524
2020_2022,C882
2020_2022,C613
2020_2022,C497
2020_2022,C398
2020_2022,C446
2020_2022,C180
2020_2022,C94
2020_2022,C381
2020_2022,C473
2020_2022,C30
2020_2022,C4
2020_2022,C359
2020_2022,C201
2020_2022,C634
2020_2022,C629
2020_2022,C213
2020_2022,C1044
2020_2022,C57
2020_2022,C65
2020_2022,C368
2020_2022,C593
2020_2022,C577
2020_2022,C277
2020_2022,C134
2020_2022,C619
2020_2022,C241
2020_2022,C566
2020_2022,C291
2020_2022,C585
2020_2022,C568
2020_2022,C388
2020_2022,C954
2020_2022,C623
2020_2022,C784
2020_2022,C450
2020_2022,C217
2020_2022,C68
2020_2022,C718
2020_2022,C609
2020_2022,C282
2020_2022,C41
2020_2022,C648
2020_2022,C222
2020_2022,C570
2020_2022,C314
2020_2022,C645
2020_2022,C415
2020_2022,C401
2020_2022,C39
2020_2022,C571
2020_2022,C581
2020_2022,C445
2020_2022,C111
2020_2022,C149
2020_2022,C283
2020_2022,C299
2020_2022,C525
2020_2022,C576
2020_2022,C212
2020_2022,C176
2020_2022,C316
2020_2022,C341
2020_2022,C344
2020_2022,C373
2020_2022,C156
2020_2022,C561
2020_2022,C360
2020_2022,C364
2020_2022,C611
2020_2022,C404
2020_2022,C58
2020_2022,C264
2020_2022,C362
2020_2022,C199
2020_2022,C417
2020_2022,C47
2020_2022,C40
2020_2022,C557
2020_2022,C55
2020_2022,C159
2020_2022,C251
2020_2022,C583
2020_2022,C11
2020_2022,C351
2020_2022,C233
2020_2022,C457
2020_2022,C270
2020_2022,C582
2020_2022,C286
2020_2022,C93
2020_2022,C191
2020_2022,C442
2020_2022,C365
2020_2022,C655
2020_2022,C409
2020_2022,C510
2020_2022,C63
2020_2022,C29
2020_2022,C374
2020_2022,C206
2020_2022,C265
2020_2022,C88
2020_2022,C127
2020_2022,C128
2020_2022,C140
2020_2022,C321
2020_2022,C550
2020_2022,C563
2020_2022,C604
2020_2022,C478
2020_2022,C661
2020_2022,C89
2020_2022,C178
2020_2022,C225
2020_2022,C592
2020_2022,C73
2020_2022,C605
2020_2022,C423
2020_2022,C443
2020_2022,C436
2020_2022,C247
2020_2022,C651
2020_2022,C112
2020_2022,C174
2020_2022,C514
2020_2022,C492
2020_2022,C218
2020_2022,C470
2020_2022,C546
2020_2022,C383
2020_2022,C636
2020_2022,C477
2020_2022,C419
2020_2022,C101
2020_2022,C280
2020_2022,C587
2020_2022,C459
2020_2022,C569
