term,estimate,std.error,statistic,p.value,conf.low,conf.high,year,variable
race5Black,0.9313762733558775,0.04915662170220051,-1.4462328872265728,0.14811189237510272,0.8458282945781012,1.0255766662463945,1999,race5
race5Hispanic,0.7786972265868525,0.0508734773407688,-4.916765888125357,8.798566760364216e-7,0.7047973293577645,0.8603457269717528,1999,race5
race5Other,0.7067574969906132,0.05445845698357183,-6.373072135909458,1.8527868271892465e-10,0.6352057921578155,0.7863690251557646,1999,race5
race5White,1.1010861497227977,0.04850495756167393,1.985304313550743,0.047110624419313935,1.0012281381997166,1.210903552202743,1999,race5
race5Black,0.9492201331372085,0.04931318066786925,-1.056807597929459,0.2905994060156183,0.8617686962725899,1.0455460555137346,2000,race5
race5Hispanic,0.8587122965561931,0.05084806488688623,-2.995617272308315,0.0027388996150031846,0.7772575249250693,0.9487033378388948,2000,race5
race5Other,0.7231757657447294,0.05444135344356165,-5.953249868360728,2.6286948939194944e-9,0.6499836742342037,0.8046097292776515,2000,race5
race5White,1.1278209342951735,0.04865956481487559,2.4720195246251335,0.013435217841568113,1.0252276107887786,1.240680651251497,2000,race5
race5Black,0.9319013681729699,0.04745888062589337,-1.4860927419103294,0.13725459184822703,0.8491259912747003,1.022745939856297,2001,race5
race5Hispanic,0.8083175003212804,0.048954276003373466,-4.3469206180730176,1.3806215761399274e-5,0.7343638001184003,0.8897186669880787,2001,race5
race5Other,0.7482476029200553,0.0522099613521833,-5.554904242884464,2.777639878571072e-8,0.6754657270097162,0.8288717737821734,2001,race5
race5White,1.086137454832036,0.046768518941600695,1.7667393622739267,0.07727188801723561,0.9910022107807535,1.1904055893675551,2001,race5
race5Black,0.9487436837750106,0.04795259500714576,-1.0972629886716445,0.2725264451354033,0.8636361738659114,1.0422381608609292,2002,race5
race5Hispanic,0.8204783771743596,0.04945720438679868,-4.000786629229253,6.313226505489718e-5,0.7446776471504347,0.9039948627257216,2002,race5
race5Other,0.7445669576506228,0.05272702982283208,-5.593952390113246,2.219578429849761e-8,0.6714622560895093,0.8256308517677912,2002,race5
race5White,1.110589229514077,0.04728909545255182,2.2180739740565443,0.026549789024043313,1.0122788585077753,1.218447294780875,2002,race5
race5Black,0.954193377577644,0.047752280599820604,-0.9819201433473551,0.32613919125001833,0.8689380924982597,1.047813428451873,2003,race5
race5Hispanic,0.8492872425126556,0.049149591271836074,-3.3236862252733257,8.883608771869507e-4,0.7712898633808237,0.9351721765577187,2003,race5
race5Other,0.7577089367696143,0.052462499246075205,-5.288653028354264,1.2322037669025877e-7,0.683668277074637,0.8397681333367785,2003,race5
race5White,1.1427983356378946,0.04708945234961642,2.8346036813665756,0.00458825666856696,1.0420444579277164,1.2532939703301358,2003,race5
race5Black,0.9136288841539417,0.046949806249587035,-1.923987169292378,0.05435619176257987,0.8333075934973613,1.0016922256247505,2004,race5
race5Hispanic,0.8041103042724131,0.04835504546700503,-4.508708920427942,6.522332147938005e-6,0.7314000433769524,0.8840488694144478,2004,race5
race5Other,0.7336717737780201,0.05167298542450775,-5.993335251005299,2.055804245926661e-9,0.6630051132712057,0.8118704680613863,2004,race5
race5White,1.100772986788553,0.046261767441347384,2.0754211001473863,0.03794752430648021,1.005353865078846,1.2052484309575537,2004,race5
race5Black,0.9268939288865058,0.04576297009333522,-1.6588989717894933,0.09713615188613046,0.8473753201503709,1.0138746491391861,2005,race5
race5Hispanic,0.8283078671730569,0.047065229254477224,-4.0023256325616385,6.272289072369924e-5,0.7553166431254902,0.9083527141434764,2005,race5
race5Other,0.8094519119632843,0.050226917809859065,-4.208856952865911,2.566658084645751e-5,0.7335623576664569,0.8931925022234235,2005,race5
race5White,1.1314699117493603,0.04505969107977133,2.7411993137539064,0.006121536134381411,1.0358274746919616,1.235943429261541,2005,race5
race5Black,0.9330542052852127,0.046387131513934775,-1.4937759615738246,0.13523418652172634,0.8519642102796179,1.021862349962669,2006,race5
race5Hispanic,0.8267982464254631,0.047617938252025385,-3.9941790651996643,6.491878877882286e-5,0.7531237432123609,0.9076799748424144,2006,race5
race5Other,0.7894291395596759,0.05065116241836812,-4.668110100366553,3.039829969056498e-6,0.7148221694914962,0.8718229414026925,2006,race5
race5White,1.1329759805649986,0.04568260010222284,2.7329394930982502,0.006277186274173427,1.0359406823368034,1.2391004566416737,2006,race5
educ20032,0.8928853263944818,0.018175507329443844,-6.2335052436102885,4.561120809354281e-10,0.8616370827961976,0.9252668228987446,2006,educ2003
educ20033,0.908000623991594,0.014212602171874786,-6.79046750190837,1.1177075411602625e-11,0.8830557764173641,0.9336501217556749,2006,educ2003
educ20034,0.8499409287476982,0.01824912155553349,-8.909383775480887,5.131698689908682e-19,0.8200772746773561,0.8808920874495813,2006,educ2003
educ20035,0.826624401762471,0.02523669522694137,-7.544761902708001,4.5311456256312414e-14,0.7867310896637868,0.868540611355753,2006,educ2003
educ20036,0.8601929982063976,0.01951997219947868,-7.715097995741965,1.2088931236439223e-14,0.8279043555381045,0.893740912478212,2006,educ2003
educ20037,0.8115587954614557,0.02831702734290659,-7.373600318495528,1.6608060744379462e-13,0.7677433238551458,0.8578748365842069,2006,educ2003
educ20038,0.7697884543414466,0.04061662819776916,-6.4416852927428785,1.1815408298337198e-10,0.7108824966323862,0.8335755448256975,2006,educ2003
educ20039,1.0124793239673857,0.032413760681521936,0.38261833111416993,0.7020027764607739,0.9501562141876315,1.0788903615579792,2006,educ2003
race5Black,0.8612951659187621,0.045383516662558736,-3.290137625376407,0.0010013839169995852,0.7879901348708941,0.9414196066763841,2007,race5
race5Hispanic,0.7693560188079657,0.04657998125931816,-5.629058796994369,1.8119562881431824e-8,0.7022272449812498,0.8429019066211927,2007,race5
race5Other,0.7041010340488438,0.04974361716245431,-7.052832883093199,1.7531135887898464e-12,0.6386933000266829,0.7762070873891109,2007,race5
race5White,1.030441681129729,0.0446621490206931,0.6714304531758974,0.5019463502309564,0.9440744162939262,1.124710128654604,2007,race5
educ20032,0.852929755203103,0.017554807637814807,-9.06179597366847,1.2832004404830866e-19,0.82408177858552345,0.8827875900368862,2007,educ2003
educ20033,0.9022967260290243,0.013673371899021488,-7.519129094147384,5.5142317817342146e-14,0.8784364990194352,0.926805048186737,2007,educ2003
educ20034,0.8162499414910592,0.017607988512588733,-11.530827040607887,9.225318557566755e-31,0.7885603580604231,0.8449118195884575,2007,educ2003
educ20035,0.8286018696493556,0.023989441495739932,-7.837426852109744,4.5987267611723154e-15,0.7905433396035976,0.8684926227203181,2007,educ2003
educ20036,0.8207205302314253,0.018827685260848413,-10.49372912332002,9.231154326497309e-26,0.7909860935170366,0.8515727321429122,2007,educ2003
educ20037,0.8571801419759362,0.026832155070105463,-5.743376981787094,9.280679408260885e-9,0.8132650516807352,0.9034665811341557,2007,educ2003
educ20038,0.7620962331148017,0.038849350914933564,-6.993229865986895,2.6862883342137993e-12,0.7062209226163081,0.8223923278513734,2007,educ2003
educ20039,0.971965305004963,0.030153907908648612,-0.9430011421485579,0.3456803187191768,0.9161851287566667,1.031141550415082,2007,educ2003
race5Black,0.8650921765688866,0.045172447106349864,-3.2081329328710155,0.0013359973097140912,0.7917914745463792,0.9451787472067017,2008,race5
race5Hispanic,0.7626990422775671,0.04632034496253416,-5.848224268016514,4.968483891175307e-9,0.6965054634530424,0.8351834402090607,2008,race5
race5Other,0.6927229686199262,0.049429152606656,-7.427299418198074,1.108372746940919e-13,0.6287596212449076,0.7631932697960122,2008,race5
race5White,1.0143561463480992,0.04445725447002957,0.3206242223577345,0.7484951791845516,0.9297103935478386,1.1067084962960811,2008,race5
educ20032,0.9076201095745566,0.016112850181985435,-6.015656346200107,1.7915928898110613e-9,0.8794042795455286,0.9367412491213397,2008,educ2003
educ20033,0.8972166390115678,0.012659430496107665,-8.567362572407392,1.0588210703310284e-17,0.8752283854032977,0.919757300773875,2008,educ2003
educ20034,0.8610471597812946,0.016295497779450132,-9.180818212127328,4.2782813145418276e-20,0.8339805665138861,0.8889921913487293,2008,educ2003
educ20035,0.8485911995872149,0.021774312510222767,-7.539972465181137,4.7007070037130374e-14,0.8131372460962295,0.8855909964449573,2008,educ2003
educ20036,0.8278451351610655,0.017408381785250112,-10.852770765849156,1.934699396205604e-27,0.800075160406791,0.8565789837312212,2008,educ2003
educ20037,0.8173597858849507,0.02485652007674596,-8.11360182501862,4.914098011504691e-16,0.7784934619504091,0.8581665129314211,2008,educ2003
educ20038,0.8043245487242983,0.0356143182618737,-6.114182000798827,9.705349176585242e-10,0.7500941946428714,0.8624756521260116,2008,educ2003
educ20039,1.023338552188423,0.017781954197986127,1.297403677881392,0.19449232772142194,0.9882868815394626,1.0596334039806656,2008,educ2003
race5Black,0.8790464618607983,0.04528122010470225,-2.8470417705441924,0.004412757186202403,0.8043918793166196,0.9606296408243994,2009,race5
race5Hispanic,0.7634744583960478,0.04640039926197713,-5.816234611939837,6.01879765688543e-9,0.6971041935856438,0.836163738486428,2009,race5
race5Other,0.7100299040912087,0.049402051285739615,-6.931861784740533,4.1533766376742244e-12,0.644502735706858,0.7822192781708724,2009,race5
race5White,1.0198812677895148,0.04455709281192762,0.44182003695485633,0.6586194379874682,0.9345915542422645,1.1129544191433158,2009,race5
educ20032,0.9069856151499756,0.016543499266236567,-5.901332434826147,3.6057752463281416e-9,0.8780480612616689,0.9368768549035359,2009,educ2003
educ20033,0.9274562167620468,0.012921174137799515,-5.828393802220105,5.596339221081942e-9,0.904262854527489,0.9512444636023916,2009,educ2003
educ20034,0.8747933519244718,0.01642642713464986,-8.143437927769007,3.8420951879187084e-16,0.8470772477202498,0.9034163184418144,2009,educ2003
educ20035,0.9041377259130043,0.021576410217729394,-4.670544242703303,3.0040277206898305e-6,0.866699168223614,0.9431935063404003,2009,educ2003
educ20036,0.8250004582663821,0.017454064104483122,-11.021578471445899,3.0073852174932747e-28,0.7972545206387435,0.8537120060409786,2009,educ2003
educ20037,0.8285153456785985,0.02442803991104286,-7.70098299858613,1.3502345632427451e-14,0.7897815598544737,0.8691487784944125,2009,educ2003
educ20038,0.8244510432341359,0.03477056300304192,-5.551751239957411,2.8282186807189892e-8,0.7701362592291605,0.8825964425700398,2009,educ2003
educ20039,0.9111877632969048,0.018602811669113692,-4.999582741106599,5.745451327282627e-7,0.8785628715105392,0.9450241603705836,2009,educ2003
race5Black,0.8298316555298253,0.04372179506155609,-4.2663486977933625,1.9869813958087484e-5,0.7616812318340642,0.9040797485074306,2010,race5
race5Hispanic,0.7463650363456737,0.04482394612091562,-6.526432831447845,6.73545004026935e-11,0.683591058396239,0.8149035313396131,2010,race5
race5Other,0.7033739495218183,0.04771815925031539,-7.373850966597829,1.6576849455363853e-13,0.6405717213142874,0.7723333647180887,2010,race5
race5White,0.9831124038108551,0.042954416919673714,-0.39650911062049254,0.6917294881721219,0.9037319529222109,1.0694653380369639,2010,race5
educ20032,0.8944911317590268,0.015624652253905023,-7.13617739827948,9.596214861586597e-13,0.867513150075147,0.9223080765130027,2010,educ2003
educ20033,0.9040882496479522,0.012161707720090415,-8.2906368400931,1.1264371846240652e-16,0.8827923685850068,0.9258978580225349,2010,educ2003
educ20034,0.8612417556240219,0.015438473544597424,-9.675828950229127,3.8198333474767093e-22,0.8355714328970577,0.8877007188465351,2010,educ2003
educ20035,0.8671661701712952,0.02001378321801834,-7.121325234536174,1.0689421578130132e-12,0.8338083705261249,0.901858500431054,2010,educ2003
educ20036,0.8525363087010122,0.0163615125813534,-9.750900418682786,1.8283927475811302e-22,0.8256304154294302,0.8803190193465825,2010,educ2003
educ20037,0.8441953786021887,0.022820240690478576,-7.4219778063948505,1.153841515662968e-13,0.8072684681934845,0.8828114379942342,2010,educ2003
educ20038,0.7925039926223657,0.03264862139700447,-7.123049160520914,1.0556514527760091e-12,0.7433791761312815,0.8448751303352009,2010,educ2003
educ20039,1.0115173756627045,0.025753733793635884,0.4446561296420584,0.6565682776130416,0.9617259322253372,1.0638866718505327,2010,educ2003
race5Black,0.8193741922475216,0.043997439629873986,-4.527863711068656,5.958298885767648e-6,0.751676381088194,0.893169033659588,2011,race5
race5Hispanic,0.7202596949740167,0.045071438067605274,-7.280518630180134,3.32539256718758e-13,0.6593614164643312,0.7867825069077682,2011,race5
race5Other,0.6649600430936777,0.04791675145684263,-8.515358685623978,1.6607545316588446e-17,0.6053520081115544,0.7304375850516088,2011,race5
race5White,0.9481463578783487,0.043236003137780386,-1.2315292541286353,0.21812498224696725,0.8711083010227705,1.0319974162827759,2011,race5
educ20032,0.8706545256281232,0.015446342594201324,-8.96717271662748,3.04222850098885e-19,0.8446906161798515,0.8974165078629576,2011,educ2003
educ20033,0.9014251293896091,0.011926728964261784,-8.701320474976209,3.2804442163765768e-18,0.880597451507051,0.9227454184706633,2011,educ2003
educ20034,0.854244524182927,0.015052185306237097,-10.466108069324584,1.2362159745816643e-25,0.8294104918727304,0.8798221317997144,2011,educ2003
educ20035,0.8649245493738923,0.019362970028583906,-7.494356588778074,6.662436822486212e-14,0.8327145078190722,0.8983805002616487,2011,educ2003
educ20036,0.8523497892785856,0.01591627486244375,-10.037416857272682,1.0437153941768746e-23,0.826170438828312,0.8793587002623615,2011,educ2003
educ20037,0.8342719294434909,0.022114983362878367,-8.193353452083342,2.540467296002222e-16,0.7988826279676886,0.8712289238632884,2011,educ2003
educ20038,0.8148057145952842,0.031816222486900136,-6.437143229179664,1.217430438002246e-10,0.7655464570405673,0.8672345700660075,2011,educ2003
educ20039,1.0431120189735688,0.02571626957215719,1.6413177998011081,0.10073146307577321,0.9918381726955396,1.097036506641007,2011,educ2003
race5Black,0.7913526434984863,0.042889134338504,-5.456197573709462,4.864386620845839e-8,0.7275487338866791,0.8607519705608939,2012,race5
race5Hispanic,0.7151146958466575,0.043887586920099024,-7.6402545437724205,2.1679271543216142e-14,0.6561722122968359,0.7793518509810317,2012,race5
race5Other,0.6814117458126936,0.04661327232214582,-8.229169870083366,1.885152845818118e-16,0.6219158095093371,0.746599395339108,2012,race5
race5White,0.9132224192106738,0.04211303589771539,-2.1555276775421466,0.03112056516287624,0.8408707097102868,0.9917995445891238,2012,race5
educ20032,0.866995802506177,0.014400781359866322,-9.91065276576535,3.741932992608449e-23,0.8428665180640356,0.891815851565505,2012,educ2003
educ20033,0.8900969831354338,0.011141951385415997,-10.449233563344034,1.477141005187994e-25,0.8708695557757467,0.9097489217900906,2012,educ2003
educ20034,0.8365911022910524,0.014159394231731412,-12.600811353221593,2.089836050505314e-36,0.8136928907304061,0.8601336946723366,2012,educ2003
educ20035,0.8589102473915949,0.017887979166130902,-8.502405220658465,1.8570226420547603e-17,0.8293182621419202,0.8895581428159177,2012,educ2003
educ20036,0.8298207709626897,0.014890192905558012,-12.528080817484065,5.2415749227669177e-36,0.8059526233195715,0.8543957696730174,2012,educ2003
educ20037,0.8109221926619076,0.020583401934524972,-10.182144338121763,2.3825238797651518e-24,0.7788579201277134,0.8443064974466289,2012,educ2003
educ20038,0.8076582130334771,0.02958212579076238,-7.2211278910347145,5.155813497538812e-13,0.762161136693853,0.8558712294227774,2012,educ2003
educ20039,1.0668358620374672,0.02500864037003953,2.5869910663467044,0.00968181023307224,1.0158037734078873,1.1204317077016956,2012,educ2003
race5Black,0.8326938463990259,0.043084511725959396,-4.24953720886374,2.142126253655228e-5,0.7652636387655913,0.9060655788497409,2013,race5
race5Hispanic,0.7399460231855863,0.044039060123724105,-6.838884304961485,7.98123074433275e-12,0.6787553029628562,0.8066531706465746,2013,race5
race5Other,0.7170553259350085,0.046615022337917464,-7.1350878233864465,9.67253818415144e-13,0.654445005709489,0.7856555340266479,2013,race5
race5White,0.9550185776480994,0.04231968078255684,-1.0875433085715944,0.27679676953119675,0.8789994034292251,1.0376121759523307,2013,race5
educ20032,0.866968681577538,0.014474126950934077,-9.862593169584068,6.046718826379881e-23,0.8427189961704433,0.8919161645245188,2013,educ2003
educ20033,0.9080072945288679,0.0111415160357852,-8.661556154571459,4.653671795873612e-18,0.8883937356833358,0.9280538727386026,2013,educ2003
educ20034,0.861788350364967,0.014031923346749773,-10.600511990425726,2.963533288934478e-26,0.8384099132748657,0.8858186777919097,2013,educ2003
educ20035,0.8559296981743661,0.017609170282956197,-8.834432969545132,1.0060726627913668e-18,0.8268921461289752,0.8859869472053146,2013,educ2003
educ20036,0.8488551077182482,0.014728679993174364,-11.125692838618225,9.407214576636481e-29,0.8247005054042277,0.8737171726918951,2013,educ2003
educ20037,0.8556938297042714,0.020131474541927003,-7.741243299198809,9.844929954370807e-15,0.8225875711696926,0.8901324987840277,2013,educ2003
educ20038,0.8282030869466513,0.02895512142305933,-6.509966849297176,7.516739168636426e-11,0.7825097327932915,0.8765646285055932,2013,educ2003
educ20039,1.1047753010690629,0.02554914848040695,3.9000112633664337,9.618821307475563e-5,1.0508145610282509,1.1615069976361176,2013,educ2003
race5Black,0.9217112665160114,0.042734032788478725,-1.9076894716401387,0.05643136329321428,0.8476546583085113,1.0022379402926,2014,race5
race5Hispanic,0.8041146127974814,0.04366811062969856,-4.992509719070562,5.959971356415041e-7,0.7381538822626065,0.8759695316272932,2014,race5
race5Other,0.7725465184019319,0.046245405004836065,-5.580296118073833,2.4010945315192876e-8,0.705601923787745,0.8458425395031672,2014,race5
race5White,1.0498676867694643,0.041971008900165634,1.1594704274186511,0.24626448398290976,0.9669591448357273,1.1398849326875315,2014,race5
educ20032,0.8807996528658935,0.014171741564642673,-8.956209588432229,3.3603095023863693e-19,0.8566706832504797,0.9056082385649259,2014,educ2003
educ20033,0.9143006279595082,0.010987912668704965,-8.15403704901955,3.5197296787476433e-16,0.8948204853772047,0.9342048510822419,2014,educ2003
educ20034,0.8715055700814323,0.013714305332343718,-10.028435224151435,1.1431380487391975e-23,0.8483915119451745,0.8952493606890835,2014,educ2003
educ20035,0.8746546651754306,0.016835114339364396,-7.9551665761109795,1.7889065783714483e-15,0.8462648025254198,0.9039969298382406,2014,educ2003
educ20036,0.8489332968900516,0.01438328662362307,-11.386456150203825,4.884541301718919e-30,0.825335008454479,0.8732063164486032,2014,educ2003
educ20037,0.8619939673165617,0.019201471277056126,-7.734147278237518,1.0409846811252054e-14,0.8301557953884566,0.8950531982282391,2014,educ2003
educ20038,0.7937729959424724,0.027847846279881974,-8.293559064050052,1.0990932434129576e-16,0.7516086245132738,0.8383027396678854,2014,educ2003
educ20039,1.0996463366995493,0.025458246323554794,3.731153152093828,1.9060530029160977e-4,1.0461224807790437,1.155908689502815,2014,educ2003
race5Black,0.87489782537156,0.041559425554951034,-3.215832958759382,0.0013006651562750015,0.8064570444396805,0.9491469013972225,2015,race5
race5Hispanic,0.7593019300120637,0.04241950077060122,-6.491254633677749,8.512446195222863e-11,0.6987250215782738,0.8251306352501344,2015,race5
race5Other,0.7310669352505904,0.044855143728844825,-6.98359721301299,2.877161944707504e-12,0.6695386817532839,0.7982494191629572,2015,race5
race5White,0.9740555305053149,0.04080649621442535,-0.6441857685479794,0.5194549782563314,0.8991839072846128,1.0551614289596911,2015,race5
educ20032,0.8955173246086804,0.013758474980050827,-8.020780757448179,1.0507512692418261e-15,0.8716909593252947,0.9199949478597486,2015,educ2003
educ20033,0.9045864676509269,0.010740731937872235,-9.336177656621063,9.987469651502574e-21,0.8857423109299255,0.9238315335733335,2015,educ2003
educ20034,0.8599459795527312,0.013310048419010793,-11.336225191003292,8.680869130088539e-30,0.8378020688548805,0.88267517500843,2015,educ2003
educ20035,0.888294023556549,0.01623399460284552,-7.296570319452081,2.9519559928542847e-13,0.8604746592708769,0.9170127949554006,2015,educ2003
educ20036,0.8459284988726334,0.013842314195556515,-12.087605965509521,1.2281344196821033e-33,0.8232862091882854,0.8691935042983946,2015,educ2003
educ20037,0.8458807946966603,0.01826990350231673,-9.161341979532283,5.125588668011635e-20,0.8161265544690718,0.8767198113068738,2015,educ2003
educ20038,0.8081969218442673,0.026458657949101398,-8.048387617036768,8.389189273696845e-16,0.7673528804683629,0.8512149769736593,2015,educ2003
educ20039,1.0715779521450353,0.01765756470375729,3.9151652524274674,9.03423089820391e-5,1.0351263089987333,1.1093132282900489,2015,educ2003
race5Black,0.9243360772227946,0.04162592510460907,-1.8901574760127906,0.05873690202936207,0.8519168364329431,1.0029114898504254,2016,race5
race5Hispanic,0.7864073195195034,0.04244364419807059,-5.661163340313394,1.503502307251606e-8,0.7236337062679236,0.8546264039901919,2016,race5
race5Other,0.7811765926842735,0.04471274986582547,-5.523123593412701,3.3302529649722395e-8,0.7156306955333425,0.8527259559527647,2016,race5
race5White,1.0170333272069116,0.04088059723088976,0.41315166089818467,0.6794955016020847,0.9387218303898481,1.101877846198587,2016,race5
educ20032,0.922234244460983,0.013648709894589694,-5.9314050251896875,3.0035328193453048e-9,0.8978901928358541,0.9472383242880628,2016,educ2003
educ20033,0.9281682533335457,0.01068458582242966,-6.976616257990394,3.023741361327825e-12,0.9089328650428183,0.9478107125718921,2016,educ2003
educ20034,0.8826612326954778,0.013180544193408562,-9.469548835964288,2.8105496946646233e-21,0.860150699126712,0.9057608771282644,2016,educ2003
educ20035,0.8971180090604193,0.015857801776663055,-6.846337682548222,7.576452037658422e-12,0.869663296858627,0.9254394489081936,2016,educ2003
educ20036,0.8601676956905828,0.013612829245802111,-11.06514384590815,1.8516554698181007e-28,0.8375209010837968,0.8834268658276966,2016,educ2003
educ20037,0.8452316465636287,0.017930197137570984,-9.377730203336725,6.740817938968384e-21,0.8160434012399288,0.8754638972230521,2016,educ2003
educ20038,0.8358504777872219,0.02554288441819193,-7.019784190370391,2.222112005225631e-12,0.7950346426037935,0.8787617341164065,2016,educ2003
educ20039,1.1582701791283887,0.024734818339035007,5.940115073116851,2.8482207711933365e-9,1.103456386776014,1.2158068265641688,2016,educ2003
race5Black,0.8968507090939896,0.04077747512662692,-2.6697549075777696,0.007590663181638821,0.8279605955985523,0.9714727955391581,2017,race5
race5Hispanic,0.7768468741392467,0.04158426314948286,-6.072297597485824,1.2609297631272598e-9,0.7160414826850391,0.8428157871481486,2017,race5
race5Other,0.7714486712269714,0.043819147405909586,-5.921729560975001,3.1857320685633753e-9,0.7079578864690738,0.8406334101397955,2017,race5
race5White,0.981008378200976,0.040026588775998406,-0.4790385483670572,0.631911205363758,0.9069876974290496,1.061070002193489,2017,race5
educ20032,0.9093943282902832,0.01386807801505513,-6.848567931890739,7.45929119761884e-12,0.8850086081659074,0.9344519778631383,2017,educ2003
educ20033,0.9256186109786362,0.010849724868810964,-7.123959114616203,1.0487016397600455e-12,0.9061427205784759,0.9455131002355381,2017,educ2003
educ20034,0.8799021976127875,0.013233965536166882,-9.66788952359065,4.1280288270178687e-22,0.8573722512165134,0.9030241837956289,2017,educ2003
educ20035,0.8866274092718425,0.01590356589744266,-7.566255447864692,3.841363167102571e-14,0.8594166522139255,0.9146997103756626,2017,educ2003
educ20036,0.8673163903073853,0.01364527916794395,-10.43228516142873,1.7658946445538917e-25,0.8444276735115146,0.890825519452348,2017,educ2003
educ20037,0.8460553750830994,0.01781463699105102,-9.383882838646576,6.358692922573249e-21,0.8170237172681564,0.8761186273764769,2017,educ2003
educ20038,0.8242936863558686,0.025263282786677194,-7.64858623975235,2.0320091839332294e-14,0.784471974594272,0.8661368453826067,2017,educ2003
educ20039,1.0859330966849041,0.025419567803296975,3.243155626778586,0.0011821362098839805,1.0331550353060104,1.1414072914297735,2017,educ2003
race5Black,0.9570045414315831,0.041618307451710766,-1.0559569752779172,0.2909878719557073,0.8820389837771826,1.0383415122976416,2018,race5
race5Hispanic,0.7905566615034618,0.042409614772660226,-5.541619467777409,2.9968700601335396e-8,0.7275003551197259,0.8590783917138366,2018,race5
race5Other,0.8278261784412434,0.04452556873588937,-4.243675744485829,2.1988801708106077e-5,0.7586443482565416,0.903316795659954,2018,race5
race5White,1.026091401816056,0.040891116107756725,0.6298881229731028,0.5287677841405667,0.9470629080760062,1.1117144974242215,2018,race5
educ20032,0.9328084119707077,0.014161852063519845,-4.911465332055879,9.039827200968044e-7,0.9072722799717936,0.9590632852470323,2018,educ2003
educ20033,0.942654947706607,0.011034352055872306,-5.351920268952256,8.702574448512461e-8,0.9224867166633123,0.9632641146854204,2018,educ2003
educ20034,0.9051638366962913,0.013396924470416877,-7.437476927153755,1.026265010241654e-13,0.8817054033241992,0.9292463992777521,2018,educ2003
educ20035,0.9293017815675602,0.01587118507557119,-4.619802929934347,3.8410469790015945e-6,0.9008385114058767,0.958664389111071,2018,educ2003
educ20036,0.9079787295499725,0.013719561514599367,-7.036254486578147,1.9747612730631997e-12,0.8838882248383271,0.9327258245418742,2018,educ2003
educ20037,0.8743317252906574,0.017703318805055854,-7.58588987907948,3.302127941634847e-14,0.8445140280443455,0.9052022115251304,2018,educ2003
educ20038,0.8566335733785816,0.025274891042737023,-6.122480233163793,9.212984917559953e-10,0.8152309698938769,0.9001388638791326,2018,educ2003
educ20039,1.1183896000911866,0.02550091484545257,4.387677627067168,1.145674183399623e-5,1.0638644651630231,1.175709254844278,2018,educ2003
race5Black,0.9586365325460253,0.04091689369394799,-1.0324166586490184,0.30187697132099495,0.8847586400210867,1.0386832746950787,2019,race5
race5Hispanic,0.7794481241163445,0.041677172944378366,-5.978551933811362,2.251298428570908e-9,0.7183083093625707,0.8457919395748338,2019,race5
race5Other,0.8310632049308294,0.04370322614323867,-4.234228098645379,2.29338076438518e-5,0.7628394025957558,0.9053885368791048,2019,race5
race5White,0.9890909447820221,0.04020127782940677,-0.2728519061597083,0.7849670574561332,0.914147355711756,1.0701785559376114,2019,race5
educ20032,0.9474464391572988,0.014355323912632122,-3.7606167959562513,1.6949491311854019e-4,0.9211602086578025,0.9744827736098083,2019,educ2003
educ20033,0.9522815092180412,0.011238285109938054,-4.350715831093321,1.3569381513333143e-5,0.9315348994715945,0.9734901755296425,2019,educ2003
educ20034,0.9141490853812332,0.01349519249760546,-6.651376609621572,2.903642270359863e-11,0.8902862978420578,0.9386514791128436,2019,educ2003
educ20035,0.9301671786563932,0.01594969838933754,-4.538703192178169,5.660123869973388e-6,0.9015386576011036,0.9597048035098427,2019,educ2003
educ20036,0.8995930084432725,0.013838858933543727,-7.64606614503596,2.0722110213008257e-14,0.8755202531484304,0.9243276531066373,2019,educ2003
educ20037,0.866965570210617,0.017621391011667306,-8.1012908857214,5.437905332774558e-16,0.8375335630691836,0.8974318559560016,2019,educ2003
educ20038,0.8500497856046978,0.024833155948809128,-6.542074646019884,6.0671204240603e-11,0.8096660942932982,0.8924476930669637,2019,educ2003
educ20039,1.0960487196866953,0.025571884725682725,3.58642473132316,3.352427700532185e-4,1.0424677570719754,1.1523836471461253,2019,educ2003
race5Black,0.9213404185335311,0.038180438949404455,-2.1457504127026024,0.03189289676249892,0.8549097655581849,0.9929330568230228,2020,race5
race5Hispanic,0.7285204905732339,0.03891470093195036,-8.139328302241227,3.9747683231801214e-16,0.6750204174484459,0.786260817400535,2020,race5
race5Other,0.8020337494134421,0.04092417021321242,-5.390569663081619,7.023468201778169e-8,0.7402139861919286,0.8690164563188826,2020,race5
race5White,0.9700858704923805,0.03748175464601063,-0.8102791720652898,0.41777974314828403,0.901374080162523,1.0440355639683803,2020,race5
educ20032,0.9721595514221469,0.014434002619443298,-1.9561684435854296,0.05044531456624434,0.9450419267202003,1.0000553062246573,2020,educ2003
educ20033,0.9759454067965786,0.011270302572270713,-2.1604237895664133,0.030739877456265715,0.9546233417597674,0.9977437125008303,2020,educ2003
educ20034,0.9431320792746491,0.013489973702716648,-4.340182167089531,1.423646459816641e-5,0.9185221201074446,0.9684014129707335,2020,educ2003
educ20035,0.9501035164896464,0.015794287259333514,-3.2406866329206734,0.0011924218705657897,0.9211419408132991,0.9799756715550032,2020,educ2003
educ20036,0.921839821247747,0.013745069845265983,-5.920944826085235,3.200972455512041e-9,0.897336689190756,0.9470120482919759,2020,educ2003
educ20037,0.9167216352381998,0.017335126438579592,-5.015908789657846,5.278336664240843e-7,0.8860975251582,0.9484041345942837,2020,educ2003
educ20038,0.8323041192786274,0.025050954783809268,-7.327360515996024,2.3472976660337515e-13,0.7924251320068498,0.8741900262726442,2020,educ2003
educ20039,1.0751977517865123,0.02448125064219703,2.961637902894707,0.0030600742465734087,1.0248244693936657,1.128047036319053,2020,educ2003
educ20032,0.9575315367574447,0.014603236439246296,-2.971712612404458,0.002961437472848733,0.9305132481536387,0.985334325657756,2021,educ2003
educ20033,0.9650597657868852,0.01144235335241402,-3.1082107856364276,0.0018822377011645762,0.9436572525671663,0.9869476963240403,2021,educ2003
educ20034,0.917893009172784,0.013603382121198335,-6.2980251626115935,3.014615845410882e-10,0.8937429511291929,0.9426956321432055,2021,educ2003
educ20035,0.9410662778031988,0.01574328073051366,-3.85826242602567,1.1419599679368427e-4,0.9124713979430227,0.9705572593450948,2021,educ2003
educ20036,0.9122573687340393,0.013833536606967648,-6.638441692050762,3.1701670252123894e-11,0.8878549819777674,0.937330446640882,2021,educ2003
educ20037,0.9014224990392219,0.017339441472743987,-5.985268273755196,2.1603348700721307e-9,0.871302104651102,0.9325841375070392,2021,educ2003
educ20038,0.8925688666121145,0.024214625449452323,-4.693510831799804,2.685557638854147e-6,0.8511964995994352,0.9359521356351256,2021,educ2003
educ20039,1.1376032166198322,0.024289135448523978,5.307871409632879,1.1091284155346499e-7,1.0847145904724331,1.1930705918689108,2021,educ2003
race5Black,0.9203810239711474,0.0397494822848367,-2.087260850173397,0.03686456163714466,0.8513971921913046,0.9949542200226548,2022,race5
race5Hispanic,0.77756982302587,0.040345401142883604,-6.235700409448734,4.497611368155751e-10,0.7184502476072375,0.8415542087905489,2022,race5
race5Other,0.8336544431088037,0.041893111778379975,-4.342869067522659,1.406339557280163e-5,0.7679376005876294,0.9049950542638463,2022,race5
race5White,0.9303197946801526,0.03906385586181657,-1.8489441224378207,0.0644658816628796,0.8617483018375867,1.0043476947133465,2022,race5
educ20032,0.9666273591959815,0.01491721179446943,-2.2753726279955635,0.022883585942783318,0.9387745255241137,0.9953065684484176,2022,educ2003
educ20033,0.9851810863505324,0.011712565368160156,-1.2746832335450895,0.20242138364551843,0.9628222739183887,1.008059118691602,2022,educ2003
educ20034,0.9398704948508787,0.013820962776597591,-4.486893253897113,7.226926010112294e-6,0.9147520155587213,0.9656787108052343,2022,educ2003
educ20035,0.9558885750532875,0.015890579545997697,-2.8390359133566934,0.004525006378982624,0.9265757642361974,0.9861287151953646,2022,educ2003
educ20036,0.9348938010773118,0.013983175474781617,-4.814524283218345,1.4755096162100587e-6,0.9096190788194053,0.9608708080608678,2022,educ2003
educ20037,0.9093715888000401,0.0172942654256966,-5.493235904421822,3.946350763861017e-8,0.8790634144773782,0.9407247223550447,2022,educ2003
educ20038,0.9072216028045692,0.024155340728230633,-4.030931907456126,5.5556138363802805e-5,0.865270588836216,0.9512065326319372,2022,educ2003
educ20039,1.2079859658602436,0.02372937085196898,7.962894716363607,1.6806045354547652e-15,1.1530895611655385,1.2654958841534576,2022,educ2003
race5Black,0.8834991697578783,0.04008781438942722,-3.089839863530491,0.0020026443825007178,0.8167379002286638,0.9557175964826934,2023,race5
race5Hispanic,0.7341834932574534,0.04069489820426799,-7.592998248702885,3.125867722668258e-14,0.6778981040985048,0.7951422175586904,2023,race5
race5Other,0.7855249389024871,0.042234451688530086,-5.715785645580545,1.0919831933203927e-8,0.7231181903743596,0.8533175321150592,2023,race5
race5White,0.8595251325147325,0.039392787930285,-3.842713899808164,1.2168128488326908e-4,0.7956586012224475,0.9285181512389911,2023,race5
educ20032,0.959117995878578,0.015399633006226376,-2.710530251593644,0.006717572038338968,0.930601198383312,0.9885086453963847,2023,educ2003
educ20033,0.9670328001653736,0.012107094157981694,-2.76886131035989,0.005625257506059258,0.9443553353052228,0.9902548348428987,2023,educ2003
educ20034,0.9266707689045207,0.014183439821917988,-5.369426250343977,7.898752928880457e-8,0.9012645230686384,0.9527932055045479,2023,educ2003
educ20035,0.9714345520894964,0.016072465360820725,-1.8031695622834454,0.07136158911873414,0.9413093829178852,1.002523831291335,2023,educ2003
educ20036,0.897180395262872,0.014298472353836798,-7.588106261429962,3.246146627306635e-14,0.8723859642822711,0.9226795186993603,2023,educ2003
educ20037,0.8948835759634441,0.017425519186067377,-6.3735060462348345,1.8475498965066276e-10,0.8648357543049549,0.9259753780331574,2023,educ2003
educ20038,0.8628831053180454,0.02444852440210877,-6.03210427717176,1.6183828603997326e-9,0.8225095738718067,0.9052384034126252,2023,educ2003
educ20039,1.1654390824136402,0.02387276968014848,6.413077026149801,1.426114175010717e-10,1.1121635720892653,1.2212666274130863,2023,educ2003
