year,ucod,mean_prop_good_detail
1999,V98,1.3333333333333333
1999,W00,4.111111111111111
1999,W01,12.716312056737587
1999,W02,2.444444444444444
1999,W03,3.5714285714285716
1999,W04,1.1333333333333333
1999,W05,6.321428571428571
1999,W06,9.93939393939394
1999,W07,18.1875
1999,W08,2.314814814814815
1999,W09,0.41666666666666663
1999,W10,22.735849056603776
1999,W11,29.48
1999,W12,3.0256410256410255
1999,W13,8.99290780141844
1999,W14,11.357142857142858
1999,W15,2.9206349206349205
1999,W16,2.1904761904761907
1999,W17,10.068181818181818
1999,W18,12.502923976608187
1999,W19,292.0897435897436
1999,W20,11.487804878048781
1999,W21,1.3333333333333333
1999,W22,11.642857142857144
1999,W23,2.9565217391304346
1999,W24,4
1999,W25,5.7333333333333325
1999,W26,0.6666666666666666
1999,W27,0.8333333333333333
1999,W28,6.875
1999,W29,0.6666666666666666
1999,W30,7.462962962962964
1999,W31,20.7
1999,W32,3.5166666666666666
1999,W34,10.451612903225806
1999,W35,1.5
1999,W36,0.8333333333333333
1999,W37,1.3333333333333333
1999,W38,3
1999,W39,1.3333333333333333
1999,W41,0.8888888888888888
1999,W44,2
1999,W45,5.8
1999,W49,1.9090909090909092
1999,W50,1.5777777777777777
1999,W51,3.8181818181818183
1999,W53,1
1999,W54,3.9285714285714284
1999,W55,3.071428571428571
1999,W57,5.833333333333333
1999,W59,2.7301587301587302
1999,W64,2.466666666666667
1999,W65,6.387096774193548
1999,W66,1.5208333333333333
1999,W67,8.098765432098766
1999,W68,2.4833333333333334
1999,W69,12.686274509803921
1999,W70,5.023809523809524
1999,W73,4.536231884057971
1999,W74,14.295454545454547
1999,W75,5.871794871794871
1999,W76,6.6000000000000005
1999,W77,2.4814814814814814
1999,W78,9.361702127659575
1999,W79,11.134920634920634
1999,W80,46.265625
1999,W81,1.1904761904761905
1999,W83,3.5
1999,W84,13.553672316384182
1999,W85,5.266666666666667
1999,W86,4.203703703703703
1999,W87,5.071428571428571
1999,W92,1.125
1999,W93,0.6666666666666666
1999,W94,1.6666666666666665
1999,W99,0.8333333333333333
1999,X00,17.305454545454545
1999,X01,2.2285714285714286
1999,X02,1.7466666666666666
1999,X03,2.2051282051282053
1999,X04,2.746031746031746
1999,X05,1.25
1999,X06,3.413793103448276
1999,X08,2.5238095238095237
1999,X09,4.75
1999,X10,0.8666666666666667
1999,X11,1.632183908045977
1999,X12,1.222222222222222
1999,X13,2.666666666666667
1999,X14,0.8333333333333333
1999,X15,1.0666666666666667
1999,X16,1.6666666666666665
1999,X17,1.3333333333333335
1999,X18,0.6666666666666666
1999,X19,1.1428571428571428
1999,X20,1.1666666666666665
1999,X21,1.0833333333333333
1999,X23,9.166666666666668
1999,X24,0.3333333333333333
1999,X25,0.8333333333333333
1999,X30,6.426086956521739
1999,X31,6.614814814814815
1999,X32,0.7777777777777778
1999,X33,2.333333333333333
1999,X34,0.6666666666666666
1999,X36,2.5
1999,X37,3.536231884057971
1999,X38,0.8333333333333334
1999,X39,1.6363636363636365
1999,X40,2.6894736842105265
1999,X41,6.448275862068965
1999,X42,44.18028169014084
1999,X43,1.55
1999,X44,31.820779220779222
1999,X45,3.689473684210526
1999,X46,1.3142857142857143
1999,X47,7.981981981981982
1999,X48,0.6363636363636364
1999,X49,1.9625000000000001
1999,X50,1.38
1999,X53,3.8160000000000003
1999,X54,1
1999,X57,1.0666666666666667
1999,X58,1.7
1999,X59,57.98780487804878
1999,X60,3.0166666666666666
1999,X61,9.018181818181818
1999,X62,5.018181818181818
1999,X63,0.98
1999,X64,14.277966101694915
1999,X65,0.9818181818181818
1999,X66,1.7846153846153845
1999,X67,12.169696969696972
1999,X68,0.7
1999,X69,1.36
1999,X70,27.79591836734694
1999,X71,3.213793103448276
1999,X72,23.443478260869565
1999,X73,26.076470588235296
1999,X74,60.518518518518526
1999,X75,0.5666666666666667
1999,X76,2.25
1999,X78,4.543478260869565
1999,X79,0.9
1999,X80,5.946938775510204
1999,X81,2.8411764705882354
1999,X82,1.7
1999,X83,2.8642857142857143
1999,X84,10.318181818181818
1999,X85,1.8125
1999,X86,0.6
1999,X88,0.74
1999,X89,0.8666666666666667
1999,X90,0.5
1999,X91,4.888888888888888
1999,X92,1.05
1999,X93,6.9678571428571425
1999,X94,5.1625
1999,X95,72.512077294686
1999,X96,0.2
1999,X97,2.935185185185185
1999,X98,0.6666666666666666
1999,X99,22.748858447488583
1999,Y86,17.84567901234568
2000,V98,0.8333333333333333
2000,W00,4.233333333333333
2000,W01,13.865079365079366
2000,W02,4.43859649122807
2000,W03,2.3333333333333335
2000,W04,4.222222222222222
2000,W05,4.962962962962963
2000,W06,10.474074074074073
2000,W07,17.892857142857146
2000,W08,2.5641025641025643
2000,W10,20.949685534591193
2000,W11,27.35483870967742
2000,W12,3.4
2000,W13,8.512195121951219
2000,W14,14.333333333333332
2000,W15,4
2000,W16,2.3076923076923075
2000,W17,8.715447154471544
2000,W18,24.309859154929576
2000,W19,263.5249999999999
2000,W20,13.441176470588236
2000,W21,1.5555555555555556
2000,W22,14.304347826086957
2000,W23,2.75
2000,W24,2.8472222222222223
2000,W25,4.666666666666667
2000,W26,0.9583333333333333
2000,W27,1.0416666666666667
2000,W28,6
2000,W29,2
2000,W30,7.317460317460317
2000,W31,26.076923076923077
2000,W32,2.7536231884057973
2000,W34,8.219047619047618
2000,W35,3
2000,W36,0.8333333333333333
2000,W37,1.6666666666666667
2000,W38,1.8333333333333333
2000,W39,0.6666666666666666
2000,W42,1
2000,W44,2.6470588235294117
2000,W45,3.25
2000,W49,2.2222222222222223
2000,W50,1.5897435897435896
2000,W51,4.615384615384615
2000,W54,5
2000,W55,3.0416666666666665
2000,W56,0.8333333333333333
2000,W57,3
2000,W59,2.388888888888889
2000,W60,6
2000,W64,1.0476190476190477
2000,W65,5.741666666666666
2000,W66,1.222222222222222
2000,W67,7.186274509803922
2000,W68,2.3484848484848486
2000,W69,11.603603603603604
2000,W70,4.518518518518518
2000,W73,3.628205128205128
2000,W74,15.65811965811966
2000,W75,5.222222222222222
2000,W76,6.069444444444445
2000,W77,3.0555555555555554
2000,W78,9.923076923076923
2000,W79,11.77536231884058
2000,W80,48.483568075117375
2000,W81,1
2000,W83,3.8282828282828283
2000,W84,7.700854700854701
2000,W85,4.766666666666667
2000,W86,4.3809523809523805
2000,W87,5.155555555555556
2000,W92,0.8095238095238095
2000,W93,0.6666666666666666
2000,W94,1.2121212121212122
2000,X00,18.811538461538458
2000,X01,1.2476190476190476
2000,X02,1.7777777777777777
2000,X03,2.090909090909091
2000,X04,2.456140350877193
2000,X05,1.2857142857142858
2000,X06,3.9206349206349205
2000,X08,2.015151515151515
2000,X09,5.408602150537634
2000,X10,0.7222222222222222
2000,X11,2.130952380952381
2000,X12,1.1515151515151514
2000,X13,1.1111111111111112
2000,X14,0.6666666666666666
2000,X15,0.8666666666666667
2000,X16,1.5555555555555556
2000,X17,0.7777777777777778
2000,X19,0.9583333333333333
2000,X20,1.1333333333333333
2000,X21,1.4666666666666666
2000,X22,1
2000,X23,10.461538461538462
2000,X25,1.0666666666666667
2000,X30,4.045
2000,X31,8.737254901960785
2000,X32,2
2000,X33,1.7179487179487178
2000,X34,0.3333333333333333
2000,X35,0.6666666666666666
2000,X36,2.1111111111111107
2000,X37,1.9166666666666667
2000,X38,0.6
2000,X39,1.84
2000,X40,2.9999999999999996
2000,X41,8.003921568627451
2000,X42,48.23714285714285
2000,X43,1.375
2000,X44,32.83529411764706
2000,X45,3.419512195121951
2000,X46,1.1
2000,X47,8.774774774774775
2000,X48,0.6571428571428571
2000,X49,2.146666666666667
2000,X50,1.1714285714285715
2000,X53,3.8347826086956522
2000,X54,0.8888888888888888
2000,X57,1.3157894736842106
2000,X58,1.391304347826087
2000,X59,48.57142857142858
2000,X60,2.909090909090909
2000,X61,8.765217391304347
2000,X62,5.47741935483871
2000,X63,1.0333333333333332
2000,X64,13.424242424242424
2000,X65,0.8727272727272728
2000,X66,1.8857142857142857
2000,X67,11.593939393939394
2000,X68,0.6615384615384615
2000,X69,1.5333333333333334
2000,X70,32.027272727272724
2000,X71,3.1161290322580646
2000,X72,23.24583333333333
2000,X73,21.185
2000,X74,58.78181818181818
2000,X75,0.6
2000,X76,2.085714285714286
2000,X78,5.121052631578948
2000,X79,0.5
2000,X80,4.904166666666667
2000,X81,3.2758620689655173
2000,X82,1.7304347826086957
2000,X83,2.6774193548387095
2000,X84,10.761904761904763
2000,X85,1.4313725490196079
2000,X86,0.30000000000000004
2000,X88,0.9
2000,X89,0.4
2000,X90,0.25
2000,X91,4.666666666666667
2000,X92,0.8266666666666667
2000,X93,7.800000000000001
2000,X94,4.974468085106383
2000,X95,75.67676767676767
2000,X96,0.4
2000,X97,2.7314814814814814
2000,X98,1.2000000000000002
2000,X99,21.948356807511733
2000,Y86,14.994623655913978
2001,V98,0.3333333333333333
2001,W00,5.372549019607843
2001,W01,13.15151515151515
2001,W02,3.781609195402299
2001,W03,6.083333333333333
2001,W04,1.3636363636363635
2001,W05,5.811111111111112
2001,W06,11.822222222222223
2001,W07,17.193548387096776
2001,W08,2.1372549019607843
2001,W09,0.5
2001,W10,21.152542372881356
2001,W11,24.685714285714287
2001,W12,3.564102564102564
2001,W13,9.617021276595745
2001,W14,13.133333333333333
2001,W15,3.230769230769231
2001,W16,2.380952380952381
2001,W17,9.893333333333333
2001,W18,32.48401826484018
2001,W19,277.90123456790127
2001,W20,12.952380952380953
2001,W21,1.074074074074074
2001,W22,13.8
2001,W23,2.7471264367816093
2001,W24,2.9649122807017543
2001,W25,3.1818181818181817
2001,W26,0.7777777777777778
2001,W27,1.222222222222222
2001,W28,7.5
2001,W29,1.2592592592592593
2001,W30,9.222222222222221
2001,W31,20.387096774193548
2001,W32,3.411764705882353
2001,W34,9.052083333333332
2001,W35,1
2001,W36,1.3333333333333333
2001,W37,1.5714285714285714
2001,W38,5.666666666666667
2001,W39,1
2001,W44,1.619047619047619
2001,W45,4.333333333333333
2001,W49,1.7962962962962963
2001,W50,1.4102564102564104
2001,W51,2.9
2001,W53,2
2001,W54,4.2666666666666675
2001,W55,3.2222222222222223
2001,W56,0.8333333333333333
2001,W57,4.4
2001,W58,1.0833333333333333
2001,W60,3
2001,W64,0.6666666666666666
2001,W65,5.780952380952381
2001,W66,1.8205128205128205
2001,W67,7.545454545454545
2001,W68,2.5789473684210527
2001,W69,11.754901960784315
2001,W70,4.484848484848484
2001,W73,3.782608695652174
2001,W74,14.087301587301587
2001,W75,7.282051282051282
2001,W76,5.115384615384615
2001,W77,2.7272727272727275
2001,W78,9.748148148148148
2001,W79,12.728682170542635
2001,W80,42.82456140350877
2001,W81,1.3333333333333333
2001,W83,4.1875
2001,W84,6.211382113821139
2001,W85,3.4545454545454546
2001,W86,3.526315789473684
2001,W87,4.592592592592593
2001,W92,1.1428571428571428
2001,W93,1.3333333333333333
2001,W94,1.7083333333333333
2001,W99,1
2001,X00,18.959999999999997
2001,X01,1.4
2001,X02,1.9833333333333334
2001,X03,2.2857142857142856
2001,X04,1.6805555555555556
2001,X05,1
2001,X06,3.617283950617284
2001,X08,2.484848484848485
2001,X09,5.219298245614035
2001,X10,1.5
2001,X11,2.4545454545454546
2001,X12,1.0833333333333333
2001,X13,0.5
2001,X14,0.6666666666666666
2001,X15,0.7333333333333333
2001,X16,1.5
2001,X18,1.1666666666666665
2001,X19,0.9999999999999999
2001,X20,0.8333333333333334
2001,X21,1.1333333333333333
2001,X22,0.6666666666666666
2001,X23,9.416666666666666
2001,X25,1.1666666666666665
2001,X30,4.46
2001,X31,7.1240000000000006
2001,X32,0.8333333333333334
2001,X33,2.1515151515151514
2001,X36,1.7916666666666667
2001,X37,2.2051282051282053
2001,X38,1.1282051282051282
2001,X39,2.7450980392156863
2001,X40,3.4461538461538463
2001,X41,7.818181818181818
2001,X42,51.63582089552239
2001,X43,1.4444444444444444
2001,X44,40.61728395061728
2001,X45,3.383783783783784
2001,X46,1.309090909090909
2001,X47,9.114035087719298
2001,X48,0.4
2001,X49,1.8133333333333332
2001,X50,0.6749999999999999
2001,X52,1
2001,X53,3.988235294117647
2001,X57,1.1578947368421053
2001,X58,1.4428571428571428
2001,X59,54.837209302325576
2001,X60,2.9066666666666667
2001,X61,8.356
2001,X62,5.788888888888889
2001,X63,0.7428571428571429
2001,X64,16.71746031746032
2001,X65,0.8769230769230769
2001,X66,1.5285714285714287
2001,X67,12.937931034482759
2001,X68,0.6
2001,X69,1.4095238095238096
2001,X70,35.61860465116279
2001,X71,4.059259259259259
2001,X72,23.42083333333333
2001,X73,23.05
2001,X74,65.38039215686275
2001,X75,0.5
2001,X76,2.2454545454545456
2001,X77,0.2
2001,X78,5.814285714285714
2001,X79,0.5
2001,X80,5.504166666666666
2001,X81,2.8125
2001,X82,1.6
2001,X83,2.5724137931034483
2001,X84,10.458333333333332
2001,X85,1.9777777777777776
2001,X86,0.4
2001,X88,0.74
2001,X89,0.2
2001,X90,0.2
2001,X91,4.986666666666666
2001,X92,0.97
2001,X93,7.275
2001,X94,6.0227272727272725
2001,X95,79.29230769230769
2001,X96,0.43333333333333335
2001,X97,2.5300000000000002
2001,X98,0.8333333333333333
2001,X99,24.835748792270532
2001,Y86,16.53233830845771
2002,V98,1.3333333333333333
2002,W00,4.444444444444445
2002,W01,16.232558139534884
2002,W02,3.8518518518518516
2002,W03,5
2002,W04,2.888888888888889
2002,W05,7.072916666666667
2002,W06,12.055555555555555
2002,W07,22.26666666666667
2002,W08,2.520833333333333
2002,W09,0.6666666666666666
2002,W10,21.53225806451613
2002,W11,28
2002,W12,2.41025641025641
2002,W13,9.31851851851852
2002,W14,12.625
2002,W15,4.472222222222222
2002,W16,2.4782608695652177
2002,W17,8.54861111111111
2002,W18,46.44
2002,W19,290
2002,W20,12.596491228070176
2002,W21,2.333333333333333
2002,W22,10.793103448275863
2002,W23,3.36
2002,W24,3.0793650793650795
2002,W25,4.642857142857143
2002,W26,0.7999999999999999
2002,W27,1.3333333333333333
2002,W28,8.692307692307692
2002,W29,1.3333333333333333
2002,W30,8.682539682539682
2002,W31,20.25
2002,W32,2.85
2002,W34,9.6875
2002,W35,2.75
2002,W36,1.1111111111111112
2002,W37,1.5833333333333333
2002,W38,3
2002,W39,1.3333333333333333
2002,W44,1.392156862745098
2002,W45,3.75
2002,W49,2.5098039215686274
2002,W50,1.3333333333333333
2002,W51,2.6
2002,W54,4.2727272727272725
2002,W55,4.142857142857142
2002,W57,4.363636363636363
2002,W64,1.0416666666666667
2002,W65,6.315315315315315
2002,W66,1.7142857142857142
2002,W67,7.4774774774774775
2002,W68,2.6666666666666665
2002,W69,14.212962962962964
2002,W70,5.260869565217392
2002,W73,4.729166666666667
2002,W74,10.933333333333334
2002,W75,6.823529411764706
2002,W76,5.513888888888888
2002,W77,1.9777777777777779
2002,W78,8.837209302325581
2002,W79,13.577777777777778
2002,W80,40.80519480519481
2002,W81,0.9259259259259259
2002,W83,4.428571428571429
2002,W84,5.944444444444445
2002,W85,4.138888888888888
2002,W86,3.7708333333333335
2002,W87,4.424242424242424
2002,W92,0.7142857142857142
2002,W93,0.3333333333333333
2002,W94,1.9523809523809523
2002,X00,17.35471698113208
2002,X01,1.6400000000000001
2002,X02,1.507936507936508
2002,X03,1.6666666666666665
2002,X04,2.0897435897435894
2002,X05,1.3
2002,X06,3.358974358974359
2002,X08,2.3166666666666664
2002,X09,5.591666666666667
2002,X10,1.1428571428571428
2002,X11,2.1739130434782608
2002,X12,1.3571428571428572
2002,X13,1
2002,X14,1.5
2002,X15,1.0666666666666667
2002,X16,1.5238095238095237
2002,X17,2.3333333333333335
2002,X18,0.3333333333333333
2002,X19,1.380952380952381
2002,X20,0.6666666666666666
2002,X21,1.4166666666666665
2002,X22,1
2002,X23,9.923076923076923
2002,X24,1
2002,X25,1.4
2002,X30,5.195121951219512
2002,X31,7.768
2002,X32,0.3333333333333333
2002,X33,1.9444444444444444
2002,X36,3.7777777777777777
2002,X37,2.1875
2002,X38,0.7777777777777778
2002,X39,2.9027777777777777
2002,X40,3.3333333333333335
2002,X41,9.881967213114754
2002,X42,57.79220779220779
2002,X43,1.25
2002,X44,47.69772727272728
2002,X45,4.178947368421053
2002,X46,1.15
2002,X47,10.083333333333334
2002,X48,0.6
2002,X49,2.09375
2002,X50,1.1
2002,X52,0.5
2002,X53,2.2214285714285715
2002,X57,1.2266666666666668
2002,X58,1.18
2002,X59,49.45111111111111
2002,X60,3.7357142857142858
2002,X61,8.975
2002,X62,6.569230769230769
2002,X63,0.625
2002,X64,17.98181818181818
2002,X65,0.9733333333333334
2002,X66,1.4923076923076923
2002,X67,13.234482758620691
2002,X68,0.95
2002,X69,1.608695652173913
2002,X70,29.81111111111111
2002,X71,3.533333333333333
2002,X72,24.825000000000003
2002,X73,24.557894736842105
2002,X74,60.58545454545453
2002,X75,1.2000000000000002
2002,X76,1.903448275862069
2002,X78,6.431111111111111
2002,X79,0.4
2002,X80,5.729411764705882
2002,X81,2.755
2002,X82,1.8521739130434782
2002,X83,2.05
2002,X84,11.08
2002,X85,1.8541666666666667
2002,X87,0.4
2002,X88,0.4666666666666667
2002,X89,0.4
2002,X90,0.4666666666666667
2002,X91,5.086363636363637
2002,X92,1.1416666666666666
2002,X93,7.192156862745099
2002,X94,5.837209302325581
2002,X95,77.98067632850244
2002,X96,0.4
2002,X97,2.3653846153846154
2002,X98,1
2002,X99,24.21171171171171
2002,Y86,19.10169491525424
2003,V98,0.8333333333333333
2003,W00,5.015873015873016
2003,W01,15.666666666666666
2003,W02,2.738095238095238
2003,W03,8.5
2003,W04,1.7333333333333334
2003,W05,8.77450980392157
2003,W06,12.830065359477125
2003,W07,20.65625
2003,W08,2.4705882352941178
2003,W09,1.3333333333333333
2003,W10,23.03448275862069
2003,W11,28.033333333333335
2003,W12,2.909090909090909
2003,W13,9.560283687943263
2003,W14,12.705882352941178
2003,W15,3.1777777777777776
2003,W16,2.8412698412698414
2003,W17,7.511111111111111
2003,W18,47.438818565400844
2003,W19,299.50602409638543
2003,W20,10.022727272727273
2003,W21,1.2777777777777777
2003,W22,11.869565217391305
2003,W23,3.58974358974359
2003,W24,3.982456140350877
2003,W25,6.083333333333334
2003,W26,1
2003,W27,1.4444444444444444
2003,W28,7.846153846153846
2003,W29,1.380952380952381
2003,W30,8
2003,W31,21.083333333333336
2003,W32,2.9411764705882355
2003,W34,8.666666666666666
2003,W35,2.6
2003,W36,1.1666666666666667
2003,W37,0.9166666666666666
2003,W38,4.333333333333333
2003,W39,1.7777777777777777
2003,W41,1
2003,W44,1.4761904761904763
2003,W45,2.5
2003,W49,1.875
2003,W50,0.8888888888888888
2003,W51,4.375
2003,W52,3.111111111111111
2003,W54,4.631578947368421
2003,W55,3.215686274509804
2003,W56,0.6666666666666666
2003,W57,4.4
2003,W64,1.0476190476190477
2003,W65,6.378378378378378
2003,W66,1.4523809523809523
2003,W67,7.247311827956989
2003,W68,2.2222222222222223
2003,W69,12.855855855855856
2003,W70,4.8
2003,W73,4.988095238095238
2003,W74,12.3739837398374
2003,W75,7.597701149425287
2003,W76,5.319444444444445
2003,W77,2.2727272727272725
2003,W78,8.409090909090908
2003,W79,11.812121212121212
2003,W80,45.406392694063925
2003,W81,0.9629629629629629
2003,W83,4.585858585858586
2003,W84,5.43010752688172
2003,W85,3.787878787878788
2003,W86,3.5238095238095237
2003,W87,5.208333333333333
2003,W92,0.8333333333333333
2003,W93,1.5555555555555556
2003,W94,1.7142857142857144
2003,X00,17.575862068965517
2003,X01,1.5777777777777777
2003,X02,1.7222222222222223
2003,X03,1.7017543859649125
2003,X04,2.4375
2003,X05,1.3333333333333333
2003,X06,2.8095238095238093
2003,X08,2.4074074074074074
2003,X09,5.895238095238095
2003,X10,1.375
2003,X11,1.7254901960784315
2003,X12,0.8148148148148148
2003,X13,0.6666666666666666
2003,X14,2
2003,X15,1.3333333333333333
2003,X16,1.3846153846153846
2003,X19,1
2003,X20,0.6666666666666666
2003,X21,1.5833333333333333
2003,X23,8.8125
2003,X25,1.7777777777777777
2003,X30,3.9772727272727275
2003,X31,6.426666666666667
2003,X32,0.7777777777777778
2003,X33,2
2003,X34,0.6666666666666666
2003,X36,2
2003,X37,2.5777777777777775
2003,X38,1.5555555555555556
2003,X39,3.2933333333333334
2003,X40,3.195
2003,X41,10.525373134328358
2003,X42,64.6805194805195
2003,X43,1.5972222222222223
2003,X44,52.913333333333334
2003,X45,3.923809523809524
2003,X46,1.2
2003,X47,8.983333333333333
2003,X48,0.4
2003,X49,2.276923076923077
2003,X50,1.2000000000000002
2003,X53,1.5692307692307692
2003,X57,0.8666666666666667
2003,X58,1.0777777777777777
2003,X59,53.82168674698795
2003,X60,2.947368421052632
2003,X61,8.294339622641509
2003,X62,7.137142857142857
2003,X63,0.5428571428571428
2003,X64,16.907042253521126
2003,X65,1.123076923076923
2003,X66,1.6142857142857143
2003,X67,13.622222222222222
2003,X68,0.5857142857142857
2003,X69,1.5379310344827586
2003,X70,33.91428571428571
2003,X71,3.394285714285714
2003,X72,26.07826086956522
2003,X73,26.241176470588236
2003,X74,65.4470588235294
2003,X75,0.30000000000000004
2003,X76,1.9548387096774194
2003,X78,6.736363636363636
2003,X79,0.5
2003,X80,5.120689655172414
2003,X81,3.0516129032258066
2003,X82,1.8666666666666667
2003,X83,1.4869565217391305
2003,X84,10.375
2003,X85,2.2962962962962963
2003,X86,0.30000000000000004
2003,X87,0.6
2003,X88,0.6153846153846154
2003,X90,0.4
2003,X91,4.782978723404256
2003,X92,0.9333333333333333
2003,X93,6.781481481481482
2003,X94,5.2318181818181815
2003,X95,80.54726368159203
2003,X96,0.4
2003,X97,2.5
2003,X98,0.4444444444444444
2003,X99,23.752252252252255
2003,Y86,16.1592039800995
2004,W00,4.181818181818182
2004,W01,16.508333333333333
2004,W02,3.051282051282051
2004,W03,4.833333333333333
2004,W04,1.6666666666666665
2004,W05,9.246031746031745
2004,W06,10.339622641509434
2004,W07,20.206896551724135
2004,W08,3.2098765432098766
2004,W10,25.827160493827158
2004,W11,27.266666666666666
2004,W12,2.422222222222222
2004,W13,9.460992907801419
2004,W14,11.555555555555555
2004,W15,3.388888888888889
2004,W16,2.7222222222222223
2004,W17,8.304964539007091
2004,W18,52.83730158730159
2004,W19,310.0689655172415
2004,W20,11.325
2004,W21,1.3333333333333333
2004,W22,10.518518518518519
2004,W23,3.551282051282051
2004,W24,4.287878787878788
2004,W25,5.769230769230769
2004,W26,1.3333333333333333
2004,W27,1.2777777777777777
2004,W28,7.6
2004,W29,1.4444444444444444
2004,W30,9.05
2004,W31,26.62962962962963
2004,W32,2.666666666666667
2004,W34,8.490196078431373
2004,W35,3
2004,W36,0.962962962962963
2004,W37,1
2004,W38,1.5
2004,W39,1.222222222222222
2004,W41,0.3333333333333333
2004,W44,2.229166666666667
2004,W45,2
2004,W49,2
2004,W50,1.4
2004,W51,2.6
2004,W54,4.9411764705882355
2004,W55,4.238095238095238
2004,W56,0.6666666666666666
2004,W57,3.6
2004,W64,1.625
2004,W65,7.136752136752137
2004,W66,1.75
2004,W67,8.333333333333332
2004,W68,2.4166666666666665
2004,W69,14.768518518518519
2004,W70,5.575757575757576
2004,W73,3.807692307692308
2004,W74,10.316666666666666
2004,W75,7.666666666666666
2004,W76,5.516666666666667
2004,W77,2.4814814814814814
2004,W78,8.696969696969697
2004,W79,13.277777777777777
2004,W80,48.80630630630631
2004,W81,1.1666666666666665
2004,W83,4.54954954954955
2004,W84,5.434343434343434
2004,W85,4.5
2004,W86,2.4166666666666665
2004,W87,5.016666666666667
2004,W92,1.4444444444444444
2004,W93,1.3333333333333333
2004,W94,1.7333333333333332
2004,X00,15.6875
2004,X01,1.1285714285714286
2004,X02,1.3111111111111111
2004,X03,2.3541666666666665
2004,X04,2.283333333333333
2004,X05,1.1333333333333333
2004,X06,3.4827586206896552
2004,X08,2.571428571428571
2004,X09,5.149122807017544
2004,X10,0.8518518518518519
2004,X11,1.5185185185185184
2004,X12,1.4285714285714286
2004,X13,1.4166666666666665
2004,X14,1.4166666666666667
2004,X15,1.1481481481481481
2004,X16,1.2424242424242424
2004,X17,0.75
2004,X18,0.3333333333333333
2004,X19,1.3333333333333333
2004,X20,1.3333333333333333
2004,X21,1.3888888888888888
2004,X22,1
2004,X23,8.5
2004,X25,1.4
2004,X30,4.41764705882353
2004,X31,8.157692307692308
2004,X33,1.9523809523809523
2004,X36,1.9583333333333335
2004,X37,2.2291666666666665
2004,X38,1.7333333333333334
2004,X39,2.333333333333333
2004,X40,3.816666666666667
2004,X41,11.740625000000001
2004,X42,67.05569620253165
2004,X43,1.2307692307692308
2004,X44,56.50322580645161
2004,X45,4.3621621621621625
2004,X46,1.35
2004,X47,7.991666666666666
2004,X48,0.6
2004,X49,2.0878048780487806
2004,X50,1.25
2004,X53,1.1375
2004,X57,1.2
2004,X58,0.8624999999999999
2004,X59,46.71235955056179
2004,X60,3.30625
2004,X61,9.316
2004,X62,6.9
2004,X63,0.9
2004,X64,18.23513513513514
2004,X65,0.925
2004,X66,2.522222222222222
2004,X67,10.144444444444444
2004,X68,0.6
2004,X69,1.448
2004,X70,33.26545454545455
2004,X71,3.3588235294117648
2004,X72,21.582456140350878
2004,X73,24.046153846153846
2004,X74,65.19615384615385
2004,X75,0.7999999999999999
2004,X76,1.7454545454545454
2004,X77,0.7
2004,X78,7.144186046511628
2004,X79,0.5
2004,X80,5.407843137254902
2004,X81,3.5823529411764707
2004,X82,1.8260869565217392
2004,X83,1.7714285714285714
2004,X84,8.944444444444445
2004,X85,2.550724637681159
2004,X88,0.5333333333333333
2004,X89,0.55
2004,X90,0.6
2004,X91,4.773333333333334
2004,X92,0.9478260869565217
2004,X93,8.02
2004,X94,5.475555555555555
2004,X95,87.60000000000004
2004,X96,0.7333333333333334
2004,X97,2.2419354838709675
2004,X98,0.888888888888889
2004,X99,26.25980392156863
2004,Y86,16.93010752688172
2005,V98,0.6666666666666666
2005,W00,4.444444444444445
2005,W01,16.291666666666668
2005,W02,2.7555555555555555
2005,W03,3.4285714285714284
2005,W04,1.1944444444444444
2005,W05,9.523809523809524
2005,W06,11.869047619047619
2005,W07,23.129032258064516
2005,W08,2.590909090909091
2005,W09,0.8888888888888888
2005,W10,24.220338983050848
2005,W11,29.939393939393938
2005,W12,2.5714285714285716
2005,W13,10.12280701754386
2005,W14,12.428571428571429
2005,W15,3.238095238095238
2005,W16,2.238095238095238
2005,W17,8.934782608695652
2005,W18,61.126984126984134
2005,W19,335.26250000000005
2005,W20,10.689922480620154
2005,W21,1.3333333333333333
2005,W22,11.333333333333332
2005,W23,3.2333333333333334
2005,W24,3.7777777777777777
2005,W25,2.7777777777777777
2005,W26,0.9166666666666666
2005,W27,1.0666666666666667
2005,W28,9.142857142857142
2005,W29,1
2005,W30,9.031746031746032
2005,W31,19.03030303030303
2005,W32,3.0666666666666664
2005,W34,8.85
2005,W35,1.3333333333333333
2005,W36,2
2005,W37,1.0833333333333333
2005,W38,3
2005,W39,0.6666666666666666
2005,W44,1.8888888888888888
2005,W45,2.8
2005,W49,2.1052631578947367
2005,W50,1.121212121212121
2005,W51,3.2857142857142856
2005,W54,5.5625
2005,W55,3.4901960784313726
2005,W56,0.3333333333333333
2005,W57,5
2005,W58,0.3333333333333333
2005,W60,2
2005,W64,0.9523809523809523
2005,W65,6.07936507936508
2005,W66,1.3137254901960784
2005,W67,7.296296296296296
2005,W68,3.111111111111111
2005,W69,15.519379844961243
2005,W70,5.901234567901234
2005,W73,4.051282051282051
2005,W74,10.715447154471544
2005,W75,6.9714285714285715
2005,W76,5
2005,W77,2.5
2005,W78,7.312499999999999
2005,W79,12.76
2005,W80,46.67982456140351
2005,W81,1.3888888888888888
2005,W83,5.032258064516129
2005,W84,7.095238095238095
2005,W85,4.5
2005,W86,3.4791666666666665
2005,W87,4.37037037037037
2005,W92,1.037037037037037
2005,W93,0.6666666666666666
2005,W94,1.3888888888888888
2005,X00,17.6
2005,X01,1.2
2005,X02,1.6904761904761905
2005,X03,1.880952380952381
2005,X04,2.420289855072464
2005,X05,1.0555555555555556
2005,X06,2.67816091954023
2005,X08,2.7555555555555555
2005,X09,5.3418803418803424
2005,X10,1.2380952380952381
2005,X11,2.130434782608696
2005,X12,1.1111111111111112
2005,X14,0.6666666666666666
2005,X15,1.1666666666666665
2005,X16,1.7407407407407407
2005,X17,1.1111111111111112
2005,X18,0.6666666666666666
2005,X19,1.1428571428571428
2005,X20,1.25
2005,X21,1.1111111111111112
2005,X23,12.176470588235293
2005,X25,1.4166666666666665
2005,X30,6.608510638297872
2005,X31,9.05
2005,X32,0.3333333333333333
2005,X33,2.393939393939394
2005,X36,2
2005,X37,13.236559139784948
2005,X38,1.2666666666666666
2005,X39,2.2037037037037037
2005,X40,3.2904761904761903
2005,X41,12.975757575757576
2005,X42,74.45
2005,X43,0.921875
2005,X44,65.03225806451613
2005,X45,3.835555555555556
2005,X46,1.568421052631579
2005,X47,10.027027027027026
2005,X48,0.5333333333333333
2005,X49,2.235294117647059
2005,X50,1.3
2005,X53,1.1454545454545455
2005,X54,1.1666666666666667
2005,X57,0.6000000000000001
2005,X58,1.3047619047619048
2005,X59,52.785542168674695
2005,X60,3.423529411764706
2005,X61,9.616
2005,X62,6.3023255813953485
2005,X63,0.68
2005,X64,19.304225352112674
2005,X65,0.888888888888889
2005,X66,2.35
2005,X67,11.94
2005,X68,0.675
2005,X69,1.6869565217391305
2005,X70,35.21538461538461
2005,X71,3.4947368421052634
2005,X72,27.513725490196077
2005,X73,26.785
2005,X74,68.68301886792453
2005,X75,1.1
2005,X76,2.2
2005,X78,6.3916666666666675
2005,X80,5.866666666666666
2005,X81,3.2914285714285714
2005,X82,1.9428571428571428
2005,X83,2.0923076923076924
2005,X84,11.4
2005,X85,2
2005,X88,0.55
2005,X90,0.5
2005,X91,4.721739130434782
2005,X92,0.9047619047619048
2005,X93,9.022641509433962
2005,X94,6.457142857142857
2005,X95,96.68468468468467
2005,X96,0.8
2005,X97,2.6153846153846154
2005,X98,0.8095238095238095
2005,X99,23.931506849315078
2005,Y86,15.661904761904761
2006,W00,3.425925925925926
2006,W01,15.20125786163522
2006,W02,3.1960784313725488
2006,W03,6.428571428571429
2006,W04,1
2006,W05,8.815602836879432
2006,W06,13.986394557823129
2006,W07,20.625
2006,W08,3.4230769230769234
2006,W09,0.6666666666666666
2006,W10,24.646153846153847
2006,W11,26.28571428571429
2006,W12,2.8431372549019605
2006,W13,10.53030303030303
2006,W14,8.9
2006,W15,2.388888888888889
2006,W16,2.4074074074074074
2006,W17,8.943262411347517
2006,W18,64.32128514056225
2006,W19,315.5698924731181
2006,W20,10.922480620155039
2006,W21,1.3703703703703702
2006,W22,12.24
2006,W23,3.5362318840579707
2006,W24,3.8596491228070176
2006,W25,5.722222222222222
2006,W26,1.4444444444444444
2006,W27,1.1333333333333333
2006,W28,10.916666666666666
2006,W29,2.083333333333333
2006,W30,9.466666666666667
2006,W31,20.53125
2006,W32,3.365079365079365
2006,W34,7.154471544715447
2006,W35,3
2006,W36,0.8888888888888888
2006,W37,1.2083333333333333
2006,W38,2.6
2006,W39,1.1333333333333333
2006,W44,1.5833333333333333
2006,W45,6
2006,W49,1.7777777777777777
2006,W50,1.2
2006,W51,3.3333333333333335
2006,W53,2.6666666666666665
2006,W54,4.15
2006,W55,2.6
2006,W56,0.6666666666666666
2006,W57,2.1666666666666665
2006,W58,1.1666666666666665
2006,W59,0.6666666666666666
2006,W60,3
2006,W64,1.6666666666666665
2006,W65,8.037037037037036
2006,W66,1.5555555555555556
2006,W67,8.456140350877194
2006,W68,2.2878787878787876
2006,W69,17.912280701754387
2006,W70,6.1234567901234565
2006,W73,3.4722222222222223
2006,W74,9.563492063492063
2006,W75,8.781249999999998
2006,W76,5.333333333333334
2006,W77,2.5833333333333335
2006,W78,8.410852713178295
2006,W79,13.666666666666666
2006,W80,42.203252032520325
2006,W81,0.8
2006,W83,4.139784946236559
2006,W84,6.803418803418803
2006,W85,3.9696969696969697
2006,W86,3.8333333333333335
2006,W87,5.688888888888889
2006,W92,0.8888888888888888
2006,W94,1.4074074074074074
2006,X00,17.354385964912282
2006,X01,1.6266666666666667
2006,X02,1.5555555555555556
2006,X03,2.0833333333333335
2006,X04,2.7777777777777777
2006,X05,1.0666666666666667
2006,X06,3.388888888888889
2006,X08,2.8472222222222223
2006,X09,5.37037037037037
2006,X10,1.5833333333333333
2006,X11,1.5333333333333332
2006,X12,0.962962962962963
2006,X13,0.8333333333333333
2006,X14,0.8333333333333333
2006,X15,1
2006,X16,1.3636363636363635
2006,X17,2.6666666666666665
2006,X18,0.3333333333333333
2006,X19,1.2857142857142858
2006,X20,1.4285714285714286
2006,X21,1.2222222222222223
2006,X22,0.6666666666666666
2006,X23,11.142857142857144
2006,X25,1.2666666666666666
2006,X26,0.6666666666666666
2006,X30,7.711538461538462
2006,X31,5.957894736842105
2006,X33,2.142857142857143
2006,X36,2.4
2006,X37,2.871794871794872
2006,X38,0.6666666666666666
2006,X39,2.5686274509803924
2006,X40,3.8
2006,X41,13.152238805970148
2006,X42,96.11578947368423
2006,X43,1.0576923076923077
2006,X44,73.58762886597937
2006,X45,4.052380952380952
2006,X46,1.74
2006,X47,8.452991452991453
2006,X48,1
2006,X49,2.142857142857143
2006,X50,1.06
2006,X51,1.6666666666666667
2006,X53,0.92
2006,X58,1.556521739130435
2006,X59,46.763829787234044
2006,X60,3.5
2006,X61,9.017857142857142
2006,X62,7.2883720930232565
2006,X63,0.8769230769230769
2006,X64,21.28767123287671
2006,X65,0.7875
2006,X66,2.3263157894736843
2006,X67,12.200000000000001
2006,X68,0.8
2006,X69,1.8736842105263158
2006,X70,37.251999999999995
2006,X71,3.9944444444444445
2006,X72,29.929166666666664
2006,X73,28.278947368421054
2006,X74,66.81428571428572
2006,X75,0.8
2006,X76,2.011111111111111
2006,X77,0.4
2006,X78,6.722727272727273
2006,X79,0.2
2006,X80,5.28421052631579
2006,X81,3.165
2006,X82,2.33
2006,X83,2.518181818181818
2006,X84,12.26086956521739
2006,X85,2.111111111111111
2006,X88,0.6363636363636364
2006,X89,0.5666666666666667
2006,X90,0.30000000000000004
2006,X91,4.947619047619048
2006,X92,0.9777777777777777
2006,X93,9.107692307692307
2006,X94,6.698039215686275
2006,X95,109.99086757990862
2006,X96,0.2
2006,X97,2.5258620689655173
2006,X98,0.5
2006,X99,24.802816901408455
2006,Y86,18.229166666666668
2007,W00,5.111111111111112
2007,W01,15.387755102040817
2007,W02,3.2444444444444445
2007,W03,2.833333333333333
2007,W04,2.375
2007,W05,10.488372093023255
2007,W06,14.018181818181818
2007,W07,21.15625
2007,W08,3.956521739130435
2007,W09,1.3333333333333333
2007,W10,26.746031746031747
2007,W11,26.838709677419352
2007,W12,3.5476190476190474
2007,W13,10.219696969696969
2007,W14,13.105263157894736
2007,W15,2.8205128205128203
2007,W16,2.515151515151515
2007,W17,9.515873015873016
2007,W18,72.24313725490197
2007,W19,369.25
2007,W20,11.296296296296296
2007,W21,1.4166666666666667
2007,W22,11.185185185185185
2007,W23,3.9382716049382713
2007,W24,2.982456140350877
2007,W25,6
2007,W26,1
2007,W27,0.75
2007,W28,7.846153846153846
2007,W29,1.5333333333333332
2007,W30,8.407407407407407
2007,W31,21.709677419354836
2007,W32,2.3333333333333335
2007,W34,7.803921568627451
2007,W35,3
2007,W36,1.6
2007,W37,1.0666666666666667
2007,W38,4.4
2007,W39,1.1666666666666665
2007,W44,1.7291666666666665
2007,W45,2.2857142857142856
2007,W49,2.803030303030303
2007,W50,0.9166666666666667
2007,W51,3
2007,W54,4.8125
2007,W55,3.6666666666666665
2007,W57,4
2007,W58,1.3333333333333333
2007,W64,1.2
2007,W65,6.411347517730496
2007,W66,1.8974358974358974
2007,W67,8.24390243902439
2007,W68,2.5
2007,W69,15.409722222222223
2007,W70,6.397435897435898
2007,W73,4.035714285714286
2007,W74,8.37719298245614
2007,W75,9.65625
2007,W76,4.638888888888888
2007,W77,2.2962962962962963
2007,W78,7.3125
2007,W79,12.678362573099415
2007,W80,44.62447257383966
2007,W81,1.1818181818181819
2007,W83,4.933333333333334
2007,W84,6.232558139534883
2007,W85,2.8974358974358974
2007,W86,2.8541666666666665
2007,W87,5.314814814814814
2007,W92,1.1666666666666665
2007,W94,1.3888888888888888
2007,X00,18.157894736842106
2007,X01,1.4444444444444444
2007,X02,1.9607843137254903
2007,X03,2.047619047619048
2007,X04,2.7666666666666666
2007,X05,0.7777777777777778
2007,X06,2.857142857142857
2007,X08,2.869565217391304
2007,X09,5.9
2007,X10,0.8333333333333334
2007,X11,1.9841269841269842
2007,X12,1.3666666666666667
2007,X13,0.3333333333333333
2007,X14,1.1111111111111112
2007,X15,1.222222222222222
2007,X16,1.6333333333333333
2007,X17,0.3333333333333333
2007,X18,0.3333333333333333
2007,X19,1.5416666666666665
2007,X20,1.3333333333333335
2007,X21,1.3888888888888888
2007,X23,8.117647058823529
2007,X25,1.1111111111111112
2007,X30,4.95
2007,X31,7.538709677419355
2007,X33,2.0256410256410255
2007,X36,2.8666666666666667
2007,X37,3.1777777777777776
2007,X38,1.722222222222222
2007,X39,1.6428571428571428
2007,X40,4.167441860465116
2007,X41,12.722077922077922
2007,X42,84.91627906976744
2007,X43,1.1071428571428572
2007,X44,82.884
2007,X45,11.914754098360655
2007,X46,1.7176470588235293
2007,X47,9.25438596491228
2007,X48,0.4666666666666667
2007,X49,2.405263157894737
2007,X50,0.7777777777777778
2007,X53,1.0285714285714287
2007,X54,1.5
2007,X57,1
2007,X58,1.2166666666666668
2007,X60,3.1444444444444444
2007,X61,9.27017543859649
2007,X62,7.2372093023255815
2007,X63,0.9733333333333334
2007,X64,21.559493670886077
2007,X65,1.2470588235294118
2007,X66,2.4571428571428573
2007,X67,11.5
2007,X68,0.6
2007,X69,1.4344827586206896
2007,X70,38.43333333333333
2007,X71,3.654054054054054
2007,X72,28.059259259259264
2007,X73,25.923809523809528
2007,X74,65.83
2007,X75,0.6000000000000001
2007,X76,2.178571428571429
2007,X78,6.8125
2007,X79,0.2
2007,X80,5.477777777777778
2007,X81,3.225
2007,X82,2.725
2007,X83,2.272
2007,X84,12.5
2007,X85,2.0128205128205128
2007,X86,0.6
2007,X88,0.8
2007,X89,0.2
2007,X91,5.134883720930232
2007,X92,0.9157894736842105
2007,X93,8.596226415094339
2007,X94,6.250980392156862
2007,X95,115.4694835680751
2007,X96,0.4
2007,X97,2.354166666666667
2007,X98,0.6666666666666666
2007,X99,24.038647342995173
2007,Y86,16.962441314553992
2008,W00,5.96
2008,W01,15.987179487179487
2008,W02,3.666666666666667
2008,W03,4.125
2008,W04,2.291666666666667
2008,W05,11.224489795918368
2008,W06,14.866666666666665
2008,W07,23.483870967741936
2008,W08,3.888888888888889
2008,W09,1.6666666666666667
2008,W10,26.757575757575754
2008,W11,26.388888888888893
2008,W12,2.7254901960784315
2008,W13,9.822222222222223
2008,W14,11.153846153846153
2008,W15,2.175438596491228
2008,W16,2.3636363636363638
2008,W17,9.319148936170212
2008,W18,77.65530303030303
2008,W19,370.5274725274727
2008,W20,11.974358974358974
2008,W21,1.4166666666666667
2008,W22,10.133333333333333
2008,W23,3.3472222222222223
2008,W24,3.5256410256410255
2008,W25,4
2008,W26,0.6666666666666666
2008,W27,0.8888888888888888
2008,W28,7.538461538461538
2008,W29,1.611111111111111
2008,W30,9.925925925925926
2008,W31,22.40740740740741
2008,W32,3.647058823529412
2008,W34,6.605263157894736
2008,W35,4.5
2008,W36,1.1666666666666667
2008,W37,0.7777777777777778
2008,W38,1
2008,W39,1.4444444444444444
2008,W44,1.911111111111111
2008,W45,2.6
2008,W46,1.6666666666666667
2008,W49,1.9242424242424243
2008,W50,0.8333333333333333
2008,W51,2.5
2008,W54,5.133333333333334
2008,W55,2.954545454545454
2008,W56,0.8333333333333333
2008,W57,5.333333333333333
2008,W64,2.142857142857143
2008,W65,8.113821138211383
2008,W66,2.0238095238095237
2008,W67,8.585365853658537
2008,W68,2.515151515151515
2008,W69,16.195652173913043
2008,W70,5.4
2008,W73,3.8533333333333335
2008,W74,7.837037037037037
2008,W75,10.047619047619047
2008,W76,5.126984126984127
2008,W77,4
2008,W78,7.006666666666667
2008,W79,14.433962264150944
2008,W80,43.287499999999994
2008,W81,0.8666666666666667
2008,W83,3.838095238095238
2008,W84,7.760683760683761
2008,W85,2.977777777777778
2008,W86,2.4871794871794872
2008,W87,5.358974358974359
2008,W89,1
2008,W92,1.5
2008,W94,1.5238095238095237
2008,X00,16.55087719298246
2008,X01,1.2470588235294118
2008,X02,1.8958333333333335
2008,X03,2.037037037037037
2008,X04,2.3015873015873014
2008,X05,0.5833333333333333
2008,X06,3.4871794871794872
2008,X08,2.7666666666666666
2008,X09,5.372093023255814
2008,X10,1.3888888888888888
2008,X11,1.5238095238095237
2008,X12,1.625
2008,X15,1.1666666666666667
2008,X16,1.638888888888889
2008,X17,0.8888888888888888
2008,X18,0.3333333333333333
2008,X19,1.375
2008,X20,0.6666666666666666
2008,X21,1.2
2008,X22,1
2008,X23,10.75
2008,X24,1
2008,X25,1.25
2008,X30,4.245833333333334
2008,X31,7.86923076923077
2008,X33,1.696969696969697
2008,X36,2.4166666666666665
2008,X37,4.176470588235294
2008,X38,0.6
2008,X39,1.9555555555555555
2008,X40,3.9404255319148938
2008,X41,13.76
2008,X42,89.055421686747
2008,X43,1.5208333333333335
2008,X44,84.50943396226414
2008,X45,18.86984126984127
2008,X46,1.556521739130435
2008,X47,8.88888888888889
2008,X48,0.6857142857142857
2008,X49,3.041176470588235
2008,X50,0.6
2008,X51,1
2008,X53,1.3692307692307693
2008,X54,0.3333333333333333
2008,X57,0.33333333333333337
2008,X58,1.146153846153846
2008,X60,3.2914285714285714
2008,X61,9.771929824561404
2008,X62,7.941463414634146
2008,X63,0.9647058823529412
2008,X64,23.153658536585368
2008,X65,1.7714285714285714
2008,X66,2.254545454545455
2008,X67,11.058064516129033
2008,X68,0.45
2008,X69,1.6166666666666667
2008,X70,39.52363636363636
2008,X71,4.133333333333333
2008,X72,31.99607843137255
2008,X73,29.933333333333334
2008,X74,78.92830188679244
2008,X75,0.6
2008,X76,2.386206896551724
2008,X77,0.2
2008,X78,7.016
2008,X80,5.896
2008,X81,2.770731707317073
2008,X82,1.8307692307692307
2008,X83,2.0307692307692307
2008,X84,13.846153846153847
2008,X85,2.307692307692308
2008,X86,0.4
2008,X88,0.9400000000000001
2008,X89,0.88
2008,X90,0.8
2008,X91,4.334782608695652
2008,X92,0.9666666666666667
2008,X93,8.411538461538461
2008,X94,6.370833333333334
2008,X95,109.49771689497715
2008,X96,0.55
2008,X97,1.7321428571428572
2008,X98,0.8888888888888888
2008,X99,24.58095238095238
2008,Y86,19.07246376811594
2009,V98,1.3333333333333333
2009,W00,6.317460317460317
2009,W01,19.533333333333335
2009,W02,2.1458333333333335
2009,W03,5.75
2009,W04,2.627450980392157
2009,W05,10.615942028985506
2009,W06,15.732142857142856
2009,W07,24.392857142857146
2009,W08,3.4597701149425286
2009,W09,0.6666666666666666
2009,W10,24.90740740740741
2009,W11,27.205882352941178
2009,W12,2.6333333333333333
2009,W13,8.713178294573645
2009,W14,11.4
2009,W15,2.411764705882353
2009,W16,3
2009,W17,8.28368794326241
2009,W18,80.6123188405797
2009,W19,410.164705882353
2009,W20,10.247863247863247
2009,W21,1
2009,W22,9.407407407407408
2009,W23,3.3020833333333335
2009,W24,2.6666666666666665
2009,W25,3.294117647058824
2009,W26,1
2009,W27,1.1666666666666667
2009,W28,11.8
2009,W29,1.4
2009,W30,9.574074074074074
2009,W31,20.541666666666664
2009,W32,2.9814814814814814
2009,W34,6.6190476190476195
2009,W35,5.5
2009,W36,2
2009,W37,1.1666666666666665
2009,W38,2.3333333333333335
2009,W39,0.6666666666666666
2009,W42,8
2009,W44,1.8235294117647058
2009,W45,2.25
2009,W49,1.6349206349206349
2009,W50,1.0476190476190477
2009,W51,3
2009,W54,4.9375
2009,W55,3.1372549019607843
2009,W57,3.4444444444444446
2009,W60,5
2009,W64,1.1333333333333333
2009,W65,7.426666666666667
2009,W66,2.076923076923077
2009,W67,8.06060606060606
2009,W68,2.8833333333333333
2009,W69,16.863636363636363
2009,W70,5.882352941176471
2009,W73,3.913978494623656
2009,W74,8.837606837606838
2009,W75,9.301075268817204
2009,W76,4.861111111111112
2009,W77,1.9999999999999998
2009,W78,6.48062015503876
2009,W79,13.598870056497175
2009,W80,45.9047619047619
2009,W81,0.6666666666666666
2009,W83,3.787878787878788
2009,W84,6.869918699186992
2009,W85,2.261904761904762
2009,W86,3.2
2009,W87,4.133333333333334
2009,W92,1
2009,W93,3.3333333333333335
2009,W94,0.9523809523809523
2009,X00,15.100000000000001
2009,X01,1.9166666666666665
2009,X02,1.4722222222222223
2009,X03,1.9444444444444444
2009,X04,2.2745098039215685
2009,X05,0.7333333333333333
2009,X06,2.6129032258064515
2009,X08,2.0166666666666666
2009,X09,5.466666666666667
2009,X10,1.1666666666666667
2009,X11,1.4074074074074074
2009,X12,1.5238095238095237
2009,X13,0.8333333333333333
2009,X14,1
2009,X15,1.1333333333333333
2009,X16,0.9444444444444444
2009,X17,0.3333333333333333
2009,X18,2.3333333333333335
2009,X19,2.7777777777777777
2009,X20,0.8333333333333333
2009,X21,2.25
2009,X23,9.4375
2009,X24,2
2009,X25,1.0952380952380951
2009,X30,4.335849056603773
2009,X31,6.6
2009,X33,2.185185185185185
2009,X36,1.9333333333333333
2009,X37,1.3888888888888888
2009,X38,1.0666666666666667
2009,X39,2.212121212121212
2009,X40,3.7955555555555556
2009,X41,15.243835616438357
2009,X42,83.96511627906978
2009,X43,1.15
2009,X44,94.32427184466019
2009,X45,17.446376811594202
2009,X46,1.18
2009,X47,10.034722222222221
2009,X48,0.5
2009,X49,3.4971428571428573
2009,X50,1.52
2009,X53,0.9
2009,X57,0.65
2009,X58,1.511111111111111
2009,X60,2.8
2009,X61,8.495384615384616
2009,X62,7.746938775510204
2009,X63,1.1333333333333333
2009,X64,23.496296296296297
2009,X65,1.725
2009,X66,2.2526315789473683
2009,X67,9.505882352941176
2009,X68,0.6727272727272728
2009,X69,1.4444444444444444
2009,X70,41.178571428571416
2009,X71,4.032432432432432
2009,X72,31.835714285714285
2009,X73,29.99473684210526
2009,X74,75.0142857142857
2009,X75,0.4
2009,X76,2.1517241379310343
2009,X78,7.3574468085106375
2009,X79,1.6
2009,X80,5.283636363636364
2009,X81,3.258536585365854
2009,X82,2.094736842105263
2009,X83,2.1533333333333333
2009,X84,13.678571428571427
2009,X85,2.6533333333333333
2009,X86,0.2
2009,X88,0.47500000000000003
2009,X89,0.30000000000000004
2009,X90,0.4
2009,X91,4.213636363636364
2009,X92,0.788235294117647
2009,X93,8.35925925925926
2009,X94,5.873469387755102
2009,X95,104.31924882629109
2009,X96,0.30000000000000004
2009,X97,1.8199999999999998
2009,X98,0.6666666666666666
2009,X99,21.621004566210047
2009,Y86,17.984615384615385
2010,W00,5.631578947368421
2010,W01,15.789473684210527
2010,W02,3.2564102564102564
2010,W03,5
2010,W04,2.823529411764706
2010,W05,10.71969696969697
2010,W06,14.357142857142856
2010,W07,26.642857142857146
2010,W08,4.277777777777778
2010,W09,0.6666666666666666
2010,W10,25.38812785388128
2010,W11,26.705882352941178
2010,W12,1.8611111111111112
2010,W13,8.825396825396824
2010,W14,7.117647058823529
2010,W15,2.3958333333333335
2010,W16,1.9166666666666667
2010,W17,7.837037037037038
2010,W18,92.40151515151514
2010,W19,424.7415730337078
2010,W20,10.43859649122807
2010,W21,1.5416666666666665
2010,W22,11.40625
2010,W23,3.5714285714285716
2010,W24,3.076923076923077
2010,W25,3.5454545454545454
2010,W26,0.7777777777777778
2010,W27,0.5555555555555556
2010,W28,8.529411764705882
2010,W29,1.3333333333333333
2010,W30,9.175438596491228
2010,W31,18.03448275862069
2010,W32,2.9420289855072466
2010,W34,8.114583333333332
2010,W35,2
2010,W36,1.5238095238095237
2010,W37,0.8666666666666666
2010,W38,3
2010,W39,1.1111111111111112
2010,W44,1.6944444444444444
2010,W49,2.2121212121212124
2010,W51,3
2010,W52,1.3333333333333333
2010,W54,5.2
2010,W55,3.245614035087719
2010,W56,1
2010,W57,3.2
2010,W59,1
2010,W64,1.4166666666666665
2010,W65,7.722222222222222
2010,W66,1.1555555555555554
2010,W67,8.761904761904763
2010,W68,2.2982456140350878
2010,W69,17.122448979591837
2010,W70,7.135802469135802
2010,W73,3.8641975308641974
2010,W74,9.02127659574468
2010,W75,8.745098039215685
2010,W76,4.576923076923077
2010,W77,1.9583333333333333
2010,W78,7.651851851851852
2010,W79,15.769696969696968
2010,W80,43.83333333333333
2010,W81,0.9444444444444444
2010,W83,3.2095238095238097
2010,W84,7.6016260162601625
2010,W85,3.3333333333333335
2010,W86,3.2
2010,W87,3.971014492753623
2010,W92,1.1666666666666665
2010,W93,1
2010,W94,1.1666666666666665
2010,X00,15.828070175438596
2010,X01,1.4266666666666665
2010,X02,1.6140350877192984
2010,X03,2.425925925925926
2010,X04,3.7894736842105265
2010,X05,1
2010,X06,2.6666666666666665
2010,X08,2.289855072463768
2010,X09,6.303703703703704
2010,X10,1.4444444444444444
2010,X11,1.5396825396825398
2010,X12,0.9583333333333334
2010,X14,1.1666666666666665
2010,X15,1.3333333333333335
2010,X16,1.3888888888888888
2010,X17,0.3333333333333333
2010,X18,3.6666666666666665
2010,X19,1.1111111111111112
2010,X20,1.1666666666666665
2010,X21,0.9047619047619048
2010,X23,6.6
2010,X25,1.1904761904761905
2010,X30,5.796153846153846
2010,X31,8.15
2010,X32,1.3333333333333333
2010,X33,1.3888888888888888
2010,X34,0.5555555555555556
2010,X36,2.388888888888889
2010,X37,1.738095238095238
2010,X38,2.142857142857143
2010,X39,1.3888888888888888
2010,X40,3.2844444444444445
2010,X41,15.832911392405064
2010,X42,85.32771084337348
2010,X43,1.25
2010,X44,101.72500000000001
2010,X45,17.52957746478873
2010,X46,1.76
2010,X47,9.104166666666666
2010,X48,0.5333333333333333
2010,X49,2.8312500000000003
2010,X50,1
2010,X53,0.9166666666666666
2010,X54,0.6666666666666666
2010,X58,1.263157894736842
2010,X60,2.5823529411764707
2010,X61,9.578947368421053
2010,X62,7.333333333333333
2010,X63,1.1066666666666667
2010,X64,24.758536585365853
2010,X65,1.2666666666666666
2010,X66,2.3391304347826085
2010,X67,7.810256410256411
2010,X68,0.6
2010,X69,1.4518518518518517
2010,X70,45.43018867924529
2010,X71,3.895238095238095
2010,X72,38.50416666666667
2010,X73,29.85128205128205
2010,X74,78.58571428571429
2010,X75,0.4
2010,X76,1.7379310344827588
2010,X78,7.35
2010,X80,5.6872727272727275
2010,X81,3.44
2010,X82,1.7999999999999998
2010,X83,2.851851851851852
2010,X84,12.516129032258064
2010,X85,2.2916666666666665
2010,X88,0.43333333333333335
2010,X89,0.6857142857142857
2010,X90,0.8
2010,X91,3.8666666666666667
2010,X92,0.9473684210526316
2010,X93,7.984615384615385
2010,X94,6.142857142857143
2010,X95,101.5586854460094
2010,X96,0.4
2010,X97,1.8541666666666665
2010,X98,0.5555555555555556
2010,X99,21.555555555555557
2010,Y86,16.360730593607304
2011,W00,4.884615384615385
2011,W01,16.648809523809526
2011,W02,3.0714285714285716
2011,W03,3.6666666666666665
2011,W04,2.4285714285714284
2011,W05,11.153333333333332
2011,W06,15.116959064327485
2011,W07,26.07894736842105
2011,W08,2.839080459770115
2011,W09,0.6666666666666666
2011,W10,27.16431924882629
2011,W11,30.4
2011,W12,2.242424242424242
2011,W13,8.252032520325203
2011,W14,9.588235294117647
2011,W15,2.0588235294117645
2011,W16,2.380952380952381
2011,W17,7.394557823129252
2011,W18,104.39607843137254
2011,W19,436.23913043478257
2011,W20,10.142857142857144
2011,W21,1.2083333333333333
2011,W22,13.137931034482756
2011,W23,3.5595238095238098
2011,W24,2.8115942028985508
2011,W25,3.8666666666666667
2011,W26,1
2011,W27,0.9333333333333333
2011,W28,11.90909090909091
2011,W29,1.6666666666666667
2011,W30,6.36231884057971
2011,W31,19.774193548387096
2011,W32,3.0392156862745097
2011,W34,8.53125
2011,W36,1.5
2011,W37,1.3333333333333333
2011,W38,2
2011,W39,0.6666666666666666
2011,W44,2.0185185185185186
2011,W45,4.75
2011,W49,2.236111111111111
2011,W50,0.6666666666666667
2011,W51,3.2
2011,W54,5.5555555555555545
2011,W55,2.8703703703703702
2011,W57,4.75
2011,W64,1.1904761904761905
2011,W65,6.849673202614379
2011,W66,2.4242424242424243
2011,W67,8.238095238095237
2011,W68,1.7083333333333333
2011,W69,17.628930817610062
2011,W70,4.693333333333333
2011,W73,4.16
2011,W74,7.8062015503875966
2011,W75,9.385416666666668
2011,W76,3.9195402298850572
2011,W77,1.5714285714285714
2011,W78,8.122448979591837
2011,W79,15.913793103448276
2011,W80,44.00793650793651
2011,W81,0.41666666666666663
2011,W83,3.9803921568627447
2011,W84,7.520325203252033
2011,W85,2.787878787878788
2011,W86,1.9393939393939394
2011,W87,4.666666666666667
2011,W92,1.5
2011,W94,1.4166666666666665
2011,X00,14.81311475409836
2011,X01,1.1500000000000001
2011,X02,1.1388888888888888
2011,X03,2.4285714285714284
2011,X04,2.6470588235294117
2011,X05,0.6666666666666666
2011,X06,2.8800000000000003
2011,X08,2.1587301587301586
2011,X09,6.23404255319149
2011,X10,0.6666666666666666
2011,X11,1.4444444444444444
2011,X12,1.125
2011,X13,0.8333333333333333
2011,X14,0.7777777777777778
2011,X15,2
2011,X16,1.875
2011,X17,1.1666666666666665
2011,X18,0.3333333333333333
2011,X19,1.4166666666666665
2011,X20,1.0555555555555556
2011,X21,1.4444444444444444
2011,X23,9.473684210526315
2011,X25,1.4166666666666667
2011,X30,6.672413793103449
2011,X31,7.839344262295082
2011,X33,1.4545454545454546
2011,X36,2.1333333333333333
2011,X37,10.692307692307692
2011,X38,1.75
2011,X39,2.0793650793650795
2011,X40,3.1565217391304348
2011,X41,16.497619047619047
2011,X42,88.02988505747126
2011,X43,1.275
2011,X44,106.21061946902655
2011,X45,17
2011,X46,1.496551724137931
2011,X47,11.56060606060606
2011,X48,0.6
2011,X49,3.323529411764706
2011,X50,1.1
2011,X51,0.3333333333333333
2011,X53,1.025
2011,X58,1.1500000000000001
2011,X60,2.632258064516129
2011,X61,9.91851851851852
2011,X62,6.90204081632653
2011,X63,1.0823529411764705
2011,X64,24.12619047619048
2011,X65,1.3333333333333333
2011,X66,1.7857142857142858
2011,X67,9.23529411764706
2011,X68,0.65
2011,X69,1.4666666666666666
2011,X70,46.43703703703704
2011,X71,3.8555555555555556
2011,X72,43.319148936170215
2011,X73,28.61860465116279
2011,X74,82.10877192982456
2011,X75,0.7
2011,X76,2.1
2011,X78,6.758490566037736
2011,X79,0.2
2011,X80,5.926923076923077
2011,X81,3.8449999999999998
2011,X82,2.123076923076923
2011,X83,1.7185185185185186
2011,X84,16.393939393939394
2011,X85,2.6222222222222227
2011,X86,0.6
2011,X88,0.5
2011,X89,0.5333333333333333
2011,X90,0.4
2011,X91,3.8244897959183675
2011,X92,1.0933333333333333
2011,X93,8.015686274509804
2011,X94,5.555555555555555
2011,X95,106.52657004830918
2011,X96,0.5
2011,X97,1.5576923076923077
2011,X98,0.6666666666666666
2011,X99,21.621890547263682
2011,Y86,18.603603603603602
2012,W00,2.4117647058823533
2012,W01,16.97959183673469
2012,W02,3.5238095238095237
2012,W03,3.6666666666666665
2012,W04,2.9230769230769234
2012,W05,11.847222222222223
2012,W06,14.911111111111111
2012,W07,25.378378378378375
2012,W08,3.6666666666666665
2012,W09,0.8333333333333333
2012,W10,28.524509803921568
2012,W11,31.18181818181818
2012,W12,2.4242424242424243
2012,W13,8.098484848484848
2012,W14,8.666666666666666
2012,W15,2.7971014492753623
2012,W16,2.205128205128205
2012,W17,7.034722222222222
2012,W18,104.18181818181817
2012,W19,458.25531914893605
2012,W20,10.401515151515152
2012,W21,1.7619047619047619
2012,W22,11.807692307692308
2012,W23,3.1025641025641026
2012,W24,3.5166666666666666
2012,W25,4.846153846153846
2012,W26,1.3333333333333333
2012,W27,0.9999999999999999
2012,W28,14.818181818181818
2012,W29,1.3333333333333333
2012,W30,7.818181818181818
2012,W31,20.962962962962962
2012,W32,2.7407407407407405
2012,W34,6.894736842105263
2012,W35,1.5
2012,W36,0.8333333333333333
2012,W37,1.5833333333333333
2012,W38,5
2012,W39,0.8888888888888888
2012,W41,1.3333333333333335
2012,W44,2.156862745098039
2012,W45,4
2012,W49,1.7272727272727273
2012,W50,1.0666666666666667
2012,W51,3.25
2012,W54,4.611111111111111
2012,W55,3.148148148148148
2012,W56,1
2012,W57,4.75
2012,W64,1.3333333333333333
2012,W65,7
2012,W66,2
2012,W67,7.856209150326798
2012,W68,2.1515151515151514
2012,W69,19.18
2012,W70,4.793103448275862
2012,W73,3.5402298850574714
2012,W74,7.575
2012,W75,9.085470085470085
2012,W76,5.920634920634921
2012,W77,1
2012,W78,8.530303030303031
2012,W79,16.18867924528302
2012,W80,43.83524904214559
2012,W81,1
2012,W83,2.511904761904762
2012,W84,6.034722222222222
2012,W85,2.5454545454545454
2012,W86,2.3
2012,W87,4.031746031746032
2012,W92,1.4444444444444444
2012,W94,1.2666666666666666
2012,X00,14.72
2012,X01,1.1571428571428573
2012,X02,1.1794871794871795
2012,X03,2.9696969696969697
2012,X04,2.533333333333333
2012,X05,0.8888888888888888
2012,X06,2.6547619047619047
2012,X08,2.4696969696969697
2012,X09,5.555555555555555
2012,X10,1
2012,X11,1.5185185185185186
2012,X12,1.3076923076923077
2012,X13,0.6666666666666666
2012,X14,1.5555555555555556
2012,X15,2.333333333333333
2012,X16,1.6111111111111112
2012,X17,1
2012,X19,0.9444444444444444
2012,X20,1.3333333333333333
2012,X21,1.5238095238095237
2012,X23,8.5
2012,X24,2.6666666666666665
2012,X25,1.2592592592592593
2012,X30,5.716363636363637
2012,X31,5.639344262295082
2012,X33,2.0370370370370368
2012,X36,2.4333333333333336
2012,X37,3.376811594202899
2012,X38,0.5333333333333333
2012,X39,2.217391304347826
2012,X40,3.186046511627907
2012,X41,16.501176470588234
2012,X42,87.66206896551725
2012,X43,1.3055555555555556
2012,X44,100.06902654867257
2012,X45,17.367123287671234
2012,X46,1.3499999999999999
2012,X47,10.68148148148148
2012,X48,0.65
2012,X49,2.8146341463414632
2012,X50,0.95
2012,X52,1.25
2012,X53,1.1666666666666667
2012,X54,1.3333333333333333
2012,X57,1
2012,X58,1
2012,X60,2.3533333333333335
2012,X61,10.325925925925926
2012,X62,6.860869565217392
2012,X63,1.4000000000000001
2012,X64,24.856470588235297
2012,X65,1.1666666666666667
2012,X66,2.048
2012,X67,7.96
2012,X68,0.7142857142857143
2012,X69,1.248
2012,X70,45.02758620689655
2012,X71,4.437837837837838
2012,X72,40.48301886792453
2012,X73,29.904761904761905
2012,X74,78.05573770491803
2012,X75,0.6666666666666666
2012,X76,2.2666666666666666
2012,X78,6.996226415094339
2012,X80,6.508771929824561
2012,X81,4.794444444444444
2012,X82,2.088888888888889
2012,X83,1.2875
2012,X84,7.384615384615384
2012,X85,2.4838709677419355
2012,X88,0.5
2012,X89,0.8
2012,X90,2
2012,X91,4.0375
2012,X92,1.042857142857143
2012,X93,9.133333333333333
2012,X94,5.079069767441861
2012,X95,106.09859154929578
2012,X96,1.2
2012,X97,1.7840909090909092
2012,X98,0.9166666666666666
2012,X99,20.903381642512077
2012,Y86,19.39906103286385
2013,W00,4.366666666666666
2013,W01,17.09722222222222
2013,W02,2.1666666666666665
2013,W03,2.75
2013,W04,2.304347826086956
2013,W05,10.607843137254902
2013,W06,17.44871794871795
2013,W07,22.15909090909091
2013,W08,4.216666666666667
2013,W09,1.1666666666666667
2013,W10,31.11442786069652
2013,W11,26.34285714285714
2013,W12,2.1333333333333333
2013,W13,7.308641975308642
2013,W14,9.3125
2013,W15,2.873015873015873
2013,W16,3.1333333333333337
2013,W17,6.408163265306122
2013,W18,106.01811594202898
2013,W19,445.10891089108907
2013,W20,11.40952380952381
2013,W21,1.1904761904761905
2013,W22,12.03125
2013,W23,2.8030303030303028
2013,W24,3.2857142857142856
2013,W25,3.769230769230769
2013,W26,1
2013,W27,0.9444444444444444
2013,W28,10.857142857142858
2013,W29,1.4814814814814814
2013,W30,8
2013,W31,18.379310344827587
2013,W32,3.111111111111111
2013,W34,6.508771929824562
2013,W36,1.25
2013,W37,0.6666666666666666
2013,W38,3.5
2013,W39,1
2013,W42,4
2013,W44,1.9696969696969697
2013,W45,4.333333333333333
2013,W49,1.9642857142857142
2013,W50,0.8888888888888888
2013,W51,2.75
2013,W54,4.526315789473684
2013,W55,2.7450980392156863
2013,W56,1.3333333333333333
2013,W57,2.916666666666667
2013,W60,3
2013,W64,0.9523809523809523
2013,W65,8.055555555555555
2013,W66,2.0208333333333335
2013,W67,8.420289855072463
2013,W68,2.0588235294117645
2013,W69,18.29559748427673
2013,W70,4.977777777777778
2013,W73,2.911764705882353
2013,W74,5.4
2013,W75,10.952380952380953
2013,W76,4.705128205128205
2013,W77,1.3333333333333333
2013,W78,7.266666666666667
2013,W79,14.447916666666668
2013,W80,48.1260162601626
2013,W81,1.3333333333333333
2013,W83,3.1481481481481484
2013,W84,7.717391304347826
2013,W85,4.166666666666667
2013,W86,1.9722222222222223
2013,W87,3.7017543859649122
2013,W92,1.1666666666666667
2013,W93,1
2013,W94,1.5666666666666667
2013,X00,15.809999999999999
2013,X01,1.52
2013,X02,1.1515151515151516
2013,X03,2
2013,X04,2.283333333333333
2013,X06,2.607142857142857
2013,X08,3.0877192982456143
2013,X09,5.355072463768116
2013,X10,1.1666666666666665
2013,X11,1.2456140350877194
2013,X12,1.4074074074074074
2013,X13,0.3333333333333333
2013,X15,1.0833333333333333
2013,X16,1.2916666666666667
2013,X19,1.380952380952381
2013,X20,1.25
2013,X21,1.3333333333333333
2013,X22,0.3333333333333333
2013,X23,9.266666666666667
2013,X25,1.3333333333333333
2013,X30,4.607547169811321
2013,X31,7.875
2013,X33,1.303030303030303
2013,X36,1.9666666666666666
2013,X37,2.0185185185185186
2013,X38,2.0666666666666664
2013,X39,2.388888888888889
2013,X40,3.408510638297872
2013,X41,22.136470588235294
2013,X42,98.66739130434783
2013,X43,1.3846153846153846
2013,X44,114.30188679245283
2013,X45,16.834146341463416
2013,X46,1.2333333333333334
2013,X47,10.484848484848484
2013,X48,0.65
2013,X49,3.272222222222222
2013,X50,1.0888888888888888
2013,X51,0.6666666666666666
2013,X53,1.3
2013,X57,0.5333333333333333
2013,X58,1.2222222222222223
2013,X60,2.7153846153846155
2013,X61,10.524590163934427
2013,X62,7.691304347826087
2013,X63,1.3466666666666667
2013,X64,26.730864197530863
2013,X65,1.4571428571428573
2013,X66,1.9473684210526316
2013,X67,8.525714285714285
2013,X68,0.6615384615384615
2013,X69,1.4384615384615385
2013,X70,43.738983050847466
2013,X71,3.9902439024390244
2013,X72,41.714814814814815
2013,X73,27.339130434782607
2013,X74,87.475
2013,X75,0.6666666666666666
2013,X76,1.9894736842105263
2013,X78,8.395833333333334
2013,X80,6.988679245283018
2013,X81,4.352631578947368
2013,X82,2.544
2013,X83,1.4
2013,X84,8.8
2013,X85,2.8405797101449277
2013,X88,0.4666666666666667
2013,X89,0.30000000000000004
2013,X90,0.30000000000000004
2013,X91,4.131914893617021
2013,X92,0.775
2013,X93,8.529166666666667
2013,X94,4.959090909090909
2013,X95,103.075117370892
2013,X96,1
2013,X97,1.875
2013,X98,0.3333333333333333
2013,X99,19.410628019323674
2013,Y86,19.219047619047622
2014,W00,6.083333333333333
2014,W01,15.598765432098766
2014,W02,2.9523809523809526
2014,W03,3.8
2014,W04,2.6
2014,W05,11.900709219858156
2014,W06,17.315151515151516
2014,W07,24.282608695652172
2014,W08,4.111111111111111
2014,W09,0.3333333333333333
2014,W10,32.97916666666667
2014,W11,32.52777777777778
2014,W12,2.1666666666666665
2014,W13,8.170370370370371
2014,W14,11.142857142857142
2014,W15,2.5873015873015874
2014,W16,1.9047619047619047
2014,W17,8.318518518518518
2014,W18,115.3265306122449
2014,W19,487.8817204301076
2014,W20,10.975609756097562
2014,W21,0.7777777777777778
2014,W22,13.964285714285714
2014,W23,3
2014,W24,3.681159420289855
2014,W25,4.857142857142857
2014,W26,1.0833333333333333
2014,W27,0.5555555555555556
2014,W28,8.882352941176471
2014,W29,0.8888888888888888
2014,W30,6.035087719298246
2014,W31,21.814814814814817
2014,W32,3.8596491228070176
2014,W34,7.745614035087719
2014,W35,2
2014,W36,1.0555555555555556
2014,W37,1
2014,W38,2
2014,W39,0.8333333333333333
2014,W41,1.3333333333333333
2014,W44,1.5454545454545454
2014,W45,2.3333333333333335
2014,W49,2.206896551724138
2014,W50,1.6666666666666665
2014,W51,2.8333333333333335
2014,W54,6.157894736842104
2014,W55,2.833333333333333
2014,W57,4
2014,W64,1.5714285714285714
2014,W65,7.321428571428571
2014,W66,1.777777777777778
2014,W67,8.886524822695035
2014,W68,1.7450980392156863
2014,W69,16.426900584795323
2014,W70,3.7916666666666665
2014,W73,3.1547619047619047
2014,W74,7.492753623188406
2014,W75,9.891666666666666
2014,W76,4.9855072463768115
2014,W77,1.2666666666666666
2014,W78,7.6521739130434785
2014,W79,15.366666666666667
2014,W80,44.71376811594204
2014,W81,1.0952380952380951
2014,W83,2.107142857142857
2014,W84,8.666666666666668
2014,W85,2.5454545454545454
2014,W86,1.9166666666666667
2014,W87,4.431372549019607
2014,W92,1.6666666666666667
2014,W93,1.25
2014,W94,1
2014,X00,14.687499999999998
2014,X01,1.276923076923077
2014,X02,0.9090909090909091
2014,X03,1.9166666666666665
2014,X04,3.372549019607843
2014,X05,1.1666666666666665
2014,X06,3.2
2014,X08,2.5964912280701755
2014,X09,4.8560606060606055
2014,X10,2
2014,X11,1.8947368421052633
2014,X12,1.3333333333333333
2014,X13,0.8333333333333333
2014,X14,1.6666666666666667
2014,X15,1.0833333333333333
2014,X16,1.4545454545454546
2014,X17,1
2014,X18,0.5
2014,X19,1.5833333333333333
2014,X20,0.9166666666666666
2014,X21,1.777777777777778
2014,X23,7.2
2014,X25,0.9523809523809523
2014,X30,3.2509803921568627
2014,X31,9.408823529411764
2014,X32,1
2014,X33,1.4666666666666666
2014,X36,2.9166666666666665
2014,X37,2.0784313725490198
2014,X38,0.8333333333333334
2014,X39,1.3508771929824561
2014,X40,3.126530612244898
2014,X41,23.43488372093023
2014,X42,109.16382978723405
2014,X43,1.3846153846153846
2014,X44,121.23333333333333
2014,X45,20.507246376811594
2014,X46,1.5052631578947369
2014,X47,11.879432624113475
2014,X48,0.92
2014,X49,2.6195121951219513
2014,X50,1.1600000000000001
2014,X53,1.0727272727272728
2014,X54,1.3333333333333333
2014,X57,0.2
2014,X58,1.025
2014,X60,2.8240000000000003
2014,X61,9.929032258064517
2014,X62,7.9361702127659575
2014,X63,1.576470588235294
2014,X64,25.420454545454543
2014,X65,0.9764705882352942
2014,X66,1.9333333333333333
2014,X67,9.356756756756756
2014,X68,0.7333333333333333
2014,X69,1.5363636363636364
2014,X70,45.63749999999999
2014,X71,3.58
2014,X72,41.512727272727275
2014,X73,32.3948717948718
2014,X74,84.3457627118644
2014,X75,0.7
2014,X76,2.164705882352941
2014,X78,7.820833333333333
2014,X79,0.2
2014,X80,5.917460317460318
2014,X81,3.8933333333333335
2014,X82,2.3407407407407406
2014,X83,1.5
2014,X84,9
2014,X85,3.1666666666666665
2014,X88,0.6222222222222222
2014,X89,0.76
2014,X90,0.4
2014,X91,4.422727272727273
2014,X92,0.9692307692307692
2014,X93,7.549019607843137
2014,X94,4.691304347826087
2014,X95,103.39523809523808
2014,X96,0.2
2014,X97,1.858695652173913
2014,X98,0.7777777777777778
2014,X99,20.156862745098042
2014,Y86,17.784037558685444
2015,W00,5.2063492063492065
2015,W01,17.557823129251698
2015,W02,2.6862745098039214
2015,W03,3.8333333333333335
2015,W04,1.5666666666666667
2015,W05,11.974842767295597
2015,W06,17.241935483870968
2015,W07,25.87804878048781
2015,W08,2.946236559139785
2015,W09,0.5555555555555556
2015,W10,29.833333333333332
2015,W11,28.833333333333336
2015,W12,1.9285714285714286
2015,W13,9.232558139534884
2015,W14,6
2015,W15,3.7894736842105265
2015,W16,2.2777777777777777
2015,W17,8.423076923076923
2015,W18,122.55670103092785
2015,W19,483.111111111111
2015,W20,8.822222222222223
2015,W21,0.8333333333333333
2015,W22,11.678571428571429
2015,W23,2.245614035087719
2015,W24,3.0952380952380953
2015,W25,3.615384615384616
2015,W26,1.6666666666666667
2015,W27,2.1666666666666665
2015,W28,13.076923076923077
2015,W29,0.7777777777777778
2015,W30,6.033333333333333
2015,W31,21.083333333333336
2015,W32,2.9420289855072466
2015,W34,6.3921568627450975
2015,W36,1.2666666666666666
2015,W37,1.1333333333333333
2015,W38,2.75
2015,W39,0.7999999999999999
2015,W44,2.05
2015,W45,2.6
2015,W49,2.1527777777777777
2015,W50,1.1666666666666665
2015,W51,2.75
2015,W54,5.944444444444445
2015,W55,1.9866666666666666
2015,W56,0.5
2015,W57,2.6666666666666665
2015,W58,1
2015,W64,1
2015,W65,8.427672955974844
2015,W66,1.3333333333333333
2015,W67,9.434108527131784
2015,W68,1.85
2015,W69,17.297619047619047
2015,W70,4.410256410256411
2015,W73,3.3111111111111113
2015,W74,7.569444444444445
2015,W75,9.689922480620154
2015,W76,4.666666666666666
2015,W77,1.2727272727272727
2015,W78,7.513888888888889
2015,W79,16.883333333333333
2015,W80,47.27777777777777
2015,W81,1.5555555555555556
2015,W83,1.526315789473684
2015,W84,9.895424836601308
2015,W85,2.515151515151515
2015,W86,2.708333333333333
2015,W87,5.0606060606060606
2015,W94,1.3333333333333333
2015,X00,14.525
2015,X01,1.0533333333333335
2015,X02,0.8888888888888888
2015,X03,2
2015,X04,3.028985507246377
2015,X05,1.8888888888888888
2015,X06,2.428571428571429
2015,X08,2.5833333333333335
2015,X09,6.7407407407407405
2015,X10,1.0833333333333333
2015,X11,1.3666666666666667
2015,X12,1.7083333333333335
2015,X13,1
2015,X15,0.5
2015,X16,1.303030303030303
2015,X17,0.6666666666666666
2015,X18,1
2015,X19,2.111111111111111
2015,X20,1.3333333333333333
2015,X21,1.380952380952381
2015,X23,9.666666666666668
2015,X25,1.5714285714285714
2015,X30,4.677551020408163
2015,X31,7.781081081081081
2015,X32,1.3333333333333333
2015,X33,1.288888888888889
2015,X36,1.7
2015,X37,1.6458333333333333
2015,X38,2.5777777777777775
2015,X39,0.9722222222222222
2015,X40,3.2930232558139534
2015,X41,28.41860465116279
2015,X42,133.6739130434783
2015,X43,1.859375
2015,X44,133.74821428571428
2015,X45,18.626666666666665
2015,X46,1.69
2015,X47,10.46551724137931
2015,X48,0.44
2015,X49,3.1103448275862067
2015,X50,1.0333333333333332
2015,X53,1.2363636363636363
2015,X54,1.1666666666666667
2015,X57,1.4
2015,X58,1.0421052631578946
2015,X60,2.2303030303030305
2015,X61,10.31111111111111
2015,X62,7.35
2015,X63,1.3699999999999999
2015,X64,26.275000000000002
2015,X65,1.0133333333333334
2015,X66,2.0608695652173914
2015,X67,10.743589743589745
2015,X68,0.52
2015,X69,1.4538461538461538
2015,X70,48.903225806451616
2015,X71,4.8133333333333335
2015,X72,47.45882352941177
2015,X73,27.70232558139535
2015,X74,87.78620689655172
2015,X75,0.5
2015,X76,2.2685714285714287
2015,X77,0.2
2015,X78,8.358333333333333
2015,X79,0.4
2015,X80,6.7370370370370365
2015,X81,4.8585365853658535
2015,X82,2.1612903225806455
2015,X83,1.6206896551724137
2015,X84,6.91304347826087
2015,X85,3.35632183908046
2015,X88,0.4
2015,X89,0.4
2015,X90,1
2015,X91,4.090909090909091
2015,X92,0.9375
2015,X93,9.177777777777777
2015,X94,5.172093023255814
2015,X95,117.11872146118716
2015,X96,0.2
2015,X97,1.8303571428571428
2015,X99,18.338028169014084
2015,Y86,17.32017543859649
2016,W00,3.948717948717949
2016,W01,16.40880503144654
2016,W02,3.4722222222222223
2016,W03,2
2016,W04,2.0208333333333335
2016,W05,13.042424242424243
2016,W06,17.182291666666668
2016,W07,28.810810810810814
2016,W08,3.4133333333333336
2016,W09,0.6666666666666666
2016,W10,30.49537037037037
2016,W11,31.82857142857143
2016,W12,2.6666666666666665
2016,W13,8.696296296296296
2016,W14,9.692307692307692
2016,W15,3.2222222222222223
2016,W16,2.717948717948718
2016,W17,8.36111111111111
2016,W18,129.42105263157893
2016,W19,523.939393939394
2016,W20,10.991228070175438
2016,W21,1.0833333333333333
2016,W22,11.896551724137932
2016,W23,3.493827160493827
2016,W24,2.8333333333333335
2016,W25,5.76470588235294
2016,W26,1.5
2016,W27,1.5
2016,W28,14.076923076923077
2016,W29,1.25
2016,W30,8.333333333333332
2016,W31,21
2016,W32,2.8666666666666667
2016,W34,7.714285714285714
2016,W35,1
2016,W36,0.9444444444444444
2016,W37,1
2016,W38,1.5
2016,W39,0.8333333333333333
2016,W44,2.3125
2016,W45,4
2016,W49,1.9074074074074074
2016,W50,1
2016,W51,2.3333333333333335
2016,W54,4.125
2016,W55,3.1746031746031744
2016,W57,2.75
2016,W58,0.8333333333333333
2016,W64,1.6666666666666665
2016,W65,8.967948717948719
2016,W66,2.121212121212121
2016,W67,9.390070921985815
2016,W68,1.9206349206349207
2016,W69,15.911458333333334
2016,W70,4.419354838709678
2016,W73,3.021505376344086
2016,W74,7.884057971014493
2016,W75,10.42982456140351
2016,W76,3.9871794871794872
2016,W77,1.380952380952381
2016,W78,7.125
2016,W79,17.065573770491802
2016,W80,43.4336917562724
2016,W81,1
2016,W83,2.015151515151515
2016,W84,8.559523809523808
2016,W85,2.717948717948718
2016,W86,1.8222222222222224
2016,W87,3.5789473684210527
2016,W92,1.3333333333333333
2016,W94,1.6666666666666667
2016,X00,16.233898305084747
2016,X01,1.3636363636363635
2016,X02,1.7179487179487178
2016,X03,2.2222222222222223
2016,X04,5.083333333333333
2016,X06,2.6231884057971016
2016,X08,3.587301587301587
2016,X09,5.075
2016,X10,1.1428571428571428
2016,X11,2.0714285714285716
2016,X12,1.5666666666666667
2016,X13,1.3333333333333333
2016,X14,2.6666666666666665
2016,X15,1.7142857142857142
2016,X16,1.259259259259259
2016,X17,0.3333333333333333
2016,X18,1
2016,X19,2.1666666666666665
2016,X20,1.7777777777777777
2016,X21,1
2016,X23,10.61111111111111
2016,X25,1.476190476190476
2016,X30,4.790909090909091
2016,X31,7.944117647058824
2016,X32,1.3333333333333335
2016,X33,1.6923076923076923
2016,X36,2.1515151515151514
2016,X37,2.5
2016,X38,1.472222222222222
2016,X39,1.4444444444444444
2016,X40,3.876595744680851
2016,X41,33.06046511627907
2016,X42,168.44285714285715
2016,X43,1.2333333333333334
2016,X44,164.55714285714288
2016,X45,19.6027027027027
2016,X46,1.4249999999999998
2016,X47,12.012345679012345
2016,X48,0.6571428571428571
2016,X49,3.0864864864864865
2016,X50,1.0571428571428572
2016,X51,1.6666666666666667
2016,X53,1.24
2016,X54,1
2016,X57,0.4
2016,X58,1.496774193548387
2016,X60,2.3666666666666667
2016,X61,9.744927536231884
2016,X62,6.368627450980392
2016,X63,1.7285714285714286
2016,X64,26.865882352941178
2016,X65,1.4533333333333334
2016,X66,1.7304347826086957
2016,X67,10.360975609756098
2016,X68,0.6888888888888889
2016,X69,1.5703703703703704
2016,X70,49.74666666666666
2016,X71,4.008
2016,X72,48.12592592592593
2016,X73,25.978260869565215
2016,X74,83.24444444444445
2016,X75,0.6666666666666667
2016,X76,2.593103448275862
2016,X78,8.294339622641509
2016,X79,0.2
2016,X80,7.676
2016,X81,4.5095238095238095
2016,X82,2.296
2016,X83,1.3655172413793104
2016,X84,7.15
2016,X85,3.212121212121212
2016,X86,0.4
2016,X88,0.6166666666666667
2016,X89,0.5333333333333333
2016,X91,4.266666666666667
2016,X92,0.8727272727272727
2016,X93,9.352727272727273
2016,X94,5.3822222222222225
2016,X95,128.94520547945206
2016,X96,0.2
2016,X97,2.1
2016,X98,0.8518518518518519
2016,X99,20.666666666666664
2016,Y86,18.164658634538153
2017,W00,6.592592592592593
2017,W01,17.235294117647058
2017,W02,3.1666666666666665
2017,W03,3.7142857142857144
2017,W04,2.280701754385965
2017,W05,14.453333333333335
2017,W06,19.844444444444445
2017,W07,34.94736842105263
2017,W08,6.1866666666666665
2017,W09,0.6666666666666666
2017,W10,32.398148148148145
2017,W11,29.523809523809526
2017,W12,2.611111111111111
2017,W13,9.817460317460318
2017,W14,9.538461538461538
2017,W15,2.9
2017,W16,2.717948717948718
2017,W17,8.290780141843971
2017,W18,138.21403508771928
2017,W19,534.2352941176472
2017,W20,10.752136752136753
2017,W21,1.2121212121212122
2017,W22,13
2017,W23,3.261904761904762
2017,W24,2.422222222222222
2017,W25,4.857142857142857
2017,W26,0.9166666666666666
2017,W27,0.8333333333333333
2017,W28,11.8
2017,W29,1.4444444444444444
2017,W30,9.62962962962963
2017,W31,20.48
2017,W32,2.8666666666666667
2017,W34,6.472222222222221
2017,W35,2.4
2017,W36,1.3333333333333333
2017,W37,1.2666666666666666
2017,W38,2.5
2017,W39,0.7916666666666666
2017,W44,1.8518518518518519
2017,W45,5.5
2017,W49,1.7555555555555555
2017,W50,1.4666666666666666
2017,W51,3.6
2017,W54,5.470588235294118
2017,W55,3.3111111111111113
2017,W56,0.5
2017,W57,5.142857142857143
2017,W64,1.1666666666666667
2017,W65,9.351515151515152
2017,W66,1.625
2017,W67,7.882716049382716
2017,W68,2.0579710144927534
2017,W69,17.140350877192983
2017,W70,5.114583333333333
2017,W73,3.402298850574713
2017,W74,8.431372549019608
2017,W75,10.944444444444443
2017,W76,4.166666666666667
2017,W77,1.619047619047619
2017,W78,6.842105263157895
2017,W79,19.14516129032258
2017,W80,45.18947368421053
2017,W81,1.1666666666666665
2017,W83,1.6481481481481481
2017,W84,7.319727891156463
2017,W85,2.833333333333333
2017,W86,2.0606060606060606
2017,W87,4.708333333333333
2017,W91,1.3333333333333333
2017,W92,0.6666666666666666
2017,W94,1.4444444444444444
2017,X00,15.927868852459016
2017,X01,1.7384615384615385
2017,X02,1.1666666666666665
2017,X03,2.238095238095238
2017,X04,4.353535353535354
2017,X05,1
2017,X06,3
2017,X08,3.0476190476190474
2017,X09,3.9922480620155034
2017,X10,0.888888888888889
2017,X11,1.492063492063492
2017,X12,1.1333333333333333
2017,X13,1.3333333333333333
2017,X14,1.5555555555555556
2017,X15,1.1111111111111112
2017,X16,1.8
2017,X18,0.5833333333333333
2017,X19,1.3333333333333333
2017,X20,1.6666666666666667
2017,X21,1.1111111111111112
2017,X22,1.6666666666666667
2017,X23,11.95
2017,X25,1.1111111111111112
2017,X30,5.386440677966101
2017,X31,8.301408450704226
2017,X33,0.9166666666666667
2017,X36,1.4666666666666668
2017,X37,3.508771929824561
2017,X38,1.5185185185185186
2017,X39,1.7083333333333335
2017,X40,3.3916666666666666
2017,X41,37.79120879120879
2017,X42,190.58585858585857
2017,X43,1.403846153846154
2017,X44,182.17017543859646
2017,X45,18.02051282051282
2017,X46,1.2888888888888888
2017,X47,12.851851851851851
2017,X48,0.96
2017,X49,3.215
2017,X50,0.8545454545454546
2017,X53,1.4857142857142858
2017,X57,1.6
2017,X58,1.475
2017,X60,2.7111111111111112
2017,X61,11.003333333333334
2017,X62,7.364444444444445
2017,X63,1.2260869565217392
2017,X64,25.400000000000002
2017,X65,1.7857142857142858
2017,X66,1.8695652173913044
2017,X67,8.87906976744186
2017,X68,0.5555555555555556
2017,X69,1.23
2017,X70,50.053731343283594
2017,X71,4.4
2017,X72,43.66779661016949
2017,X73,28.804878048780488
2017,X74,100.41785714285714
2017,X75,0.33333333333333337
2017,X76,2.1948717948717946
2017,X78,8.631372549019607
2017,X79,0.2
2017,X80,7.726530612244897
2017,X81,4.63404255319149
2017,X82,2.12
2017,X83,1.256
2017,X84,9.555555555555555
2017,X85,4.0606060606060606
2017,X88,0.4666666666666667
2017,X89,0.2
2017,X90,0.33333333333333337
2017,X91,3.936
2017,X92,0.7368421052631579
2017,X93,9.781818181818181
2017,X94,5.311111111111111
2017,X95,131.2222222222222
2017,X96,0.4
2017,X97,2.2946428571428568
2017,X98,0.5
2017,X99,20.687179487179485
2017,Y86,18.58943089430894
2018,W00,33.85897435897436
2018,W01,89.58787878787878
2018,W02,22.352941176470583
2018,W03,27.142857142857142
2018,W04,7.794871794871795
2018,W05,67.76666666666667
2018,W06,106.46551724137932
2018,W07,166.1142857142857
2018,W08,16.09722222222222
2018,W09,6.333333333333333
2018,W10,213.13777777777773
2018,W11,232.62162162162156
2018,W12,26.125
2018,W13,76.63333333333333
2018,W14,78.92307692307692
2018,W15,30.399999999999995
2018,W16,11.515151515151516
2018,W17,68.67320261437908
2018,W18,805.3076923076924
2018,W19,3312.5252525252504
2018,W20,95
2018,W21,10.133333333333333
2018,W22,93.16129032258065
2018,W23,31.423076923076923
2018,W24,23.116666666666667
2018,W25,29
2018,W26,6.333333333333333
2018,W27,7.916666666666666
2018,W28,96
2018,W29,11.4
2018,W30,60.85507246376812
2018,W31,123.5
2018,W32,22.855072463768117
2018,W34,58.80952380952381
2018,W35,28.5
2018,W36,6.333333333333333
2018,W37,9.5
2018,W38,38
2018,W39,6.333333333333333
2018,W44,9.047619047619047
2018,W45,28.5
2018,W49,11.565217391304348
2018,W50,7.388888888888888
2018,W51,25.333333333333332
2018,W54,35
2018,W55,22.04
2018,W56,6.333333333333333
2018,W57,25.333333333333332
2018,W58,6.333333333333333
2018,W64,11.61111111111111
2018,W65,54.50819672131147
2018,W66,7.388888888888888
2018,W67,94.46099290780141
2018,W68,19
2018,W69,196.4506172839506
2018,W70,33.77777777777778
2018,W73,25.544444444444444
2018,W74,67.8397435897436
2018,W75,145.35772357723573
2018,W76,56.17391304347826
2018,W77,14.777777777777777
2018,W78,34.833333333333336
2018,W79,160.64550264550266
2018,W80,210.24054982817867
2018,W81,14.25
2018,W83,15.971014492753623
2018,W84,46.36477987421384
2018,W85,43.35897435897436
2018,W86,25.86111111111111
2018,W87,58.266666666666666
2018,W92,6.333333333333333
2018,W94,7.037037037037036
2018,X00,144.76190476190476
2018,X01,26.8
2018,X02,12.179487179487179
2018,X03,15.833333333333334
2018,X04,21.955555555555556
2018,X05,6.333333333333333
2018,X06,19.575757575757574
2018,X08,17.680555555555554
2018,X09,26.105691056910565
2018,X10,7.916666666666666
2018,X11,10.474358974358974
2018,X12,7.916666666666666
2018,X13,9.5
2018,X14,6.333333333333333
2018,X15,6.333333333333333
2018,X16,7.6
2018,X17,6.333333333333333
2018,X19,7.7407407407407405
2018,X20,8.444444444444445
2018,X21,6.333333333333333
2018,X23,77
2018,X25,7.238095238095238
2018,X30,43.872727272727275
2018,X31,54.30833333333334
2018,X32,6.333333333333333
2018,X33,11.205128205128204
2018,X36,20.583333333333332
2018,X37,28.68627450980392
2018,X38,27.866666666666667
2018,X39,8.636363636363637
2018,X40,20.16923076923077
2018,X41,253.94081632653067
2018,X42,1065.2666666666669
2018,X43,7.520833333333333
2018,X44,804.2548672566372
2018,X45,113.85000000000001
2018,X46,10.505882352941176
2018,X47,97.83908045977012
2018,X48,5.32
2018,X49,26.069767441860467
2018,X50,6.84
2018,X53,5.066666666666666
2018,X54,6.333333333333333
2018,X58,7.8533333333333335
2018,X60,14.413793103448274
2018,X61,61.86176470588235
2018,X62,47.62666666666667
2018,X63,10.133333333333333
2018,X64,128.38876404494385
2018,X65,6.27
2018,X66,11.253846153846153
2018,X67,140.48125
2018,X68,8.022222222222222
2018,X69,14.020689655172413
2018,X70,765.5623188405799
2018,X71,42.60851063829787
2018,X72,431.4
2018,X73,243.19999999999996
2018,X74,998.155172413793
2018,X75,6.6499999999999995
2018,X76,23.91764705882353
2018,X78,61.207142857142856
2018,X80,100.69999999999999
2018,X81,65.47692307692309
2018,X82,22.5625
2018,X83,11.241666666666665
2018,X84,64.74074074074073
2018,X85,22.26262626262626
2018,X88,5.319999999999999
2018,X89,3.8
2018,X91,37.087999999999994
2018,X92,6.333333333333333
2018,X93,66.0509090909091
2018,X94,44.650000000000006
2018,X95,1033.4848484848483
2018,X96,3.8
2018,X97,18.269230769230766
2018,X98,8.142857142857142
2018,X99,159.6183574879227
2018,Y86,86.8447488584475
2019,W00,38.67857142857143
2019,W01,86.59195402298852
2019,W02,24.846153846153847
2019,W03,19
2019,W04,8.769230769230768
2019,W05,58.03636363636364
2019,W06,104.203125
2019,W07,152.97435897435895
2019,W08,20.10144927536232
2019,W09,6.333333333333333
2019,W10,222.54629629629633
2019,W11,265
2019,W12,17.05128205128205
2019,W13,69.92
2019,W14,81.06666666666666
2019,W15,27.09259259259259
2019,W16,13.854166666666666
2019,W17,79.0448717948718
2019,W18,898.8986928104571
2019,W19,3346.090000000003
2019,W20,102.88148148148147
2019,W21,7.388888888888888
2019,W22,88.89285714285717
2019,W23,39.47777777777778
2019,W24,20.333333333333332
2019,W25,29.230769230769234
2019,W26,8.866666666666667
2019,W27,10.555555555555555
2019,W28,112.88235294117646
2019,W29,12.666666666666666
2019,W30,75.66666666666667
2019,W31,161.82758620689657
2019,W32,24.333333333333332
2019,W34,70.81818181818181
2019,W35,19
2019,W36,6.333333333333333
2019,W37,7.916666666666666
2019,W38,19
2019,W39,10.291666666666666
2019,W41,6.333333333333333
2019,W44,11.176470588235293
2019,W45,25.333333333333332
2019,W46,6.333333333333333
2019,W49,11.61111111111111
2019,W50,6.333333333333333
2019,W51,22.8
2019,W54,43.42857142857143
2019,W55,26.196969696969695
2019,W56,6.333333333333333
2019,W57,19
2019,W60,19
2019,W64,11.4
2019,W65,61.69540229885058
2019,W66,8.142857142857142
2019,W67,85.55974842767296
2019,W68,13.571428571428571
2019,W69,176.3118279569892
2019,W70,33.39393939393939
2019,W73,34.935483870967744
2019,W74,58.10144927536231
2019,W75,165.43902439024393
2019,W76,51.42666666666666
2019,W77,25.333333333333332
2019,W78,34.49404761904762
2019,W79,163.0833333333333
2019,W80,216.85069444444449
2019,W81,17.733333333333334
2019,W83,22.304347826086957
2019,W84,55.90384615384616
2019,W85,48.02777777777778
2019,W86,24.911111111111115
2019,W87,51.72222222222222
2019,W92,6.333333333333333
2019,W93,6.333333333333333
2019,W94,8.708333333333332
2019,X00,126.13731343283584
2019,X01,10.799999999999999
2019,X02,11.515151515151516
2019,X03,18.604166666666668
2019,X04,22.546666666666667
2019,X05,6.333333333333333
2019,X06,18.493333333333332
2019,X08,17.347826086956523
2019,X09,21.691666666666666
2019,X10,6.333333333333333
2019,X11,8.941176470588236
2019,X12,8.866666666666667
2019,X13,6.333333333333333
2019,X14,6.333333333333333
2019,X15,7.388888888888888
2019,X16,6.7555555555555555
2019,X17,6.333333333333333
2019,X19,7.125
2019,X20,6.333333333333333
2019,X21,6.333333333333333
2019,X23,66.5
2019,X25,13.242424242424242
2019,X26,6.333333333333333
2019,X30,39.76896551724138
2019,X31,59.134246575342466
2019,X32,6.333333333333333
2019,X33,17.272727272727273
2019,X36,20.26666666666667
2019,X37,22.483333333333334
2019,X38,17.944444444444443
2019,X39,10.555555555555555
2019,X40,23.982222222222223
2019,X41,306.0617021276596
2019,X42,1188.5687499999997
2019,X43,8.55
2019,X44,810.5465517241379
2019,X45,109.96249999999999
2019,X46,8.981818181818182
2019,X47,111.33333333333334
2019,X48,4.433333333333334
2019,X49,22.8
2019,X50,5.9111111111111105
2019,X51,6.333333333333333
2019,X53,5.225
2019,X54,12.666666666666666
2019,X57,3.8
2019,X58,8.910344827586208
2019,X60,17.5030303030303
2019,X61,60.911764705882355
2019,X62,42.30188679245283
2019,X63,9.6
2019,X64,129.91529411764705
2019,X65,7.945454545454545
2019,X66,14.566666666666666
2019,X67,95.34545454545454
2019,X68,4.2749999999999995
2019,X69,16.68695652173913
2019,X70,797.4738461538462
2019,X71,36.566037735849044
2019,X72,427.7035714285714
2019,X73,235.05714285714285
2019,X74,954.4966666666669
2019,X75,6.514285714285714
2019,X76,21.87878787878788
2019,X78,63.63272727272727
2019,X79,3.8
2019,X80,97.42553191489364
2019,X81,65.265
2019,X82,27.233333333333334
2019,X83,14.544827586206896
2019,X84,53.068965517241374
2019,X85,23.5
2019,X86,3.8
2019,X88,5.7
2019,X89,3.8
2019,X90,3.8
2019,X91,36.41666666666667
2019,X92,7.388888888888888
2019,X93,72.76296296296297
2019,X94,41.43809523809524
2019,X95,1051.5769230769229
2019,X96,3.8
2019,X97,16.701612903225808
2019,X98,6.333333333333333
2019,X99,162.11442786069654
2019,Y86,86.71794871794872
2020,W00,20.46153846153846
2020,W01,92.77160493827161
2020,W02,32.72222222222222
2020,W03,24.428571428571427
2020,W04,8.972222222222221
2020,W05,63.95424836601307
2020,W06,95.00000000000001
2020,W07,159.69047619047623
2020,W08,18.296296296296294
2020,W09,8.444444444444445
2020,W10,222.83333333333334
2020,W11,269.5
2020,W12,18.025641025641026
2020,W13,64.22
2020,W14,70.93333333333334
2020,W15,26.38888888888889
2020,W16,13.933333333333334
2020,W17,82.70588235294117
2020,W18,1012.3639455782314
2020,W19,3498.95145631068
2020,W20,113.68333333333334
2020,W21,6.333333333333333
2020,W22,97.71428571428571
2020,W23,43.202380952380956
2020,W24,19.55072463768116
2020,W25,26.6
2020,W26,9.5
2020,W27,14.25
2020,W28,158.78571428571428
2020,W29,13.571428571428571
2020,W30,72.19999999999999
2020,W31,193.30434782608694
2020,W32,27.233333333333334
2020,W34,75.44117647058823
2020,W35,19
2020,W36,16.88888888888889
2020,W37,8.444444444444445
2020,W38,22.8
2020,W39,13.153846153846153
2020,W44,8.636363636363637
2020,W45,22.8
2020,W49,11.61111111111111
2020,W50,9.5
2020,W51,25.333333333333332
2020,W54,49.08333333333333
2020,W55,17.358024691358025
2020,W56,8.444444444444445
2020,W57,22.8
2020,W64,12.666666666666666
2020,W65,59.741293532338304
2020,W66,7.388888888888888
2020,W67,99.92592592592592
2020,W68,12.666666666666666
2020,W69,214.3672316384181
2020,W70,38.79166666666667
2020,W73,32.89814814814815
2020,W74,62.33986928104576
2020,W75,120.80246913580251
2020,W76,45.74074074074074
2020,W77,25.333333333333332
2020,W78,35.46666666666667
2020,W79,149.88888888888886
2020,W80,196.39730639730635
2020,W81,10.555555555555555
2020,W83,15.516666666666666
2020,W84,53.24293785310734
2020,W85,38.97435897435898
2020,W86,24.846153846153847
2020,W87,43.18181818181818
2020,W92,6.333333333333333
2020,W94,6.966666666666667
2020,X00,120.98378378378376
2020,X01,13.984
2020,X02,8.866666666666667
2020,X03,19
2020,X04,23.825396825396826
2020,X05,6.333333333333333
2020,X06,18.424242424242422
2020,X08,15.2
2020,X09,29.075757575757574
2020,X10,7.388888888888888
2020,X11,10.666666666666666
2020,X12,8.444444444444445
2020,X14,6.333333333333333
2020,X15,10.133333333333333
2020,X16,7.916666666666666
2020,X17,6.333333333333333
2020,X18,6.333333333333333
2020,X19,7.6
2020,X20,8.142857142857142
2020,X21,6.333333333333333
2020,X22,6.333333333333333
2020,X23,58.58333333333333
2020,X25,10.555555555555555
2020,X30,52.24999999999999
2020,X31,48.62972972972973
2020,X32,6.333333333333333
2020,X33,8.282051282051281
2020,X36,23.925925925925924
2020,X37,42.925925925925924
2020,X38,18.025641025641026
2020,X39,9.047619047619047
2020,X40,25.01090909090909
2020,X41,347.81632653061223
2020,X42,1418.7752380952384
2020,X43,7.125
2020,X44,1157.993162393162
2020,X45,119.47906976744184
2020,X46,5.9111111111111105
2020,X47,119.72435897435895
2020,X48,6.333333333333333
2020,X49,15.200000000000001
2020,X50,6.909090909090909
2020,X53,5.527272727272727
2020,X58,9.327272727272726
2020,X60,13.299999999999999
2020,X61,52.71142857142856
2020,X62,42.614285714285714
2020,X63,12.244444444444444
2020,X64,106.75257731958763
2020,X65,11.4
2020,X66,15.423529411764706
2020,X67,90.8102564102564
2020,X68,5.428571428571429
2020,X69,15.622222222222222
2020,X70,756.9238095238096
2020,X71,39.820833333333326
2020,X72,436.00000000000006
2020,X73,216.06976744186045
2020,X74,1005.6241379310344
2020,X75,11.4
2020,X76,20.900000000000002
2020,X78,65.46037735849058
2020,X80,85.65833333333335
2020,X81,62.553846153846145
2020,X82,24.471999999999998
2020,X83,13.616666666666667
2020,X84,65.36
2020,X85,28.92792792792793
2020,X86,3.8
2020,X88,5.699999999999999
2020,X89,3.8
2020,X90,3.8
2020,X91,29.41481481481481
2020,X92,5.7
2020,X93,80.33333333333334
2020,X94,44.62564102564102
2020,X95,1586.0093896713615
2020,X97,19.327586206896548
2020,X98,9.5
2020,X99,194.19117647058823
2020,Y86,81.22500000000001
2021,W00,44.72916666666667
2021,W01,246.47222222222223
2021,W02,66.14814814814815
2021,W03,19
2021,W04,8.636363636363637
2021,W05,136.61904761904762
2021,W06,336.26984126984127
2021,W07,307.6190476190476
2021,W08,36.509803921568626
2021,W09,6.333333333333333
2021,W10,731.2361111111111
2021,W11,585.6470588235295
2021,W12,43.06666666666666
2021,W13,208.62745098039213
2021,W14,152
2021,W15,58.40740740740741
2021,W16,27.142857142857142
2021,W17,220.71666666666667
2021,W18,4014.6025641025644
2021,W19,14894.538461538457
2021,W20,320.7647058823529
2021,W21,14.25
2021,W22,174.35294117647055
2021,W23,85.5
2021,W24,47.5
2021,W25,71.25
2021,W26,6.333333333333333
2021,W27,6.333333333333333
2021,W28,249.11111111111114
2021,W29,16.466666666666665
2021,W30,146.37037037037038
2021,W31,418
2021,W32,66.85185185185185
2021,W34,213.2222222222222
2021,W35,19
2021,W36,16.625
2021,W37,15.2
2021,W39,20.055555555555554
2021,W44,15.38095238095238
2021,W45,22.8
2021,W46,6.333333333333333
2021,W49,20.46153846153846
2021,W50,6.333333333333333
2021,W51,21.714285714285715
2021,W52,21.11111111111111
2021,W54,102.59999999999998
2021,W55,29.857142857142858
2021,W56,6.333333333333333
2021,W57,26.6
2021,W58,6.333333333333333
2021,W64,9.5
2021,W65,215.65000000000003
2021,W66,11.399999999999999
2021,W67,240.66666666666669
2021,W68,35.18518518518518
2021,W69,637.45
2021,W70,102.38888888888889
2021,W73,91.83333333333333
2021,W74,168.78333333333336
2021,W75,405.70588235294116
2021,W76,106.2051282051282
2021,W77,36.41666666666667
2021,W78,86.36363636363636
2021,W79,473.5606060606061
2021,W80,826.0128205128206
2021,W81,11.083333333333332
2021,W83,42.43333333333334
2021,W84,137.52380952380952
2021,W85,83.125
2021,W86,65.14285714285714
2021,W87,100.62962962962963
2021,W92,12.666666666666666
2021,W93,6.333333333333333
2021,W94,8.142857142857142
2021,X00,494
2021,X01,14.114285714285714
2021,X02,12.666666666666666
2021,X03,44.333333333333336
2021,X04,41.5625
2021,X05,12.666666666666666
2021,X06,41.166666666666664
2021,X08,36.733333333333334
2021,X09,74.49206349206348
2021,X10,9.148148148148147
2021,X11,18.424242424242422
2021,X12,9.5
2021,X13,6.333333333333333
2021,X14,6.333333333333333
2021,X15,7.916666666666666
2021,X16,7.6
2021,X17,6.333333333333333
2021,X18,6.333333333333333
2021,X19,10.93939393939394
2021,X20,7.916666666666666
2021,X21,8.444444444444445
2021,X22,6.333333333333333
2021,X23,139.9090909090909
2021,X24,6.333333333333333
2021,X25,10.133333333333333
2021,X26,6.333333333333333
2021,X30,229.52
2021,X31,212.45454545454544
2021,X32,6.333333333333333
2021,X33,15.833333333333334
2021,X36,34.83333333333333
2021,X37,98.6190476190476
2021,X38,66.85185185185186
2021,X39,26.916666666666668
2021,X40,79.4
2021,X41,1636.2799999999997
2021,X42,6356.669230769231
2021,X43,9.160714285714286
2021,X44,6494.638461538461
2021,X45,421.1391304347826
2021,X46,7.254545454545454
2021,X47,359.24074074074076
2021,X48,6.7555555555555555
2021,X49,35.04444444444445
2021,X50,7.125
2021,X53,6.6499999999999995
2021,X54,6.333333333333333
2021,X57,5.066666666666666
2021,X58,17.3375
2021,X60,33.305882352941175
2021,X61,192.20000000000002
2021,X62,95.63333333333334
2021,X63,15.890909090909092
2021,X64,422.40799999999996
2021,X65,20.727272727272727
2021,X66,20.266666666666666
2021,X67,222.3
2021,X68,5.225
2021,X69,36.22666666666667
2021,X70,2498.2
2021,X71,98.3777777777778
2021,X72,1487.7
2021,X73,613.8266666666667
2021,X74,3207.7699999999995
2021,X75,8.55
2021,X76,62.06666666666667
2021,X78,230.61250000000004
2021,X79,3.8
2021,X80,305.0133333333334
2021,X81,178.09333333333333
2021,X82,45.89230769230769
2021,X83,25.65
2021,X84,128.6153846153846
2021,X85,84.70833333333333
2021,X86,3.8
2021,X88,3.8
2021,X89,3.8
2021,X91,104.37333333333332
2021,X92,11.4
2021,X93,288.8
2021,X94,130.66153846153847
2021,X95,5576.499999999999
2021,X97,52.25
2021,X98,6.333333333333333
2021,X99,640
2021,Y86,310.3333333333333
2022,W00,38.76
2022,W01,89.0625
2022,W02,32.0625
2022,W03,38
2022,W04,8.233333333333333
2022,W05,61.104938271604944
2022,W06,91.30555555555554
2022,W07,163.61111111111114
2022,W08,23.367816091954023
2022,W09,6.333333333333333
2022,W10,227.60416666666663
2022,W11,237.02499999999995
2022,W12,24.699999999999996
2022,W13,70.70068027210884
2022,W14,63.65
2022,W15,35.229166666666664
2022,W16,15.041666666666668
2022,W17,83.66666666666667
2022,W18,1078.6571428571426
2022,W19,3569.432432432436
2022,W20,117.08943089430895
2022,W21,9.148148148148147
2022,W22,92.76470588235296
2022,W23,30.55833333333333
2022,W24,21.67948717948718
2022,W25,36.94444444444444
2022,W26,6.966666666666667
2022,W27,6.333333333333333
2022,W28,136
2022,W29,8.444444444444445
2022,W30,61.75000000000001
2022,W31,193.5625
2022,W32,22.653846153846153
2022,W34,53.589743589743584
2022,W35,19
2022,W36,8.444444444444445
2022,W37,23.75
2022,W39,13.571428571428571
2022,W44,10.857142857142856
2022,W45,23.75
2022,W49,12.033333333333333
2022,W50,7.388888888888888
2022,W51,19
2022,W53,12.666666666666666
2022,W54,52.25
2022,W55,20.10144927536232
2022,W56,6.333333333333333
2022,W57,19
2022,W58,6.333333333333333
2022,W59,6.333333333333333
2022,W60,38
2022,W64,8.708333333333332
2022,W65,73.54838709677419
2022,W66,8.866666666666667
2022,W67,99.59477124183006
2022,W68,13.242424242424242
2022,W69,187.5050505050505
2022,W70,31.244444444444444
2022,W73,42.62820512820513
2022,W74,62.44666666666668
2022,W75,144.05228758169937
2022,W76,37.09523809523809
2022,W77,24.18181818181818
2022,W78,31.772222222222222
2022,W79,159.71014492753622
2022,W80,218.8725490196078
2022,W81,7.916666666666666
2022,W83,16.21333333333333
2022,W84,47.743589743589745
2022,W85,32.0625
2022,W86,18.57777777777778
2022,W87,46.866666666666674
2022,W91,6.333333333333333
2022,W92,6.333333333333333
2022,W94,7.6
2022,X00,143.21558441558437
2022,X01,15.812903225806451
2022,X02,7.916666666666666
2022,X03,18.254901960784313
2022,X04,24.602564102564102
2022,X06,16.185185185185183
2022,X08,18.366666666666667
2022,X09,17.78205128205128
2022,X10,7.7407407407407405
2022,X11,10.027777777777779
2022,X12,6.333333333333333
2022,X13,6.333333333333333
2022,X15,6.333333333333333
2022,X16,7.388888888888888
2022,X17,6.333333333333333
2022,X18,6.333333333333333
2022,X19,7.388888888888888
2022,X20,6.333333333333333
2022,X21,6.333333333333333
2022,X23,76
2022,X25,11.61111111111111
2022,X30,61.32911392405063
2022,X31,69.73863636363636
2022,X32,6.333333333333333
2022,X33,18.208333333333332
2022,X36,17.416666666666664
2022,X37,30.875
2022,X38,32.81818181818182
2022,X39,15.833333333333332
2022,X40,25.400000000000002
2022,X41,379.8190476190476
2022,X42,1623.6133333333337
2022,X43,6.861111111111111
2022,X44,1410.1737704918035
2022,X45,104.82439024390246
2022,X46,6.122222222222222
2022,X47,101.96666666666667
2022,X48,3.8
2022,X49,12.033333333333333
2022,X50,6.65
2022,X53,4.8133333333333335
2022,X57,3.8
2022,X58,10.336
2022,X60,17.820689655172416
2022,X61,64.03283582089553
2022,X62,37.561538461538454
2022,X63,12.741176470588236
2022,X64,125.56344086021507
2022,X65,9.952380952380953
2022,X66,10.6875
2022,X67,83.43111111111111
2022,X68,4.56
2022,X69,20.013333333333332
2022,X70,660.5042253521127
2022,X71,43.7
2022,X72,476.2033333333333
2022,X73,203.59555555555556
2022,X74,1085.1533333333334
2022,X75,5.699999999999999
2022,X76,20.794444444444444
2022,X78,57.05846153846154
2022,X79,5.699999999999999
2022,X80,84.46666666666668
2022,X81,64.42325581395347
2022,X82,23.785185185185185
2022,X83,12.757142857142856
2022,X84,72.48148148148148
2022,X85,31.97560975609756
2022,X86,3.8
2022,X88,3.8
2022,X89,3.8
2022,X91,31.391304347826093
2022,X92,8.2
2022,X93,85.38823529411764
2022,X94,42.68372093023256
2022,X95,1511.2499999999998
2022,X96,7.6
2022,X97,14.862903225806454
2022,X98,6.333333333333333
2022,X99,163.06103286384973
2022,Y86,117.27340823970039
2023,V98,6.333333333333333
2023,W00,22.987654320987655
2023,W01,86.69398907103826
2023,W02,22.666666666666664
2023,W03,19
2023,W04,9.743589743589743
2023,W05,65.91358024691358
2023,W06,90.83561643835617
2023,W07,150.1
2023,W08,25.936507936507937
2023,W09,6.333333333333333
2023,W10,215.99612403100772
2023,W11,240.37209302325587
2023,W12,18.424242424242422
2023,W13,70.90579710144927
2023,W14,71.61538461538461
2023,W15,25.045454545454543
2023,W16,14.355555555555554
2023,W17,87.23270440251571
2023,W18,1086.5625
2023,W19,3482.752293577981
2023,W20,112.8125
2023,W21,14.25
2023,W22,69.32432432432432
2023,W23,27.298850574712645
2023,W24,22.694444444444446
2023,W25,30.761904761904763
2023,W26,6.333333333333333
2023,W28,171
2023,W29,8.444444444444445
2023,W30,63.33333333333333
2023,W31,164.89285714285717
2023,W32,22.293333333333333
2023,W34,55.16666666666667
2023,W35,19
2023,W36,12.666666666666666
2023,W37,13.722222222222221
2023,W38,19
2023,W39,12.666666666666666
2023,W41,6.333333333333333
2023,W44,8.924242424242424
2023,W45,19
2023,W49,9.5
2023,W50,6.333333333333333
2023,W51,21.714285714285715
2023,W52,19
2023,W53,6.333333333333333
2023,W54,55.84848484848485
2023,W55,20.43939393939394
2023,W56,6.333333333333333
2023,W57,34.2
2023,W58,6.333333333333333
2023,W64,7.388888888888888
2023,W65,66.16915422885572
2023,W66,8.769230769230768
2023,W67,91.9506172839506
2023,W68,16.333333333333332
2023,W69,179.1846153846154
2023,W70,31.123809523809523
2023,W73,31.21428571428571
2023,W74,49.81410256410256
2023,W75,150.62318840579712
2023,W76,46.595238095238095
2023,W77,15.2
2023,W78,30.68390804597701
2023,W79,175.12169312169308
2023,W80,225.12121212121212
2023,W81,15.2
2023,W83,12.179487179487179
2023,W84,43.35897435897436
2023,W85,45.30769230769231
2023,W86,18.095238095238095
2023,W87,40.375
2023,W92,11.083333333333332
2023,W94,6.333333333333333
2023,W99,6.333333333333333
2023,X00,131.02784810126582
2023,X01,22.659259259259258
2023,X02,9.5
2023,X03,20.055555555555557
2023,X04,24.358974358974358
2023,X05,6.333333333333333
2023,X06,22.845238095238095
2023,X08,18.563218390804597
2023,X09,22.483333333333334
2023,X10,6.333333333333333
2023,X11,9.666666666666666
2023,X12,7.037037037037036
2023,X13,9.5
2023,X15,7.388888888888888
2023,X16,10.766666666666666
2023,X17,6.333333333333333
2023,X19,7.916666666666666
2023,X20,6.333333333333333
2023,X21,6.333333333333333
2023,X23,68.13793103448275
2023,X25,7.916666666666666
2023,X30,69.11250000000001
2023,X31,50.42823529411764
2023,X32,6.333333333333333
2023,X33,9.5
2023,X36,14.355555555555556
2023,X37,40.6078431372549
2023,X38,16.88888888888889
2023,X39,10.23076923076923
2023,X40,21.44285714285714
2023,X41,395.00808080808076
2023,X42,1466.5559633027524
2023,X43,8.3125
2023,X44,1409.7392000000004
2023,X45,93.14634146341464
2023,X46,6.175
2023,X47,91.10256410256409
2023,X48,4.433333333333334
2023,X49,11.770731707317072
2023,X50,5.066666666666666
2023,X53,4.433333333333334
2023,X54,6.333333333333333
2023,X58,7.72258064516129
2023,X60,15.500000000000002
2023,X61,61.631249999999994
2023,X62,35.44230769230769
2023,X63,17.4
2023,X64,125.83181818181818
2023,X65,13.052173913043479
2023,X66,9.424
2023,X67,99.3
2023,X68,6.333333333333333
2023,X69,16.812121212121212
2023,X70,666.4318840579712
2023,X71,37.272340425531915
2023,X72,504.2945454545456
2023,X73,230.29999999999995
2023,X74,936.6472222222225
2023,X75,6.08
2023,X76,19
2023,X78,66.75333333333332
2023,X79,3.8
2023,X80,102.52244897959181
2023,X81,58.321739130434786
2023,X82,19.447058823529414
2023,X83,10.133333333333333
2023,X84,58.652173913043484
2023,X85,33.724999999999994
2023,X88,5.699999999999999
2023,X89,3.8
2023,X90,3.8
2023,X91,36.099999999999994
2023,X92,7.6
2023,X93,80.90833333333333
2023,X94,35.75454545454545
2023,X95,1296.456790123457
2023,X97,14.6953125
2023,X98,8.866666666666667
2023,X99,174.41798941798942
2023,Y86,138.61363636363637
