icd10,gbd_severity
A01,3
A14.9,2
A29,2
A29.0,2
A29.1,2
A29.2,2
A29.3,2
A29.4,2
A29.5,2
A29.6,2
A29.7,2
A29.8,2
A29.9,2
A30,2
A30.0,2
A30.1,2
A30.2,2
A30.3,2
A30.4,2
A30.5,2
A30.6,2
A30.7,2
A30.8,2
A30.9,2
A31,3
A31.0,3
A31.1,3
A31.2,3
A31.3,3
A31.4,3
A31.5,3
A31.6,3
A31.7,3
A31.8,3
A31.9,3
A40,1
A40.0,1
A40.1,1
A40.2,1
A40.3,1
A40.4,1
A40.5,1
A40.6,1
A40.7,1
A40.8,1
A40.9,1
A41,1
A41.0,1
A41.1,1
A41.2,1
A41.3,1
A41.4,1
A41.5,1
A41.6,1
A41.7,1
A41.8,1
A41.9,1
A42,3
A42.0,3
A42.1,3
A42.2,3
A42.3,3
A42.4,3
A42.5,3
A42.6,3
A42.7,3
A42.8,3
A42.9,3
A43,3
A43.0,3
A43.1,3
A43.2,3
A43.3,3
A43.4,3
A43.5,3
A43.6,3
A43.7,3
A43.8,3
A43.9,3
A44,3
A44.0,3
A44.1,3
A44.2,3
A44.3,3
A44.4,3
A44.5,3
A44.6,3
A44.7,3
A44.8,3
A44.9,3
A45,2
A45.0,2
A45.1,2
A45.2,2
A45.3,2
A45.4,2
A45.5,2
A45.6,2
A45.7,2
A45.8,2
A45.9,2
A47,2
A47.0,2
A47.1,2
A47.2,2
A47.3,2
A47.4,2
A47.5,2
A47.6,2
A47.7,2
A47.8,2
A47.9,2
A48,2
A48.0,1
A48.0,2
A48.1,2
A48.2,2
A48.3,1
A48.3,2
A48.4,2
A48.5,2
A48.6,2
A48.7,2
A48.8,2
A48.9,2
A49,2
A49,1
A49.0,2
A49.0,1
A49.1,2
A49.1,1
A49.2,3
A49.2,2
A49.3,2
A49.4,2
A49.5,2
A49.6,2
A49.7,2
A49.8,2
A49.9,2
A59,1
A59.0,1
A59.1,1
A59.2,1
A59.3,1
A59.4,1
A59.5,1
A59.6,1
A59.7,1
A59.8,1
A59.9,1
A61,2
A61.0,2
A61.1,2
A61.2,2
A61.3,2
A61.4,2
A61.5,2
A61.6,2
A61.7,2
A61.8,2
A61.9,2
A62,2
A62.0,2
A62.1,2
A62.2,2
A62.3,2
A62.4,2
A62.5,2
A62.6,2
A62.7,2
A62.8,2
A62.9,2
A64,3
A64.0,3
A71,1
A71.0,1
A71.1,1
A71.2,1
A71.3,1
A71.4,1
A71.5,1
A71.6,1
A71.7,1
A71.8,1
A71.9,1
A72,2
A72.0,2
A72.1,2
A72.2,2
A72.3,2
A72.4,2
A72.5,2
A72.6,2
A72.7,2
A72.8,2
A72.9,2
A73,2
A73.0,2
A73.1,2
A73.2,2
A73.3,2
A73.4,2
A73.5,2
A73.6,2
A73.7,2
A73.8,2
A73.9,2
A74.0,1
A76,2
A97,2
A99,3
A99.0,3
B07,1
B07.0,1
B07.1,1
B07.2,1
B07.3,1
B07.4,1
B07.5,1
B07.6,1
B07.7,1
B07.8,1
B07.9,1
B08,2
B08.0,2
B08.1,2
B08.2,2
B08.3,2
B08.4,2
B08.5,2
B08.6,2
B08.7,2
B08.8,2
B08.9,2
B09,2
B09.0,2
B09.1,2
B09.2,2
B09.3,2
B09.4,2
B09.5,2
B09.6,2
B09.7,2
B09.8,2
B09.9,2
B11,2
B11.0,2
B11.1,2
B11.2,2
B11.3,2
B11.4,2
B11.5,2
B11.6,2
B11.7,2
B11.8,2
B11.9,2
B12,2
B12.0,2
B12.1,2
B12.2,2
B12.3,2
B12.4,2
B12.5,2
B12.6,2
B12.7,2
B12.8,2
B12.9,2
B13,2
B13.0,2
B13.1,2
B13.2,2
B13.3,2
B13.4,2
B13.5,2
B13.6,2
B13.7,2
B13.8,2
B13.9,2
B14,2
B14.0,2
B14.1,2
B14.2,2
B14.3,2
B14.4,2
B14.5,2
B14.6,2
B14.7,2
B14.8,2
B14.9,2
B16.9,4
B17,3
B17.1,3
B17.8,3
B17.9,3
B19,3
B19.0,3
B19.2,3
B19.3,3
B19.4,3
B19.5,3
B19.6,3
B19.7,3
B19.8,3
B19.9,3
B28,2
B28.0,2
B28.1,2
B28.2,2
B28.3,2
B28.4,2
B28.5,2
B28.6,2
B28.7,2
B28.8,2
B28.9,2
B29,2
B29.0,2
B29.1,2
B29.2,2
B29.3,2
B29.4,2
B29.5,2
B29.6,2
B29.7,2
B29.8,2
B29.9,2
B30,1
B30.0,1
B30.1,1
B30.2,1
B30.3,1
B30.4,1
B30.5,1
B30.6,1
B30.7,1
B30.8,1
B30.9,1
B31,2
B31.0,2
B31.1,2
B31.2,2
B31.3,2
B31.4,2
B31.5,2
B31.6,2
B31.7,2
B31.8,2
B31.9,2
B32,2
B32.0,2
B32.1,2
B32.2,2
B32.3,2
B32.4,2
B34,2
B34.0,2
B34.1,2
B34.2,2
B34.3,2
B34.4,2
B34.5,2
B34.6,2
B34.7,2
B34.8,2
B34.9,2
B35,1
B35.0,1
B35.1,1
B35.2,1
B35.3,1
B35.4,1
B35.5,1
B35.6,1
B35.7,1
B35.8,1
B35.9,1
B36,1
B36.0,1
B36.1,1
B36.2,1
B36.3,1
B36.4,1
B36.5,1
B36.6,1
B36.7,1
B36.8,1
B36.9,1
B37,3
B37.0,3
B37.1,3
B37.2,3
B37.3,3
B37.4,3
B37.5,3
B37.6,3
B37.7,3
B37.8,3
B37.9,3
B38,3
B38.0,3
B38.1,3
B38.2,3
B38.3,3
B38.4,3
B38.5,3
B38.6,3
B38.7,3
B38.8,3
B38.9,3
B39,3
B39.0,3
B39.1,3
B39.2,3
B39.3,3
B39.4,3
B39.5,3
B39.6,3
B39.7,3
B39.8,3
B39.9,3
B40,3
B40.0,3
B40.1,3
B40.2,3
B40.3,3
B40.4,3
B40.5,3
B40.6,3
B40.7,3
B40.8,3
B40.9,3
B41,3
B41.0,3
B41.1,3
B41.2,3
B41.3,3
B41.4,3
B41.5,3
B41.6,3
B41.7,3
B41.8,3
B41.9,3
B42,3
B42.0,3
B42.1,3
B42.2,3
B42.3,3
B42.4,3
B42.5,3
B42.6,3
B42.7,3
B42.8,3
B42.9,3
B43,3
B43.0,3
B43.1,3
B43.2,3
B43.3,3
B43.4,3
B43.5,3
B43.6,3
B43.7,3
B43.8,3
B43.9,3
B44,3
B44.0,3
B44.1,3
B44.2,3
B44.3,3
B44.4,3
B44.5,3
B44.6,3
B44.7,3
B44.8,3
B44.9,3
B45,3
B45.0,3
B45.1,3
B45.2,3
B45.3,3
B45.4,3
B45.5,3
B45.6,3
B45.7,3
B45.8,3
B45.9,3
B46,3
B46.0,3
B46.1,3
B46.2,3
B46.3,3
B46.4,3
B46.5,3
B46.6,3
B46.7,3
B46.8,3
B46.9,3
B49,3
B49.0,3
B49.1,3
B49.2,3
B49.3,3
B49.4,3
B49.5,3
B49.6,3
B49.7,3
B49.8,3
B49.9,3
B55,3
B55.1,3
B55.2,3
B55.3,3
B55.4,3
B55.5,3
B55.6,3
B55.7,3
B55.8,3
B55.9,3
B58,3
B58.0,3
B58.1,3
B58.2,3
B58.3,3
B58.4,3
B58.5,3
B58.6,3
B58.7,3
B58.8,3
B58.9,3
B59,3
B59.0,3
B59.1,3
B59.2,3
B59.3,3
B59.4,3
B59.5,3
B59.6,3
B59.7,3
B59.8,3
B59.9,3
B61,2
B61.0,2
B61.1,2
B61.2,2
B61.3,2
B61.4,2
B61.5,2
B61.6,2
B61.7,2
B61.8,2
B61.9,2
B62,2
B62.0,2
B62.1,2
B62.2,2
B62.3,2
B62.4,2
B62.5,2
B62.6,2
B62.7,2
B62.8,2
B62.9,2
B64,4
B68,2
B68.0,2
B68.1,2
B68.2,2
B68.3,2
B68.4,2
B68.5,2
B68.6,2
B68.7,2
B68.8,2
B68.9,2
B73,2
B73.0,2
B73.1,2
B73.2,2
B73.3,2
B73.4,2
B73.5,2
B73.6,2
B73.7,2
B73.8,2
B73.9,2
B74,2
B74.0,2
B74.1,2
B74.2,2
B76,2
B76.0,2
B76.1,2
B76.2,2
B76.3,2
B76.4,2
B76.5,2
B76.6,2
B76.7,2
B76.8,2
B76.9,2
B78,2
B78.0,2
B78.1,2
B78.2,2
B78.3,2
B78.4,2
B78.5,2
B78.6,2
B78.7,2
B78.8,2
B78.9,2
B79,2
B79.0,2
B79.1,2
B79.2,2
B79.3,2
B79.4,2
B79.5,2
B79.6,2
B79.7,2
B79.8,2
B79.9,2
B80,2
B80.0,2
B80.1,2
B80.2,2
B80.3,2
B80.4,2
B80.5,2
B80.6,2
B80.7,2
B80.8,2
B80.9,2
B81,2
B81.0,2
B81.1,2
B81.2,2
B81.3,2
B81.4,2
B81.5,2
B81.6,2
B81.7,2
B81.8,2
B82,4
B82.0,4
B82.1,4
B82.2,4
B82.3,4
B82.4,4
B82.5,4
B82.6,4
B82.7,4
B82.8,4
B82.9,4
B83.9,4
B84,2
B85,1
B85.0,1
B85.1,1
B85.2,1
B85.3,1
B85.4,1
B87,1
B87.0,1
B87.1,1
B87.2,1
B87.3,1
B87.4,1
B87.5,1
B87.6,1
B87.7,1
B87.8,1
B87.9,1
B88,1
B88.0,1
B88.1,1
B88.2,1
B88.3,1
B88.4,1
B88.5,1
B88.6,1
B88.7,1
B88.8,1
B88.9,1
B89,3
B92,2
B92.0,2
B92.1,2
B92.2,2
B92.3,2
B92.4,2
B92.5,2
B92.6,2
B92.7,2
B92.8,2
B92.9,2
B93,2
B93.0,2
B93.1,2
B93.2,2
B93.3,2
B93.4,2
B93.5,2
B93.6,2
B93.7,2
B93.8,2
B93.9,2
B94,2
B94.0,1
B94.0,2
B94.1,2
B94.2,3
B94.2,2
B94.3,2
B94.4,2
B94.5,2
B94.6,2
B94.7,2
B94.8,2
B94.9,2
B95.6,2
B97,2
B97.3,2
B97.7,2
B97.8,2
B97.9,2
B98,2
B98.0,2
B98.1,2
B98.2,2
B98.3,2
B98.4,2
B98.5,2
B98.6,2
B98.7,2
B98.8,2
B98.9,2
B99,2
B99.0,2
B99.1,2
B99.2,2
B99.3,2
B99.4,2
B99.5,2
B99.6,2
B99.7,2
B99.8,2
B99.9,2
C14,3
C14.0,3
C14.1,3
C14.2,3
C14.3,3
C14.4,3
C14.5,3
C14.6,3
C14.7,3
C14.8,3
C14.9,3
C22.9,3
C26,3
C26.0,3
C26.1,3
C26.2,3
C26.3,3
C26.4,3
C26.5,3
C26.6,3
C26.7,3
C26.8,3
C26.9,3
C27,3
C27.0,3
C27.1,3
C27.2,3
C27.3,3
C27.4,3
C27.5,3
C27.6,3
C27.7,3
C27.8,3
C27.9,3
C28,3
C28.0,3
C28.1,3
C28.2,3
C28.3,3
C28.4,3
C28.5,3
C28.6,3
C28.7,3
C28.8,3
C28.9,3
C29,3
C29.0,3
C29.1,3
C29.2,3
C29.3,3
C29.4,3
C29.5,3
C29.6,3
C29.7,3
C29.8,3
C29.9,3
C35,3
C35.0,3
C35.1,3
C35.2,3
C35.3,3
C35.4,3
C35.5,3
C35.6,3
C35.7,3
C35.8,3
C35.9,3
C36,3
C36.0,3
C36.1,3
C36.2,3
C36.3,3
C36.4,3
C36.5,3
C36.6,3
C36.7,3
C36.8,3
C36.9,3
C39,3
C39.0,3
C39.1,3
C39.2,3
C39.3,3
C39.4,3
C39.5,3
C39.6,3
C39.7,3
C39.8,3
C39.9,3
C42,3
C46,3
C46.0,3
C46.1,3
C46.2,3
C46.3,3
C46.4,3
C46.5,3
C46.6,3
C46.7,3
C46.8,3
C46.9,3
C55,3
C55.0,3
C55.1,3
C55.2,3
C55.3,3
C55.4,3
C55.5,3
C55.6,3
C55.7,3
C55.8,3
C55.9,3
C57.9,3
C59,3
C63.9,3
C68,3
C68.9,3
C69,4
C69.9,4
C74,3
C74.0,3
C74.1,3
C74.2,3
C74.3,3
C74.4,3
C74.5,3
C74.6,3
C74.7,3
C74.8,3
C74.9,3
C75,3
C75.9,3
C76,3
C76.0,3
C76.1,3
C76.2,3
C76.3,3
C76.4,3
C76.5,3
C76.6,3
C76.7,3
C76.8,3
C76.9,3
C77,3
C77.0,3
C77.1,3
C77.2,3
C77.3,3
C77.4,3
C77.5,3
C77.6,3
C77.7,3
C77.8,3
C77.9,3
C78,3
C78.0,3
C78.1,3
C78.2,3
C78.3,3
C78.4,3
C78.5,3
C78.6,3
C78.7,3
C78.8,3
C78.9,3
C79,3
C79.0,3
C79.1,3
C79.2,3
C79.3,3
C79.4,3
C79.5,3
C79.6,3
C79.7,3
C79.8,3
C79.9,3
C80,3
C80.0,3
C80.1,3
C80.2,3
C80.3,3
C80.4,3
C80.5,3
C80.6,3
C80.7,3
C80.8,3
C80.9,3
C87,3
C91,4
C91.1,4
C91.4,4
C91.5,4
C91.7,4
C91.8,4
C91.9,4
C92,4
C92.7,4
C92.8,4
C92.9,4
C93,4
C93.2,4
C93.5,4
C93.6,4
C93.7,4
C93.9,4
C97,3
D00.0,3
D01,3
D01.4,3
D01.5,3
D01.6,3
D01.7,3
D01.8,3
D01.9,3
D02,3
D02.0,3
D02.1,3
D02.2,3
D02.3,3
D02.4,3
D02.5,3
D02.6,3
D02.7,3
D02.8,3
D02.9,3
D07,3
D07.3,3
D07.6,3
D07.7,3
D07.8,3
D07.9,3
D08,3
D08.0,3
D08.1,3
D08.2,3
D08.3,3
D08.4,3
D08.5,3
D08.6,3
D08.7,3
D08.8,3
D08.9,3
D09,3
D09.0,3
D09.1,3
D09.2,3
D09.3,3
D09.4,3
D09.5,3
D09.6,3
D09.7,3
D09.8,3
D09.9,3
D10,3
D10.0,3
D10.1,3
D10.2,3
D10.3,3
D10.4,3
D10.5,3
D10.6,3
D10.7,3
D10.8,3
D10.9,3
D13,3
D13.9,3
D14,3
D14.0,3
D14.1,3
D14.2,3
D14.3,3
D14.4,3
D14.5,3
D14.6,3
D14.7,3
D14.8,3
D14.9,3
D17,3
D17.0,3
D17.1,3
D17.2,3
D17.3,3
D17.4,3
D17.5,3
D17.6,3
D17.7,3
D17.8,3
D17.9,3
D18,3
D18.0,3
D18.1,3
D18.2,3
D18.3,3
D18.4,3
D18.5,3
D18.6,3
D18.7,3
D18.8,3
D18.9,3
D19,3
D19.0,3
D19.1,3
D19.2,3
D19.3,3
D19.4,3
D19.5,3
D19.6,3
D19.7,3
D19.8,3
D19.9,3
D20,3
D20.0,3
D20.1,3
D20.2,3
D20.3,3
D20.4,3
D20.5,3
D20.6,3
D20.7,3
D20.8,3
D20.9,3
D21,3
D21.0,3
D21.1,3
D21.2,3
D21.3,3
D21.4,3
D21.5,3
D21.6,3
D21.7,3
D21.8,3
D21.9,3
D28,3
D28.9,3
D29,3
D29.0,3
D29.1,3
D29.2,3
D29.3,3
D29.4,3
D29.5,3
D29.6,3
D29.7,3
D29.8,3
D29.9,3
D30,3
D30.0,3
D30.1,3
D30.2,3
D30.3,3
D30.4,3
D30.5,3
D30.6,3
D30.7,3
D30.8,3
D30.9,3
D36,3
D36.0,3
D36.9,3
D37,3
D37.0,3
D37.6,3
D37.7,3
D37.8,3
D37.9,3
D38,3
D38.0,3
D38.1,3
D38.2,3
D38.3,3
D38.4,3
D38.5,3
D38.6,3
D38.7,3
D38.8,3
D38.9,3
D39,3
D39.0,3
D39.7,3
D39.9,3
D40,3
D40.0,3
D40.1,3
D40.2,3
D40.3,3
D40.4,3
D40.5,3
D40.6,3
D40.7,3
D40.8,3
D40.9,3
D41,3
D41.0,3
D41.1,3
D41.2,3
D41.3,3
D41.4,3
D41.5,3
D41.6,3
D41.7,3
D41.8,3
D41.9,3
D44,3
D44.9,3
D48,3
D48.7,3
D48.8,3
D48.9,3
D49,3
D49.0,3
D49.1,3
D49.5,3
D49.7,3
D49.8,3
D49.9,3
D50,1
D50.0,1
D50.9,1
D54,3
D59,2
D59.4,2
D59.8,2
D59.9,2
D62,1
D62.0,1
D62.1,1
D62.2,1
D62.3,1
D62.4,1
D62.5,1
D62.6,1
D62.7,1
D62.8,1
D62.9,1
D63,1
D63.0,1
D63.8,1
D63.9,1
D64,1
D64.0,1
D64.1,1
D64.2,1
D64.3,1
D64.4,1
D64.5,1
D64.6,1
D64.7,1
D64.8,1
D64.9,1
D65,1
D65.0,1
D65.1,1
D65.2,1
D65.3,1
D65.4,1
D65.5,1
D65.6,1
D65.7,1
D65.8,1
D65.9,1
D68,1
D69.9,1
D75.9,3
D79,3
D79.0,3
D79.1,3
D79.2,3
D79.3,3
D79.4,3
D79.5,3
D79.6,3
D79.7,3
D79.8,3
D79.9,3
D80,3
D80.0,3
D80.1,3
D80.2,3
D80.3,3
D80.4,3
D80.5,3
D80.6,3
D80.7,3
D80.8,3
D80.9,3
D81,3
D81.0,3
D81.1,3
D81.2,3
D81.3,3
D81.4,3
D81.5,3
D81.6,3
D81.7,3
D81.8,3
D81.9,3
D82,3
D82.0,3
D82.1,3
D82.2,3
D82.3,3
D82.4,3
D82.5,3
D82.6,3
D82.7,3
D82.8,3
D82.9,3
D83,3
D83.0,3
D83.1,3
D83.2,3
D83.3,3
D83.4,3
D83.5,3
D83.6,3
D83.7,3
D83.8,3
D83.9,3
D84,3
D84.0,3
D84.1,3
D84.2,3
D84.3,3
D84.4,3
D84.5,3
D84.6,3
D84.7,3
D84.8,3
D84.9,3
D85,3
D85.0,3
D85.1,3
D85.2,3
D85.3,3
D85.4,3
D85.5,3
D85.6,3
D85.7,3
D85.8,3
D85.9,3
D87,3
D87.0,3
D87.1,3
D87.2,3
D87.3,3
D87.4,3
D87.5,3
D87.6,3
D87.7,3
D87.8,3
D87.9,3
D88,3
D88.0,3
D88.1,3
D88.2,3
D88.3,3
D88.4,3
D88.5,3
D88.6,3
D88.7,3
D88.8,3
D88.9,3
D89,3
D89.8,3
D89.9,3
D90,3
D90.0,3
D90.1,3
D90.2,3
D90.3,3
D90.4,3
D90.5,3
D90.6,3
D90.7,3
D90.8,3
D90.9,3
D91,3
D91.0,3
D91.1,3
D91.2,3
D91.3,3
D91.4,3
D91.5,3
D91.6,3
D91.7,3
D91.8,3
D91.9,3
D92,3
D92.0,3
D92.1,3
D92.2,3
D92.3,3
D92.4,3
D92.5,3
D92.6,3
D92.7,3
D92.8,3
D92.9,3
D93,3
D93.0,3
D93.1,3
D93.2,3
D93.3,3
D93.4,3
D93.5,3
D93.6,3
D93.7,3
D93.8,3
D93.9,3
D94,3
D94.0,3
D94.1,3
D94.2,3
D94.3,3
D94.4,3
D94.5,3
D94.6,3
D94.7,3
D94.8,3
D94.9,3
D95,3
D95.0,3
D95.1,3
D95.2,3
D95.3,3
D95.4,3
D95.5,3
D95.6,3
D95.7,3
D95.8,3
D95.9,3
D96,3
D96.0,3
D96.1,3
D96.2,3
D96.3,3
D96.4,3
D96.5,3
D96.6,3
D96.7,3
D96.8,3
D96.9,3
D97,3
D97.0,3
D97.1,3
D97.2,3
D97.3,3
D97.4,3
D97.5,3
D97.6,3
D97.7,3
D97.8,3
D97.9,3
D98,3
D98.0,3
D98.1,3
D98.2,3
D98.3,3
D98.4,3
D98.5,3
D98.6,3
D98.7,3
D98.8,3
D98.9,3
D99,3
D99.0,3
D99.1,3
D99.2,3
D99.3,3
D99.4,3
D99.5,3
D99.6,3
D99.7,3
D99.8,3
D99.9,3
E07,3
E07.8,3
E07.9,3
E08,3
E08.0,3
E08.1,3
E08.2,3
E08.3,3
E08.4,3
E08.5,3
E08.6,3
E08.7,3
E08.8,3
E08.9,3
E12,4
E12.0,4
E12.1,4
E12.2,4
E12.3,4
E12.4,4
E12.5,4
E12.6,4
E12.7,4
E12.8,4
E12.9,4
E13,4
E13.0,4
E13.1,4
E13.2,4
E13.3,4
E13.4,4
E13.5,4
E13.6,4
E13.7,4
E13.8,4
E13.9,4
E14,4
E14.0,4
E14.1,4
E14.2,4
E14.3,4
E14.4,4
E14.5,4
E14.6,4
E14.7,4
E14.8,4
E14.9,4
E15,1
E16,1
E17,3
E17.0,3
E17.1,3
E17.2,3
E17.3,3
E17.4,3
E17.5,3
E17.6,3
E17.7,3
E17.8,3
E17.9,3
E18,3
E18.0,3
E18.1,3
E18.2,3
E18.3,3
E18.4,3
E18.5,3
E18.6,3
E18.7,3
E18.8,3
E18.9,3
E19,3
E19.0,3
E19.1,3
E19.2,3
E19.3,3
E19.4,3
E19.5,3
E19.6,3
E19.7,3
E19.8,3
E19.9,3
E34,3
E34.0,3
E34.9,3
E35,3
E35.0,3
E35.1,3
E35.2,3
E35.3,3
E35.4,3
E35.5,3
E35.6,3
E35.7,3
E35.8,3
E37,3
E37.0,3
E37.1,3
E37.2,3
E37.3,3
E37.4,3
E37.5,3
E37.6,3
E37.7,3
E37.8,3
E37.9,3
E38,3
E38.0,3
E38.1,3
E38.2,3
E38.3,3
E38.4,3
E38.5,3
E38.6,3
E38.7,3
E38.8,3
E38.9,3
E39,3
E39.0,3
E39.1,3
E39.2,3
E39.3,3
E39.4,3
E39.5,3
E39.6,3
E39.7,3
E39.8,3
E39.9,3
E47,3
E47.0,3
E47.1,3
E47.2,3
E47.3,3
E47.4,3
E47.5,3
E47.6,3
E47.7,3
E47.8,3
E47.9,3
E48,3
E48.0,3
E48.1,3
E48.2,3
E48.3,3
E48.4,3
E48.5,3
E48.6,3
E48.7,3
E48.8,3
E48.9,3
E49,3
E49.0,3
E49.1,3
E49.2,3
E49.3,3
E49.4,3
E49.5,3
E49.6,3
E49.7,3
E49.8,3
E49.9,3
E50,1
E50.0,1
E50.1,1
E50.2,1
E50.3,1
E50.4,1
E50.5,1
E50.6,1
E50.7,1
E50.8,1
E50.9,1
E62,3
E64.1,1
E69,3
E85,1
E85.3,1
E85.4,1
E85.5,1
E85.6,1
E85.7,1
E85.8,1
E85.9,1
E86,1
E86.0,1
E86.1,1
E86.2,1
E86.3,1
E86.4,1
E86.5,1
E86.6,1
E86.7,1
E86.8,1
E86.9,1
E87,1
E87.0,1
E87.1,1
E87.2,1
E87.3,1
E87.4,1
E87.5,1
E87.6,1
E87.7,3
E87.8,1
E87.9,1
F04,3
F04.0,3
F04.1,3
F04.2,3
F04.3,3
F04.4,3
F04.5,3
F04.6,3
F04.7,3
F04.8,3
F04.9,3
F05,3
F05.0,3
F05.1,3
F05.2,3
F05.3,3
F05.4,3
F05.5,3
F05.6,3
F05.7,3
F05.8,3
F05.9,3
F06,1
F06,3
F06.0,3
F06.1,3
F06.2,1
F06.3,1
F06.4,1
F06.5,3
F06.6,3
F06.7,3
F06.8,3
F06.9,3
F07,3
F07.0,3
F07.2,1
F07.8,3
F07.9,3
F08,3
F08.0,3
F08.1,3
F08.2,3
F08.3,3
F08.4,3
F08.5,3
F08.6,3
F08.7,3
F08.8,3
F08.9,3
F09,1
F09.0,1
F09.1,1
F09.2,1
F09.3,1
F09.4,1
F09.5,1
F09.6,1
F09.7,1
F09.8,1
F09.9,1
F17,2
F17.0,2
F17.1,2
F17.2,2
F17.3,2
F17.4,2
F17.5,2
F17.6,2
F17.7,2
F17.8,2
F17.9,2
F19,1
F19.0,1
F19.1,1
F19.2,1
F19.3,1
F19.4,1
F19.5,1
F19.6,1
F19.7,1
F19.8,1
F19.9,1
F20,1
F20.0,1
F20.1,1
F20.2,1
F20.3,1
F20.4,1
F20.5,1
F20.6,1
F20.7,1
F20.8,1
F20.9,1
F21,1
F21.0,1
F21.1,1
F21.2,1
F21.3,1
F21.4,1
F21.5,1
F21.6,1
F21.7,1
F21.8,1
F21.9,1
F22,1
F22.0,1
F22.1,1
F22.2,1
F22.3,1
F22.4,1
F22.5,1
F22.6,1
F22.7,1
F22.8,1
F22.9,1
F23,1
F23.0,1
F23.1,1
F23.2,1
F23.3,1
F23.4,1
F23.5,1
F23.6,1
F23.7,1
F23.8,1
F23.9,1
F25,1
F25.0,1
F25.1,1
F25.2,1
F25.3,1
F25.4,1
F25.5,1
F25.6,1
F25.7,1
F25.8,1
F25.9,1
F26,1
F26.0,1
F26.1,1
F26.2,1
F26.3,1
F26.4,1
F26.5,1
F26.6,1
F26.7,1
F26.8,1
F26.9,1
F27,1
F27.0,1
F27.1,1
F27.2,1
F27.3,1
F27.4,1
F27.5,1
F27.6,1
F27.7,1
F27.8,1
F27.9,1
F28,1
F28.0,1
F28.1,1
F28.2,1
F28.3,1
F28.4,1
F28.5,1
F28.6,1
F28.7,1
F28.8,1
F28.9,1
F29,1
F29.0,1
F29.1,1
F29.2,1
F29.3,1
F29.4,1
F29.5,1
F29.6,1
F29.7,1
F29.8,1
F29.9,1
F30,1
F30.0,1
F30.1,1
F30.2,1
F30.3,1
F30.4,1
F30.5,1
F30.6,1
F30.7,1
F30.8,1
F30.9,1
F31,1
F31.0,1
F31.1,1
F31.2,1
F31.3,1
F31.4,1
F31.5,1
F31.6,1
F31.7,1
F31.8,1
F31.9,1
F32,1
F32.0,1
F32.1,1
F32.2,1
F32.3,1
F32.4,1
F32.5,1
F32.6,1
F32.7,1
F32.8,1
F32.9,1
F33,1
F33.0,1
F33.1,1
F33.2,1
F33.3,1
F33.4,1
F33.5,1
F33.6,1
F33.7,1
F33.8,1
F33.9,1
F34,1
F34.0,1
F34.1,1
F34.2,1
F34.3,1
F34.4,1
F34.5,1
F34.6,1
F34.7,1
F34.8,1
F34.9,1
F35,1
F35.0,1
F35.1,1
F35.2,1
F35.3,1
F35.4,1
F35.5,1
F35.6,1
F35.7,1
F35.8,1
F35.9,1
F36,1
F36.0,1
F36.1,1
F36.2,1
F36.3,1
F36.4,1
F36.5,1
F36.6,1
F36.7,1
F36.8,1
F36.9,1
F37,1
F37.0,1
F37.1,1
F37.2,1
F37.3,1
F37.4,1
F37.5,1
F37.6,1
F37.7,1
F37.8,1
F37.9,1
F38,1
F38.0,1
F38.1,1
F38.2,1
F38.3,1
F38.4,1
F38.5,1
F38.6,1
F38.7,1
F38.8,1
F38.9,1
F39,1
F39.0,1
F39.1,1
F39.2,1
F39.3,1
F39.4,1
F39.5,1
F39.6,1
F39.7,1
F39.8,1
F39.9,1
F40,1
F40.0,1
F40.1,1
F40.2,1
F40.3,1
F40.4,1
F40.5,1
F40.6,1
F40.7,1
F40.8,1
F40.9,1
F41,1
F41.0,1
F41.1,1
F41.2,1
F41.3,1
F41.4,1
F41.5,1
F41.6,1
F41.7,1
F41.8,1
F41.9,1
F42,1
F42.0,1
F42.1,1
F42.2,1
F42.3,1
F42.4,1
F42.5,1
F42.6,1
F42.7,1
F42.8,1
F42.9,1
F43,1
F43.0,1
F43.1,1
F43.2,1
F43.3,1
F43.4,1
F43.5,1
F43.6,1
F43.7,1
F43.8,1
F43.9,1
F44,1
F44.0,1
F44.1,1
F44.2,1
F44.3,1
F44.4,1
F44.5,1
F44.6,1
F44.7,1
F44.8,1
F44.9,1
F45,1
F45.0,1
F45.1,1
F45.2,1
F45.3,1
F45.4,1
F45.5,1
F45.6,1
F45.7,1
F45.8,1
F45.9,1
F46,1
F46.0,1
F46.1,1
F46.2,1
F46.3,1
F46.4,1
F46.5,1
F46.6,1
F46.7,1
F46.8,1
F46.9,1
F47,1
F47.0,1
F47.1,1
F47.2,1
F47.3,1
F47.4,1
F47.5,1
F47.6,1
F47.7,1
F47.8,1
F47.9,1
F48,1
F48.0,1
F48.1,1
F48.2,1
F48.3,1
F48.4,1
F48.5,1
F48.6,1
F48.7,1
F48.8,1
F48.9,1
F49,1
F49.0,1
F49.1,1
F49.2,1
F49.3,1
F49.4,1
F49.5,1
F49.6,1
F49.7,1
F49.8,1
F49.9,1
F50,3
F50.8,3
F50.9,3
F51,1
F51.0,1
F51.1,1
F51.2,1
F51.3,1
F51.4,1
F51.5,1
F51.6,1
F51.7,1
F51.8,1
F51.9,1
F52,1
F52.0,1
F52.1,1
F52.2,1
F52.3,1
F52.4,1
F52.5,1
F52.6,1
F52.7,1
F52.8,1
F52.9,1
F53,1
F53.0,1
F53.1,1
F53.2,1
F53.3,1
F53.4,1
F53.5,1
F53.6,1
F53.7,1
F53.8,1
F53.9,1
F54,1
F54.0,1
F54.1,1
F54.2,1
F54.3,1
F54.4,1
F54.5,1
F54.6,1
F54.7,1
F54.8,1
F54.9,1
F55,1
F55.0,1
F55.1,1
F55.2,1
F55.3,1
F55.4,1
F55.5,1
F55.6,1
F55.7,1
F55.8,1
F55.9,1
F56,1
F56.0,1
F56.1,1
F56.2,1
F56.3,1
F56.4,1
F56.5,1
F56.6,1
F56.7,1
F56.8,1
F56.9,1
F57,1
F57.0,1
F57.1,1
F57.2,1
F57.3,1
F57.4,1
F57.5,1
F57.6,1
F57.7,1
F57.8,1
F57.9,1
F58,1
F58.0,1
F58.1,1
F58.2,1
F58.3,1
F58.4,1
F58.5,1
F58.6,1
F58.7,1
F58.8,1
F58.9,1
F59,1
F59.0,1
F59.1,1
F59.2,1
F59.3,1
F59.4,1
F59.5,1
F59.6,1
F59.7,1
F59.8,1
F59.9,1
F60,1
F60.0,1
F60.1,1
F60.2,1
F60.3,1
F60.4,1
F60.5,1
F60.6,1
F60.7,1
F60.8,1
F60.9,1
F61,1
F61.0,1
F61.1,1
F61.2,1
F61.3,1
F61.4,1
F61.5,1
F61.6,1
F61.7,1
F61.8,1
F61.9,1
F62,1
F62.0,1
F62.1,1
F62.2,1
F62.3,1
F62.4,1
F62.5,1
F62.6,1
F62.7,1
F62.8,1
F62.9,1
F63,1
F63.0,1
F63.1,1
F63.2,1
F63.3,1
F63.4,1
F63.5,1
F63.6,1
F63.7,1
F63.8,1
F63.9,1
F64,1
F64.0,1
F64.1,1
F64.2,1
F64.3,1
F64.4,1
F64.5,1
F64.6,1
F64.7,1
F64.8,1
F64.9,1
F65,1
F65.0,1
F65.1,1
F65.2,1
F65.3,1
F65.4,1
F65.5,1
F65.6,1
F65.7,1
F65.8,1
F65.9,1
F66,1
F66.0,1
F66.1,1
F66.2,1
F66.3,1
F66.4,1
F66.5,1
F66.6,1
F66.7,1
F66.8,1
F66.9,1
F67,1
F67.0,1
F67.1,1
F67.2,1
F67.3,1
F67.4,1
F67.5,1
F67.6,1
F67.7,1
F67.8,1
F67.9,1
F68,1
F68.0,1
F68.1,1
F68.2,1
F68.3,1
F68.4,1
F68.5,1
F68.6,1
F68.7,1
F68.8,1
F68.9,1
F69,1
F69.0,1
F69.1,1
F69.2,1
F69.3,1
F69.4,1
F69.5,1
F69.6,1
F69.7,1
F69.8,1
F69.9,1
F70,1
F70.0,1
F70.1,1
F70.2,1
F70.3,1
F70.4,1
F70.5,1
F70.6,1
F70.7,1
F70.8,1
F70.9,1
F71,1
F71.0,1
F71.1,1
F71.2,1
F71.3,1
F71.4,1
F71.5,1
F71.6,1
F71.7,1
F71.8,1
F71.9,1
F72,1
F72.0,1
F72.1,1
F72.2,1
F72.3,1
F72.4,1
F72.5,1
F72.6,1
F72.7,1
F72.8,1
F72.9,1
F73,1
F73.0,1
F73.1,1
F73.2,1
F73.3,1
F73.4,1
F73.5,1
F73.6,1
F73.7,1
F73.8,1
F73.9,1
F74,1
F74.0,1
F74.1,1
F74.2,1
F74.3,1
F74.4,1
F74.5,1
F74.6,1
F74.7,1
F74.8,1
F74.9,1
F75,1
F75.0,1
F75.1,1
F75.2,1
F75.3,1
F75.4,1
F75.5,1
F75.6,1
F75.7,1
F75.8,1
F75.9,1
F76,1
F76.0,1
F76.1,1
F76.2,1
F76.3,1
F76.4,1
F76.5,1
F76.6,1
F76.7,1
F76.8,1
F76.9,1
F77,1
F77.0,1
F77.1,1
F77.2,1
F77.3,1
F77.4,1
F77.5,1
F77.6,1
F77.7,1
F77.8,1
F77.9,1
F78,1
F78.0,1
F78.1,1
F78.2,1
F78.3,1
F78.4,1
F78.5,1
F78.6,1
F78.7,1
F78.8,1
F78.9,1
F79,1
F79.0,1
F79.1,1
F79.2,1
F79.3,1
F79.4,1
F79.5,1
F79.6,1
F79.7,1
F79.8,1
F79.9,1
F80,1
F80.0,1
F80.1,1
F80.2,1
F80.3,1
F80.4,1
F80.5,1
F80.6,1
F80.7,1
F80.8,1
F80.9,1
F81,1
F81.0,1
F81.1,1
F81.2,1
F81.3,1
F81.4,1
F81.5,1
F81.6,1
F81.7,1
F81.8,1
F81.9,1
F82,1
F82.0,1
F82.1,1
F82.2,1
F82.3,1
F82.4,1
F82.5,1
F82.6,1
F82.7,1
F82.8,1
F82.9,1
F83,1
F83.0,1
F83.1,1
F83.2,1
F83.3,1
F83.4,1
F83.5,1
F83.6,1
F83.7,1
F83.8,1
F83.9,1
F84,1
F84.0,1
F84.1,1
F84.2,1
F84.3,1
F84.4,1
F84.5,1
F84.6,1
F84.7,1
F84.8,1
F84.9,1
F85,1
F85.0,1
F85.1,1
F85.2,1
F85.3,1
F85.4,1
F85.5,1
F85.6,1
F85.7,1
F85.8,1
F85.9,1
F86,1
F86.0,1
F86.1,1
F86.2,1
F86.3,1
F86.4,1
F86.5,1
F86.6,1
F86.7,1
F86.8,1
F86.9,1
F87,1
F87.0,1
F87.1,1
F87.2,1
F87.3,1
F87.4,1
F87.5,1
F87.6,1
F87.7,1
F87.8,1
F87.9,1
F88,1
F88.0,1
F88.1,1
F88.2,1
F88.3,1
F88.4,1
F88.5,1
F88.6,1
F88.7,1
F88.8,1
F88.9,1
F89,1
F89.0,1
F89.1,1
F89.2,1
F89.3,1
F89.4,1
F89.5,1
F89.6,1
F89.7,1
F89.8,1
F89.9,1
F90,1
F90.0,1
F90.1,1
F90.2,1
F90.3,1
F90.4,1
F90.5,1
F90.6,1
F90.7,1
F90.8,1
F90.9,1
F91,1
F91.0,1
F91.1,1
F91.2,1
F91.3,1
F91.4,1
F91.5,1
F91.6,1
F91.7,1
F91.8,1
F91.9,1
F92,1
F92.0,1
F92.1,1
F92.2,1
F92.3,1
F92.4,1
F92.5,1
F92.6,1
F92.7,1
F92.8,1
F92.9,1
F93,1
F93.0,1
F93.1,1
F93.2,1
F93.3,1
F93.4,1
F93.5,1
F93.6,1
F93.7,1
F93.8,1
F93.9,1
F94,1
F94.0,1
F94.1,1
F94.2,1
F94.3,1
F94.4,1
F94.5,1
F94.6,1
F94.7,1
F94.8,1
F94.9,1
F95,1
F95.0,1
F95.1,1
F95.2,1
F95.3,1
F95.4,1
F95.5,1
F95.6,1
F95.7,1
F95.8,1
F95.9,1
F96,1
F96.0,1
F96.1,1
F96.2,1
F96.3,1
F96.4,1
F96.5,1
F96.6,1
F96.7,1
F96.8,1
F96.9,1
F97,1
F97.0,1
F97.1,1
F97.2,1
F97.3,1
F97.4,1
F97.5,1
F97.6,1
F97.7,1
F97.8,1
F97.9,1
F98,1
F98.0,1
F98.1,1
F98.2,1
F98.3,1
F98.4,1
F98.5,1
F98.6,1
F98.7,1
F98.8,1
F98.9,1
F99,1
F99.0,1
G00,4
G00.9,4
G01,4
G01.0,4
G01.1,4
G01.2,4
G01.3,4
G01.4,4
G01.5,4
G01.6,4
G01.7,4
G01.8,4
G01.9,4
G02,4
G02.0,4
G02.1,4
G02.2,4
G02.3,4
G02.4,4
G02.5,4
G02.6,4
G02.7,4
G02.8,4
G03.9,4
G06,1
G06.0,1
G06.1,1
G06.2,1
G06.3,1
G06.4,1
G06.5,1
G06.6,1
G06.7,1
G06.8,1
G06.9,1
G07,1
G07.0,1
G07.1,1
G07.2,1
G07.3,1
G07.4,1
G07.5,1
G07.6,1
G07.7,1
G07.8,1
G07.9,1
G08,1
G08.0,1
G09,3
G09.0,3
G09.1,3
G09.2,3
G09.3,3
G09.4,3
G09.5,3
G09.6,3
G09.7,3
G09.8,3
G09.9,3
G15,3
G15.0,3
G15.1,3
G15.2,3
G15.3,3
G15.4,3
G15.5,3
G15.6,3
G15.7,3
G15.8,3
G15.9,3
G16,3
G16.0,3
G16.1,3
G16.2,3
G16.3,3
G16.4,3
G16.5,3
G16.6,3
G16.7,3
G16.8,3
G16.9,3
G17,3
G17.0,3
G17.1,3
G17.2,3
G17.3,3
G17.4,3
G17.5,3
G17.6,3
G17.7,3
G17.8,3
G17.9,3
G18,3
G18.0,3
G18.1,3
G18.2,3
G18.3,3
G18.4,3
G18.5,3
G18.6,3
G18.7,3
G18.8,3
G18.9,3
G19,3
G19.0,3
G19.1,3
G19.2,3
G19.3,3
G19.4,3
G19.5,3
G19.6,3
G19.7,3
G19.8,3
G19.9,3
G21,3
G21.2,3
G21.4,3
G21.5,3
G21.6,3
G21.7,3
G21.8,3
G21.9,3
G22,3
G22.0,3
G27,3
G27.0,3
G27.1,3
G27.2,3
G27.3,3
G27.4,3
G27.5,3
G27.6,3
G27.7,3
G27.8,3
G27.9,3
G28,3
G28.0,3
G28.1,3
G28.2,3
G28.3,3
G28.4,3
G28.5,3
G28.6,3
G28.7,3
G28.8,3
G28.9,3
G29,3
G29.0,3
G29.1,3
G29.2,3
G29.3,3
G29.4,3
G29.5,3
G29.6,3
G29.7,3
G29.8,3
G29.9,3
G32,1
G32.0,1
G32.1,1
G32.2,1
G32.3,1
G32.4,1
G32.5,1
G32.6,1
G32.7,1
G32.8,1
G33,3
G33.0,3
G33.1,3
G33.2,3
G33.3,3
G33.4,3
G33.5,3
G33.6,3
G33.7,3
G33.8,3
G33.9,3
G34,3
G34.0,3
G34.1,3
G34.2,3
G34.3,3
G34.4,3
G34.5,3
G34.6,3
G34.7,3
G34.8,3
G34.9,3
G38,3
G38.0,3
G38.1,3
G38.2,3
G38.3,3
G38.4,3
G38.5,3
G38.6,3
G38.7,3
G38.8,3
G38.9,3
G39,3
G39.0,3
G39.1,3
G39.2,3
G39.3,3
G39.4,3
G39.5,3
G39.6,3
G39.7,3
G39.8,3
G39.9,3
G42,3
G43,1
G43.0,1
G43.1,1
G43.2,1
G43.3,1
G43.4,1
G43.5,1
G43.6,1
G43.7,1
G43.8,1
G43.9,1
G44,1
G44.0,1
G44.1,1
G44.2,1
G44.3,2
G44.4,1
G44.5,1
G44.6,1
G44.7,1
G44.8,1
G47,1
G47.0,1
G47.1,1
G47.2,1
G47.4,1
G47.5,1
G47.6,1
G47.7,1
G47.8,1
G47.9,1
G48,3
G48.0,3
G48.1,3
G48.2,3
G48.3,3
G48.4,3
G48.5,3
G48.6,3
G48.7,3
G48.8,3
G48.9,3
G49,3
G49.0,3
G49.1,3
G49.2,3
G49.3,3
G49.4,3
G49.5,3
G49.6,3
G49.7,3
G49.8,3
G49.9,3
G50,1
G50.0,1
G50.1,1
G50.2,1
G50.3,1
G50.4,1
G50.5,1
G50.6,1
G50.7,1
G50.8,1
G50.9,1
G51,1
G51.0,1
G51.1,1
G51.2,1
G51.3,1
G51.4,1
G51.5,1
G51.6,1
G51.7,1
G51.8,1
G51.9,1
G52,1
G52.0,1
G52.1,1
G52.2,1
G52.3,1
G52.4,1
G52.5,1
G52.6,1
G52.7,1
G52.8,1
G52.9,1
G53,1
G53.0,1
G53.1,1
G53.2,1
G53.3,1
G53.4,1
G53.5,1
G53.6,1
G53.7,1
G53.8,1
G53.9,1
G54,1
G54.0,1
G54.1,1
G54.2,1
G54.3,1
G54.4,1
G54.5,1
G54.6,1
G54.7,1
G54.8,1
G54.9,1
G55,1
G55.0,1
G55.1,1
G55.2,1
G55.3,1
G55.4,1
G55.5,1
G55.6,1
G55.7,1
G55.8,1
G55.9,1
G56,1
G56.0,1
G56.1,1
G56.2,1
G56.3,1
G56.4,1
G56.5,1
G56.6,1
G56.7,1
G56.8,1
G56.9,1
G57,1
G57.0,1
G57.1,1
G57.2,1
G57.3,1
G57.4,1
G57.5,1
G57.6,1
G57.7,1
G57.8,1
G57.9,1
G58,1
G58.0,1
G58.1,1
G58.2,1
G58.3,1
G58.4,1
G58.5,1
G58.6,1
G58.7,1
G58.8,1
G58.9,1
G59,1
G59.0,1
G59.1,1
G59.2,1
G59.3,1
G59.4,1
G59.5,1
G59.6,1
G59.7,1
G59.8,1
G59.9,1
G60,1
G60.0,1
G60.1,1
G60.2,1
G60.3,1
G60.4,1
G60.5,1
G60.6,1
G60.7,1
G60.8,1
G60.9,1
G62,1
G62.0,1
G62.2,1
G62.3,1
G62.4,1
G62.5,1
G62.6,1
G62.7,1
G62.8,1
G62.9,1
G63,1
G63.0,1
G63.1,1
G63.2,1
G63.3,1
G63.4,1
G63.5,1
G63.6,1
G63.7,1
G63.8,1
G63.9,1
G64,1
G64.0,1
G64.1,1
G64.2,1
G64.3,1
G64.4,1
G64.5,1
G64.6,1
G64.7,1
G64.8,1
G64.9,1
G65,1
G65.0,1
G65.1,1
G65.2,1
G66,3
G66.0,3
G66.1,3
G66.2,3
G66.3,3
G66.4,3
G66.5,3
G66.6,3
G66.7,3
G66.8,3
G66.9,3
G67,3
G67.0,3
G67.1,3
G67.2,3
G67.3,3
G67.4,3
G67.5,3
G67.6,3
G67.7,3
G67.8,3
G67.9,3
G68,3
G68.0,3
G68.1,3
G68.2,3
G68.3,3
G68.4,3
G68.5,3
G68.6,3
G68.7,3
G68.8,3
G68.9,3
G69,3
G69.0,3
G69.1,3
G69.2,3
G69.3,3
G69.4,3
G69.5,3
G69.6,3
G69.7,3
G69.8,3
G69.9,3
G74,3
G74.0,3
G74.1,3
G74.2,3
G74.3,3
G74.4,3
G74.5,3
G74.6,3
G74.7,3
G74.8,3
G74.9,3
G75,3
G75.0,3
G75.1,3
G75.2,3
G75.3,3
G75.4,3
G75.5,3
G75.6,3
G75.7,3
G75.8,3
G75.9,3
G76,3
G76.0,3
G76.1,3
G76.2,3
G76.3,3
G76.4,3
G76.5,3
G76.6,3
G76.7,3
G76.8,3
G76.9,3
G77,3
G77.0,3
G77.1,3
G77.2,3
G77.3,3
G77.4,3
G77.5,3
G77.6,3
G77.7,3
G77.8,3
G77.9,3
G78,3
G78.0,3
G78.1,3
G78.2,3
G78.3,3
G78.4,3
G78.5,3
G78.6,3
G78.7,3
G78.8,3
G78.9,3
G79,3
G79.0,3
G79.1,3
G79.2,3
G79.3,3
G79.4,3
G79.5,3
G79.6,3
G79.7,3
G79.8,3
G79.9,3
G80,1
G80.0,1
G80.1,1
G80.2,1
G80.3,1
G80.4,1
G80.5,1
G80.6,1
G80.7,1
G80.8,1
G80.9,1
G81,1
G81.0,1
G81.1,1
G81.2,1
G81.3,1
G81.4,1
G81.5,1
G81.6,1
G81.7,1
G81.8,1
G81.9,1
G82,1
G82.0,1
G82.1,1
G82.2,1
G82.3,1
G82.4,1
G82.5,1
G82.6,1
G82.7,1
G82.8,1
G82.9,1
G83,1
G83.0,1
G83.1,1
G83.2,1
G83.3,1
G83.4,1
G83.5,1
G83.6,1
G83.7,1
G83.8,1
G83.9,1
G84,3
G84.0,3
G84.1,3
G84.2,3
G84.3,3
G84.4,3
G84.5,3
G84.6,3
G84.7,3
G84.8,3
G84.9,3
G85,3
G85.0,3
G85.1,3
G85.2,3
G85.3,3
G85.4,3
G85.5,3
G85.6,3
G85.7,3
G85.8,3
G85.9,3
G86,3
G86.0,3
G86.1,3
G86.2,3
G86.3,3
G86.4,3
G86.5,3
G86.6,3
G86.7,3
G86.8,3
G86.9,3
G87,3
G87.0,3
G87.1,3
G87.2,3
G87.3,3
G87.4,3
G87.5,3
G87.6,3
G87.7,3
G87.8,3
G87.9,3
G88,3
G88.0,3
G88.1,3
G88.2,3
G88.3,3
G88.4,3
G88.5,3
G88.6,3
G88.7,3
G88.8,3
G88.9,3
G89,1
G89.0,1
G89.1,1
G89.2,1
G89.3,1
G89.4,1
G91,1
G91.0,1
G91.1,1
G91.2,1
G91.3,2
G91.4,1
G91.5,1
G91.6,1
G91.7,1
G91.8,1
G91.9,1
G92,1
G92.0,1
G92.1,1
G92.2,1
G92.3,1
G92.4,1
G92.5,1
G92.6,1
G92.7,1
G92.8,1
G92.9,1
G93,1
G93,3
G93.0,1
G93.0,2
G93.1,1
G93.2,1
G93.3,1
G93.3,2
G93.4,1
G93.5,1
G93.6,1
G93.7,1
G93.8,3
G93.8,1
G93.9,1
G93.9,3
G94,3
G94,1
G94.0,3
G94.0,1
G94.1,3
G94.1,1
G94.2,3
G94.2,1
G94.3,3
G94.3,1
G94.4,3
G94.4,1
G94.5,1
G94.5,3
G94.6,3
G94.6,1
G94.7,3
G94.7,1
G94.8,1
G94.8,3
G94.9,3
G96,3
G96.0,3
G96.1,3
G96.2,3
G96.3,3
G96.4,3
G96.5,3
G96.6,3
G96.7,3
G96.8,3
G96.9,3
G98,3
G98.0,3
G98.1,3
G98.2,3
G98.3,3
G98.4,3
G98.5,3
G98.6,3
G98.7,3
G98.8,3
G98.9,3
G99,1
G99.0,1
G99.1,1
G99.2,1
G99.3,1
G99.4,1
G99.5,1
G99.6,1
G99.7,1
G99.8,1
H00,1
H00.0,1
H00.1,1
H00.2,1
H00.3,1
H00.4,1
H00.5,1
H00.6,1
H00.7,1
H00.8,1
H00.9,1
H01,1
H01.0,1
H01.1,1
H01.2,1
H01.3,1
H01.4,1
H01.5,1
H01.6,1
H01.7,1
H01.8,1
H01.9,1
H02,1
H02.0,1
H02.1,1
H02.2,1
H02.3,1
H02.4,1
H02.5,1
H02.6,1
H02.7,1
H02.8,1
H02.9,1
H03,1
H03.0,1
H03.1,1
H03.2,1
H03.3,1
H03.4,1
H03.5,1
H03.6,1
H03.7,1
H03.8,1
H03.9,1
H04,1
H04.0,1
H04.1,1
H04.2,1
H04.3,1
H04.4,1
H04.5,1
H04.6,1
H04.7,1
H04.8,1
H04.9,1
H05,1
H05.0,1
H05.1,1
H05.2,1
H05.3,1
H05.4,1
H05.5,1
H05.6,1
H05.7,1
H05.8,1
H05.9,1
H06,1
H06.0,1
H06.1,1
H06.2,1
H06.3,1
H06.4,1
H06.5,1
H06.6,1
H06.7,1
H06.8,1
H06.9,1
H07,1
H07.0,1
H07.1,1
H07.2,1
H07.3,1
H07.4,1
H07.5,1
H07.6,1
H07.7,1
H07.8,1
H07.9,1
H08,1
H08.0,1
H08.1,1
H08.2,1
H08.3,1
H08.4,1
H08.5,1
H08.6,1
H08.7,1
H08.8,1
H08.9,1
H09,1
H09.0,1
H09.1,1
H09.2,1
H09.3,1
H09.4,1
H09.5,1
H09.6,1
H09.7,1
H09.8,1
H09.9,1
H10,1
H10.0,1
H10.1,1
H10.2,1
H10.3,1
H10.4,1
H10.5,1
H10.6,1
H10.7,1
H10.8,1
H10.9,1
H11,1
H11.0,1
H11.1,1
H11.2,1
H11.3,1
H11.4,1
H11.5,1
H11.6,1
H11.7,1
H11.8,1
H11.9,1
H12,1
H12.0,1
H12.1,1
H12.2,1
H12.3,1
H12.4,1
H12.5,1
H12.6,1
H12.7,1
H12.8,1
H12.9,1
H13,1
H13.0,1
H13.1,1
H13.2,1
H13.3,1
H13.4,1
H13.5,1
H13.6,1
H13.7,1
H13.8,1
H13.9,1
H14,1
H14.0,1
H14.1,1
H14.2,1
H14.3,1
H14.4,1
H14.5,1
H14.6,1
H14.7,1
H14.8,1
H14.9,1
H15,1
H15.0,1
H15.1,1
H15.2,1
H15.3,1
H15.4,1
H15.5,1
H15.6,1
H15.7,1
H15.8,1
H15.9,1
H16,1
H16.0,1
H16.1,1
H16.2,1
H16.3,1
H16.4,1
H16.5,1
H16.6,1
H16.7,1
H16.8,1
H16.9,1
H17,1
H17.0,1
H17.1,1
H17.2,1
H17.3,1
H17.4,1
H17.5,1
H17.6,1
H17.7,1
H17.8,1
H17.9,1
H18,1
H18.0,1
H18.1,1
H18.2,1
H18.3,1
H18.4,1
H18.5,1
H18.6,1
H18.7,1
H18.8,1
H18.9,1
H19,1
H19.0,1
H19.1,1
H19.2,1
H19.3,1
H19.4,1
H19.5,1
H19.6,1
H19.7,1
H19.8,1
H19.9,1
H20,1
H20.0,1
H20.1,1
H20.2,1
H20.3,1
H20.4,1
H20.5,1
H20.6,1
H20.7,1
H20.8,1
H20.9,1
H21,1
H21.0,1
H21.1,1
H21.2,1
H21.3,1
H21.4,1
H21.5,1
H21.6,1
H21.7,1
H21.8,1
H21.9,1
H22,1
H22.0,1
H22.1,1
H22.2,1
H22.3,1
H22.4,1
H22.5,1
H22.6,1
H22.7,1
H22.8,1
H22.9,1
H23,1
H23.0,1
H23.1,1
H23.2,1
H23.3,1
H23.4,1
H23.5,1
H23.6,1
H23.7,1
H23.8,1
H23.9,1
H24,1
H24.0,1
H24.1,1
H24.2,1
H24.3,1
H24.4,1
H24.5,1
H24.6,1
H24.7,1
H24.8,1
H24.9,1
H25,1
H25.0,1
H25.1,1
H25.2,1
H25.3,1
H25.4,1
H25.5,1
H25.6,1
H25.7,1
H25.8,1
H25.9,1
H26,1
H26.0,1
H26.1,1
H26.2,1
H26.3,1
H26.4,1
H26.5,1
H26.6,1
H26.7,1
H26.8,1
H26.9,1
H27,1
H27.0,1
H27.1,1
H27.2,1
H27.3,1
H27.4,1
H27.5,1
H27.6,1
H27.7,1
H27.8,1
H27.9,1
H28,1
H28.0,1
H28.1,1
H28.2,1
H28.3,1
H28.4,1
H28.5,1
H28.6,1
H28.7,1
H28.8,1
H28.9,1
H29,1
H29.0,1
H29.1,1
H29.2,1
H29.3,1
H29.4,1
H29.5,1
H29.6,1
H29.7,1
H29.8,1
H29.9,1
H30,1
H30.0,1
H30.1,1
H30.2,1
H30.3,1
H30.4,1
H30.5,1
H30.6,1
H30.7,1
H30.8,1
H30.9,1
H31,1
H31.0,1
H31.1,1
H31.2,1
H31.3,1
H31.4,1
H31.5,1
H31.6,1
H31.7,1
H31.8,1
H31.9,1
H32,1
H32.0,1
H32.1,1
H32.2,1
H32.3,1
H32.4,1
H32.5,1
H32.6,1
H32.7,1
H32.8,1
H32.9,1
H33,1
H33.0,1
H33.1,1
H33.2,1
H33.3,1
H33.4,1
H33.5,1
H33.6,1
H33.7,1
H33.8,1
H33.9,1
H34,1
H34.0,1
H34.1,1
H34.2,1
H34.3,1
H34.4,1
H34.5,1
H34.6,1
H34.7,1
H34.8,1
H34.9,1
H35,1
H35.0,1
H35.1,1
H35.2,1
H35.3,1
H35.4,1
H35.5,1
H35.6,1
H35.7,1
H35.8,1
H35.9,1
H36,1
H36.0,1
H36.1,1
H36.2,1
H36.3,1
H36.4,1
H36.5,1
H36.6,1
H36.7,1
H36.8,1
H36.9,1
H37,1
H37.0,1
H37.1,1
H37.2,1
H37.3,1
H37.4,1
H37.5,1
H37.6,1
H37.7,1
H37.8,1
H37.9,1
H38,1
H38.0,1
H38.1,1
H38.2,1
H38.3,1
H38.4,1
H38.5,1
H38.6,1
H38.7,1
H38.8,1
H38.9,1
H39,1
H39.0,1
H39.1,1
H39.2,1
H39.3,1
H39.4,1
H39.5,1
H39.6,1
H39.7,1
H39.8,1
H39.9,1
H40,1
H40.0,1
H40.1,1
H40.2,1
H40.3,1
H40.4,1
H40.5,1
H40.6,1
H40.7,1
H40.8,1
H40.9,1
H41,1
H41.0,1
H41.1,1
H41.2,1
H41.3,1
H41.4,1
H41.5,1
H41.6,1
H41.7,1
H41.8,1
H41.9,1
H42,1
H42.0,1
H42.1,1
H42.2,1
H42.3,1
H42.4,1
H42.5,1
H42.6,1
H42.7,1
H42.8,1
H42.9,1
H43,1
H43.0,1
H43.1,1
H43.2,1
H43.3,1
H43.4,1
H43.5,1
H43.6,1
H43.7,1
H43.8,1
H43.9,1
H44,1
H44.0,1
H44.1,1
H44.2,1
H44.3,1
H44.4,1
H44.5,1
H44.6,1
H44.7,1
H44.8,1
H44.9,1
H45,1
H45.0,1
H45.1,1
H45.2,1
H45.3,1
H45.4,1
H45.5,1
H45.6,1
H45.7,1
H45.8,1
H45.9,1
H46,1
H46.0,1
H46.1,1
H46.2,1
H46.3,1
H46.4,1
H46.5,1
H46.6,1
H46.7,1
H46.8,1
H46.9,1
H47,1
H47.0,1
H47.1,1
H47.2,1
H47.3,1
H47.4,1
H47.5,1
H47.6,1
H47.7,1
H47.8,1
H47.9,1
H48,1
H48.0,1
H48.1,1
H48.2,1
H48.3,1
H48.4,1
H48.5,1
H48.6,1
H48.7,1
H48.8,1
H48.9,1
H49,1
H49.0,1
H49.1,1
H49.2,1
H49.3,1
H49.4,1
H49.5,1
H49.6,1
H49.7,1
H49.8,1
H49.9,1
H50,1
H50.0,1
H50.1,1
H50.2,1
H50.3,1
H50.4,1
H50.5,1
H50.6,1
H50.7,1
H50.8,1
H50.9,1
H51,1
H51.0,1
H51.1,1
H51.2,1
H51.3,1
H51.4,1
H51.5,1
H51.6,1
H51.7,1
H51.8,1
H51.9,1
H52,1
H52.0,1
H52.1,1
H52.2,1
H52.3,1
H52.4,1
H52.5,1
H52.6,1
H52.7,1
H52.8,1
H52.9,1
H53,1
H53.0,1
H53.1,1
H53.2,1
H53.3,1
H53.4,1
H53.5,1
H53.6,1
H53.7,1
H53.8,1
H53.9,1
H54,1
H54.0,1
H54.1,1
H54.2,1
H54.3,1
H54.4,1
H54.5,1
H54.6,1
H54.7,1
H54.8,1
H54.9,1
H55,1
H55.0,1
H55.1,1
H55.2,1
H55.3,1
H55.4,1
H55.5,1
H55.6,1
H55.7,1
H55.8,1
H55.9,1
H56,1
H56.0,1
H56.1,1
H56.2,1
H56.3,1
H56.4,1
H56.5,1
H56.6,1
H56.7,1
H56.8,1
H56.9,1
H57,1
H57.0,1
H57.1,1
H57.2,1
H57.3,1
H57.4,1
H57.5,1
H57.6,1
H57.7,1
H57.8,1
H57.9,1
H58,1
H58.0,1
H58.1,1
H58.2,1
H58.3,1
H58.4,1
H58.5,1
H58.6,1
H58.7,1
H58.8,1
H58.9,1
H59,1
H59.0,1
H59.1,1
H59.2,1
H59.3,1
H59.4,1
H59.5,1
H59.6,1
H59.7,1
H59.8,1
H59.9,1
H60,1
H60.0,1
H60.1,1
H60.2,1
H60.3,1
H60.4,1
H60.5,1
H60.6,1
H60.7,1
H60.8,1
H60.9,1
H61,1
H61.0,1
H61.1,1
H61.2,1
H61.3,1
H61.4,1
H61.5,1
H61.6,1
H61.7,1
H61.8,1
H61.9,1
H62,1
H62.0,1
H62.1,1
H62.2,1
H62.3,1
H62.4,1
H62.5,1
H62.6,1
H62.7,1
H62.8,1
H62.9,1
H63,1
H63.0,1
H63.1,1
H63.2,1
H63.3,1
H63.4,1
H63.5,1
H63.6,1
H63.7,1
H63.8,1
H63.9,1
H64,1
H64.0,1
H64.1,1
H64.2,1
H64.3,1
H64.4,1
H64.5,1
H64.6,1
H64.7,1
H64.8,1
H64.9,1
H65,1
H65.0,1
H65.1,1
H65.2,1
H65.3,1
H65.4,1
H65.5,1
H65.6,1
H65.7,1
H65.8,1
H65.9,1
H66,1
H66.0,1
H66.1,1
H66.2,1
H66.3,1
H66.4,1
H66.5,1
H66.6,1
H66.7,1
H66.8,1
H66.9,1
H67,1
H67.0,1
H67.1,1
H67.2,1
H67.3,1
H67.4,1
H67.5,1
H67.6,1
H67.7,1
H67.8,1
H67.9,1
H68,1
H68.0,1
H68.1,1
H68.2,1
H68.3,1
H68.4,1
H68.5,1
H68.6,1
H68.7,1
H68.8,1
H68.9,1
H69,1
H69.0,1
H69.1,1
H69.2,1
H69.3,1
H69.4,1
H69.5,1
H69.6,1
H69.7,1
H69.8,1
H69.9,1
H71,1
H71.0,1
H71.1,1
H71.2,1
H71.3,1
H71.4,1
H71.5,1
H71.6,1
H71.7,1
H71.8,1
H71.9,1
H72,1
H72.0,1
H72.1,1
H72.2,1
H72.3,1
H72.4,1
H72.5,1
H72.6,1
H72.7,1
H72.8,1
H72.9,1
H73,1
H73.0,1
H73.1,1
H73.2,1
H73.3,1
H73.4,1
H73.5,1
H73.6,1
H73.7,1
H73.8,1
H73.9,1
H74,1
H74.0,1
H74.1,1
H74.2,1
H74.3,1
H74.4,1
H74.5,1
H74.6,1
H74.7,1
H74.8,1
H74.9,1
H75,1
H75.0,1
H75.1,1
H75.2,1
H75.3,1
H75.4,1
H75.5,1
H75.6,1
H75.7,1
H75.8,1
H75.9,1
H76,1
H76.0,1
H76.1,1
H76.2,1
H76.3,1
H76.4,1
H76.5,1
H76.6,1
H76.7,1
H76.8,1
H76.9,1
H77,1
H77.0,1
H77.1,1
H77.2,1
H77.3,1
H77.4,1
H77.5,1
H77.6,1
H77.7,1
H77.8,1
H77.9,1
H78,1
H78.0,1
H78.1,1
H78.2,1
H78.3,1
H78.4,1
H78.5,1
H78.6,1
H78.7,1
H78.8,1
H78.9,1
H79,1
H79.0,1
H79.1,1
H79.2,1
H79.3,1
H79.4,1
H79.5,1
H79.6,1
H79.7,1
H79.8,1
H79.9,1
H80,1
H80.0,1
H80.1,1
H80.2,1
H80.3,1
H80.4,1
H80.5,1
H80.6,1
H80.7,1
H80.8,1
H80.9,1
H81,1
H81.0,1
H81.1,1
H81.2,1
H81.3,1
H81.4,1
H81.5,1
H81.6,1
H81.7,1
H81.8,1
H81.9,1
H82,1
H82.0,1
H82.1,1
H82.2,1
H82.3,1
H82.4,1
H82.5,1
H82.6,1
H82.7,1
H82.8,1
H82.9,1
H83,1
H83.0,1
H83.1,1
H83.2,1
H83.3,1
H83.4,1
H83.5,1
H83.6,1
H83.7,1
H83.8,1
H83.9,1
H84,1
H84.0,1
H84.1,1
H84.2,1
H84.3,1
H84.4,1
H84.5,1
H84.6,1
H84.7,1
H84.8,1
H84.9,1
H85,1
H85.0,1
H85.1,1
H85.2,1
H85.3,1
H85.4,1
H85.5,1
H85.6,1
H85.7,1
H85.8,1
H85.9,1
H86,1
H86.0,1
H86.1,1
H86.2,1
H86.3,1
H86.4,1
H86.5,1
H86.6,1
H86.7,1
H86.8,1
H86.9,1
H87,1
H87.0,1
H87.1,1
H87.2,1
H87.3,1
H87.4,1
H87.5,1
H87.6,1
H87.7,1
H87.8,1
H87.9,1
H88,1
H88.0,1
H88.1,1
H88.2,1
H88.3,1
H88.4,1
H88.5,1
H88.6,1
H88.7,1
H88.8,1
H88.9,1
H89,1
H89.0,1
H89.1,1
H89.2,1
H89.3,1
H89.4,1
H89.5,1
H89.6,1
H89.7,1
H89.8,1
H89.9,1
H90,1
H90.0,1
H90.1,1
H90.2,1
H90.3,1
H90.4,1
H90.5,1
H90.6,1
H90.7,1
H90.8,1
H90.9,1
H91,1
H91.0,1
H91.1,1
H91.2,1
H91.3,1
H91.4,1
H91.5,1
H91.6,1
H91.7,1
H91.8,1
H91.9,1
H92,1
H92.0,1
H92.1,1
H92.2,1
H92.3,1
H92.4,1
H92.5,1
H92.6,1
H92.7,1
H92.8,1
H92.9,1
H93,1
H93.0,1
H93.1,1
H93.2,1
H93.3,1
H93.4,1
H93.5,1
H93.6,1
H93.7,1
H93.8,1
H93.9,1
H94,1
H94.0,1
H94.1,1
H94.2,1
H94.3,1
H94.4,1
H94.5,1
H94.6,1
H94.7,1
H94.8,1
H94.9,1
H95,1
H95.0,1
H95.1,1
H95.2,1
H95.3,1
H95.4,1
H95.5,1
H95.6,1
H95.7,1
H95.8,1
H95.9,1
H96,1
H96.0,1
H96.1,1
H96.2,1
H96.3,1
H96.4,1
H96.5,1
H96.6,1
H96.7,1
H96.8,1
H96.9,1
H97,1
H97.0,1
H97.1,1
H97.2,1
H97.3,1
H97.4,1
H97.5,1
H97.6,1
H97.7,1
H97.8,1
H97.9,1
H98,1
H98.0,1
H98.1,1
H98.2,1
H98.3,1
H98.4,1
H98.5,1
H98.6,1
H98.7,1
H98.8,1
H98.9,1
H99,1
H99.0,1
H99.1,1
H99.2,1
H99.3,1
H99.4,1
H99.5,1
H99.6,1
H99.7,1
H99.8,1
H99.9,1
I00.0,3
I03,3
I03.0,3
I03.1,3
I03.2,3
I03.3,3
I03.4,3
I03.5,3
I03.6,3
I03.7,3
I03.8,3
I03.9,3
I04,3
I04.0,3
I04.1,3
I04.2,3
I04.3,3
I04.4,3
I04.5,3
I04.6,3
I04.7,3
I04.8,3
I04.9,3
I10,2
I10.0,2
I10.1,2
I10.2,2
I10.3,2
I10.4,2
I10.5,2
I10.6,2
I10.7,2
I10.8,2
I10.9,2
I14,3
I14.0,3
I14.1,3
I14.2,3
I14.3,3
I14.4,3
I14.5,3
I14.6,3
I14.7,3
I14.8,3
I14.9,3
I15,2
I15.0,2
I15.1,2
I15.2,2
I15.3,2
I15.4,2
I15.5,2
I15.6,2
I15.7,2
I15.8,2
I15.9,2
I16,3
I16.0,3
I16.1,3
I16.2,3
I16.3,3
I16.4,3
I16.5,3
I16.6,3
I16.7,3
I16.8,3
I16.9,3
I17,3
I17.0,3
I17.1,3
I17.2,3
I17.3,3
I17.4,3
I17.5,3
I17.6,3
I17.7,3
I17.8,3
I17.9,3
I18,3
I18.0,3
I18.1,3
I18.2,3
I18.3,3
I18.4,3
I18.5,3
I18.6,3
I18.7,3
I18.8,3
I18.9,3
I19,3
I19.0,3
I19.1,3
I19.2,3
I19.3,3
I19.4,3
I19.5,3
I19.6,3
I19.7,3
I19.8,3
I19.9,3
I26,1
I26.0,1
I26.1,1
I26.2,1
I26.3,1
I26.4,1
I26.5,1
I26.6,1
I26.7,1
I26.8,1
I26.9,1
I27,2
I27.8,2
I27.9,2
I29,3
I29.0,3
I29.1,3
I29.2,3
I29.3,3
I29.4,3
I29.5,3
I29.6,3
I29.7,3
I29.8,3
I29.9,3
I31,1
I31.2,1
I31.3,1
I31.4,1
I37.9,4
I42,4
I42.0,4
I42.9,4
I44,3
I44.0,3
I44.1,3
I44.2,3
I44.3,3
I44.4,3
I44.5,3
I44.6,3
I44.7,3
I44.8,3
I44.9,3
I45,3
I45.0,3
I45.1,3
I45.2,3
I45.3,3
I45.4,3
I45.5,3
I45.6,3
I45.7,3
I45.8,3
I45.9,3
I46,1
I46.0,1
I46.1,1
I46.2,1
I46.3,1
I46.4,1
I46.5,1
I46.6,1
I46.7,1
I46.8,1
I46.9,1
I49,3
I49.0,3
I49.1,3
I49.2,3
I49.3,3
I49.4,3
I49.5,3
I49.6,3
I49.7,3
I49.8,3
I49.9,3
I50,1
I50,2
I50.0,1
I50.1,1
I50.2,1
I50.3,1
I50.4,1
I50.8,2
I50.9,2
I51,3
I51.5,4
I51.6,3
I51.7,3
I51.8,3
I51.9,3
I52,3
I52.0,3
I52.1,3
I52.2,3
I52.3,3
I52.4,3
I52.5,3
I52.6,3
I52.7,3
I52.8,3
I52.9,3
I53,3
I53.0,3
I53.1,3
I53.2,3
I53.3,3
I53.4,3
I53.5,3
I53.6,3
I53.7,3
I53.8,3
I53.9,3
I54,3
I54.0,3
I54.1,3
I54.2,3
I54.3,3
I54.4,3
I54.5,3
I54.6,3
I54.7,3
I54.8,3
I54.9,3
I55,3
I55.0,3
I55.1,3
I55.2,3
I55.3,3
I55.4,3
I55.5,3
I55.6,3
I55.7,3
I55.8,3
I55.9,3
I56,3
I56.0,3
I56.1,3
I56.2,3
I56.3,3
I56.4,3
I56.5,3
I56.6,3
I56.7,3
I56.8,3
I56.9,3
I57,3
I57.0,3
I57.1,3
I57.2,3
I57.3,3
I57.4,3
I57.5,3
I57.6,3
I57.7,3
I57.8,3
I57.9,3
I58,3
I58.0,3
I58.1,3
I58.2,3
I58.3,3
I58.4,3
I58.5,3
I58.6,3
I58.7,3
I58.8,3
I58.9,3
I59,3
I59.0,3
I59.1,3
I59.2,3
I59.3,3
I59.4,3
I59.5,3
I59.6,3
I59.7,3
I59.8,3
I59.9,3
I64,4
I64.0,4
I64.1,4
I64.2,4
I64.3,4
I64.4,4
I64.5,4
I64.6,4
I64.7,4
I64.8,4
I64.9,4
I67,4
I67.4,2
I67.8,4
I67.9,4
I68,4
I68.0,4
I68.1,4
I68.2,4
I68.3,4
I68.4,4
I68.5,4
I68.6,4
I68.7,4
I68.8,4
I68.9,4
I69,4
I69.0,4
I69.1,4
I69.2,4
I69.3,4
I69.4,4
I69.5,4
I69.6,4
I69.7,4
I69.8,4
I69.9,4
I70,2
I70.0,2
I70.1,2
I70.9,2
I74,2
I74.0,2
I74.1,2
I74.2,2
I74.3,2
I74.4,2
I74.5,2
I74.6,2
I74.7,2
I74.8,2
I74.9,2
I75,2
I75.0,2
I75.1,2
I75.2,2
I75.3,2
I75.4,2
I75.5,2
I75.6,2
I75.7,2
I75.8,2
I76,1
I90,3
I90.0,3
I90.1,3
I90.2,3
I90.3,3
I90.4,3
I90.5,3
I90.6,3
I90.7,3
I90.8,3
I90.9,3
I91,3
I91.0,3
I91.1,3
I91.2,3
I91.3,3
I91.4,3
I91.5,3
I91.6,3
I91.7,3
I91.8,3
I91.9,3
I92,3
I92.0,3
I92.1,3
I92.2,3
I92.3,3
I92.4,3
I92.5,3
I92.6,3
I92.7,3
I92.8,3
I92.9,3
I93,3
I93.0,3
I93.1,3
I93.2,3
I93.3,3
I93.4,3
I93.5,3
I93.6,3
I93.7,3
I93.8,3
I93.9,3
I94,3
I94.0,3
I94.1,3
I94.2,3
I94.3,3
I94.4,3
I94.5,3
I94.6,3
I94.7,3
I94.8,3
I94.9,3
I95,1
I95.0,1
I95.1,1
I95.8,1
I95.9,1
I96,3
I96.0,3
I96.1,3
I96.2,3
I96.3,3
I96.4,3
I96.5,3
I96.6,3
I96.7,3
I96.8,3
I96.9,3
I98,3
I98.4,3
I98.5,3
I98.6,3
I98.7,3
I98.8,3
J02.9,3
J03.9,3
J04.3,3
J06,3
J06.9,3
J07,4
J07.0,4
J07.1,4
J07.2,4
J07.3,4
J07.4,4
J07.5,4
J07.6,4
J07.7,4
J07.8,4
J07.9,4
J08,4
J08.0,4
J08.1,4
J08.2,4
J08.3,4
J08.4,4
J08.5,4
J08.6,4
J08.7,4
J08.8,4
J08.9,4
J15.9,4
J17,4
J17.0,4
J17.1,4
J17.2,4
J17.3,4
J17.4,4
J17.5,4
J17.6,4
J17.7,4
J17.8,4
J17.9,4
J18,4
J18.0,4
J18.1,4
J18.2,4
J18.3,4
J18.4,4
J18.5,4
J18.6,4
J18.7,4
J18.8,4
J18.9,4
J19,4
J19.0,4
J19.1,4
J19.2,4
J19.3,4
J19.4,4
J19.5,4
J19.6,4
J22,4
J22.0,4
J22.1,4
J22.2,4
J22.3,4
J22.4,4
J22.5,4
J22.6,4
J22.7,4
J22.8,4
J22.9,4
J23,4
J23.0,4
J23.1,4
J23.2,4
J23.3,4
J23.4,4
J23.5,4
J23.6,4
J23.7,4
J23.8,4
J23.9,4
J24,4
J24.0,4
J24.1,4
J24.2,4
J24.3,4
J24.4,4
J24.5,4
J24.6,4
J24.7,4
J24.8,4
J24.9,4
J25,4
J25.0,4
J25.1,4
J25.2,4
J25.3,4
J25.4,4
J25.5,4
J25.6,4
J25.7,4
J25.8,4
J25.9,4
J26,4
J26.0,4
J26.1,4
J26.2,4
J26.3,4
J26.4,4
J26.5,4
J26.6,4
J26.7,4
J26.8,4
J26.9,4
J27,4
J27.0,4
J27.1,4
J27.2,4
J27.3,4
J27.4,4
J27.5,4
J27.6,4
J27.7,4
J27.8,4
J27.9,4
J28,4
J28.0,4
J28.1,4
J28.2,4
J28.3,4
J28.4,4
J28.5,4
J28.6,4
J28.7,4
J28.8,4
J28.9,4
J29,4
J29.0,4
J29.1,4
J29.2,4
J29.3,4
J29.4,4
J29.5,4
J29.6,4
J29.7,4
J29.8,4
J29.9,4
J40,3
J40.0,3
J40.1,3
J40.2,3
J40.3,3
J40.4,3
J40.5,3
J40.6,3
J40.7,3
J40.8,3
J40.9,3
J47,3
J47.0,3
J47.1,3
J47.2,3
J47.3,3
J47.4,3
J47.5,3
J47.6,3
J47.7,3
J47.8,3
J47.9,3
J48,3
J48.0,3
J48.1,3
J48.2,3
J48.3,3
J48.4,3
J48.5,3
J48.6,3
J48.7,3
J48.8,3
J48.9,3
J49,3
J49.0,3
J49.1,3
J49.2,3
J49.3,3
J49.4,3
J49.5,3
J49.6,3
J49.7,3
J49.8,3
J49.9,3
J50,3
J50.0,3
J50.1,3
J50.2,3
J50.3,3
J50.4,3
J50.5,3
J50.6,3
J50.7,3
J50.8,3
J50.9,3
J51,3
J51.0,3
J51.1,3
J51.2,3
J51.3,3
J51.4,3
J51.5,3
J51.6,3
J51.7,3
J51.8,3
J51.9,3
J52,3
J52.0,3
J52.1,3
J52.2,3
J52.3,3
J52.4,3
J52.5,3
J52.6,3
J52.7,3
J52.8,3
J52.9,3
J53,3
J53.0,3
J53.1,3
J53.2,3
J53.3,3
J53.4,3
J53.5,3
J53.6,3
J53.7,3
J53.8,3
J53.9,3
J54,3
J54.0,3
J54.1,3
J54.2,3
J54.3,3
J54.4,3
J54.5,3
J54.6,3
J54.7,3
J54.8,3
J54.9,3
J55,3
J55.0,3
J55.1,3
J55.2,3
J55.3,3
J55.4,3
J55.5,3
J55.6,3
J55.7,3
J55.8,3
J55.9,3
J56,3
J56.0,3
J56.1,3
J56.2,3
J56.3,3
J56.4,3
J56.5,3
J56.6,3
J56.7,3
J56.8,3
J56.9,3
J57,3
J57.0,3
J57.1,3
J57.2,3
J57.3,3
J57.4,3
J57.5,3
J57.6,3
J57.7,3
J57.8,3
J57.9,3
J58,3
J58.0,3
J58.1,3
J58.2,3
J58.3,3
J58.4,3
J58.5,3
J58.6,3
J58.7,3
J58.8,3
J58.9,3
J59,3
J59.0,3
J59.1,3
J59.2,3
J59.3,3
J59.4,3
J59.5,3
J59.6,3
J59.7,3
J59.8,3
J59.9,3
J64,4
J64.0,4
J64.1,4
J64.2,4
J64.3,4
J64.4,4
J64.5,4
J64.6,4
J64.7,4
J64.8,4
J64.9,4
J69,1
J69.0,1
J69.1,1
J69.2,1
J69.3,1
J69.4,1
J69.5,1
J69.6,1
J69.7,1
J69.8,1
J69.9,1
J71,3
J71.0,3
J71.1,3
J71.2,3
J71.3,3
J71.4,3
J71.5,3
J71.6,3
J71.7,3
J71.8,3
J71.9,3
J72,3
J72.0,3
J72.1,3
J72.2,3
J72.3,3
J72.4,3
J72.5,3
J72.6,3
J72.7,3
J72.8,3
J72.9,3
J73,3
J73.0,3
J73.1,3
J73.2,3
J73.3,3
J73.4,3
J73.5,3
J73.6,3
J73.7,3
J73.8,3
J73.9,3
J74,3
J74.0,3
J74.1,3
J74.2,3
J74.3,3
J74.4,3
J74.5,3
J74.6,3
J74.7,3
J74.8,3
J74.9,3
J75,3
J75.0,3
J75.1,3
J75.2,3
J75.3,3
J75.4,3
J75.5,3
J75.6,3
J75.7,3
J75.8,3
J75.9,3
J76,3
J76.0,3
J76.1,3
J76.2,3
J76.3,3
J76.4,3
J76.5,3
J76.6,3
J76.7,3
J76.8,3
J76.9,3
J77,3
J77.0,3
J77.1,3
J77.2,3
J77.3,3
J77.4,3
J77.5,3
J77.6,3
J77.7,3
J77.8,3
J77.9,3
J78,3
J78.0,3
J78.1,3
J78.2,3
J78.3,3
J78.4,3
J78.5,3
J78.6,3
J78.7,3
J78.8,3
J78.9,3
J79,3
J79.0,3
J79.1,3
J79.2,3
J79.3,3
J79.4,3
J79.5,3
J79.6,3
J79.7,3
J79.8,3
J79.9,3
J80,1
J80.0,1
J80.1,1
J80.2,1
J80.3,1
J80.4,1
J80.5,1
J80.6,1
J80.7,1
J80.8,1
J80.9,1
J81,2
J81.0,1
J81.1,2
J81.9,3
J83,3
J85,1
J85.0,1
J85.1,1
J85.2,1
J85.3,1
J85.9,3
J86,1
J86.0,1
J86.1,1
J86.2,1
J86.3,1
J86.4,1
J86.5,1
J86.6,1
J86.7,1
J86.8,1
J86.9,1
J87,3
J87.0,3
J87.1,3
J87.2,3
J87.3,3
J87.4,3
J87.5,3
J87.6,3
J87.7,3
J87.8,3
J87.9,3
J88,3
J88.0,3
J88.1,3
J88.2,3
J88.3,3
J88.4,3
J88.5,3
J88.6,3
J88.7,3
J88.8,3
J88.9,3
J89,3
J89.0,3
J89.1,3
J89.2,3
J89.3,3
J89.4,3
J89.5,3
J89.6,3
J89.7,3
J89.8,3
J89.9,3
J90,2
J90.0,2
J90.9,3
J93,1
J93.0,1
J93.1,1
J93.6,3
J93.8,1
J93.9,1
J94,2
J94.0,2
J94.1,2
J94.2,1
J94.8,2
J94.9,2
J96,1
J96.0,1
J96.1,1
J96.2,1
J96.3,1
J96.4,1
J96.5,1
J96.6,1
J96.7,1
J96.8,1
J96.9,1
J97,3
J97.0,3
J97.1,3
J97.2,3
J97.3,3
J97.4,3
J97.5,3
J97.6,3
J97.7,3
J97.8,3
J97.9,3
J98,3
J98,1
J98.0,3
J98.1,1
J98.2,1
J98.3,1
J98.4,3
J98.5,3
J98.6,3
J98.7,3
J98.8,3
J98.9,3
J99,3
J99.0,3
J99.1,3
J99.2,3
J99.3,3
J99.4,3
J99.5,3
J99.6,3
J99.7,3
J99.8,3
K00,1
K00.0,1
K00.1,1
K00.2,1
K00.3,1
K00.4,1
K00.5,1
K00.6,1
K00.7,1
K00.8,1
K00.9,1
K01,1
K01.0,1
K01.1,1
K01.2,1
K01.3,1
K01.4,1
K01.5,1
K01.6,1
K01.7,1
K01.8,1
K01.9,1
K02,1
K02.0,1
K02.1,1
K02.2,1
K02.3,1
K02.4,1
K02.5,1
K02.6,1
K02.7,1
K02.8,1
K02.9,1
K03,1
K03.0,1
K03.1,1
K03.2,1
K03.3,1
K03.4,1
K03.5,1
K03.6,1
K03.7,1
K03.8,1
K03.9,1
K04,1
K04.0,1
K04.1,1
K04.2,1
K04.3,1
K04.4,1
K04.5,1
K04.6,1
K04.7,1
K04.8,1
K04.9,1
K05,1
K05.0,1
K05.1,1
K05.2,1
K05.3,1
K05.4,1
K05.5,1
K05.6,1
K05.7,1
K05.8,1
K05.9,1
K06,1
K06.0,1
K06.1,1
K06.2,1
K06.3,1
K06.4,1
K06.5,1
K06.6,1
K06.7,1
K06.8,1
K06.9,1
K07,1
K07.0,1
K07.1,1
K07.2,1
K07.3,1
K07.4,1
K07.5,1
K07.6,1
K07.7,1
K07.8,1
K07.9,1
K08,1
K08.0,1
K08.1,1
K08.2,1
K08.3,1
K08.4,1
K08.5,1
K08.6,1
K08.7,1
K08.8,1
K08.9,1
K09,1
K09.0,1
K09.1,1
K09.2,1
K09.3,1
K09.4,1
K09.5,1
K09.6,1
K09.7,1
K09.8,1
K09.9,1
K10,1
K10.0,1
K10.1,1
K10.2,1
K10.3,1
K10.4,1
K10.5,1
K10.6,1
K10.7,1
K10.8,1
K10.9,1
K11,1
K11.0,1
K11.1,1
K11.2,1
K11.3,1
K11.4,1
K11.5,1
K11.6,1
K11.7,1
K11.8,1
K11.9,1
K12,1
K12.0,1
K12.1,1
K12.2,1
K12.3,1
K12.4,1
K12.5,1
K12.6,1
K12.7,1
K12.8,1
K12.9,1
K13,1
K13.0,1
K13.1,1
K13.2,1
K13.3,1
K13.4,1
K13.5,1
K13.6,1
K13.7,1
K13.8,1
K13.9,1
K14,1
K14.0,1
K14.1,1
K14.2,1
K14.3,1
K14.4,1
K14.5,1
K14.6,1
K14.7,1
K14.8,1
K14.9,1
K15,1
K15.0,1
K15.1,1
K15.2,1
K15.3,1
K15.4,1
K15.5,1
K15.6,1
K15.7,1
K15.8,1
K15.9,1
K16,1
K16.0,1
K16.1,1
K16.2,1
K16.3,1
K16.4,1
K16.5,1
K16.6,1
K16.7,1
K16.8,1
K16.9,1
K17,1
K17.0,1
K17.1,1
K17.2,1
K17.3,1
K17.4,1
K17.5,1
K17.6,1
K17.7,1
K17.8,1
K17.9,1
K18,1
K18.0,1
K18.1,1
K18.2,1
K18.3,1
K18.4,1
K18.5,1
K18.6,1
K18.7,1
K18.8,1
K18.9,1
K19,1
K19.0,1
K19.1,1
K19.2,1
K19.3,1
K19.4,1
K19.5,1
K19.6,1
K19.7,1
K19.8,1
K19.9,1
K21,3
K21.0,3
K21.1,3
K21.2,3
K21.3,3
K21.4,3
K21.5,3
K21.6,3
K21.7,3
K21.8,3
K21.9,3
K22.7,3
K30,1
K31,3
K31.9,3
K32,3
K32.0,3
K32.1,3
K32.2,3
K32.3,3
K32.4,3
K32.5,3
K32.6,3
K32.7,3
K32.8,3
K32.9,3
K33,3
K33.0,3
K33.1,3
K33.2,3
K33.3,3
K33.4,3
K33.5,3
K33.6,3
K33.7,3
K33.8,3
K33.9,3
K34,3
K34.0,3
K34.1,3
K34.2,3
K34.3,3
K34.4,3
K34.5,3
K34.6,3
K34.7,3
K34.8,3
K34.9,3
K39,3
K47,3
K47.0,3
K47.1,3
K47.2,3
K47.3,3
K47.4,3
K47.5,3
K47.6,3
K47.7,3
K47.8,3
K47.9,3
K48,3
K48.0,3
K48.1,3
K48.2,3
K48.3,3
K48.4,3
K48.5,3
K48.6,3
K48.7,3
K48.8,3
K48.9,3
K49,3
K49.0,3
K49.1,3
K49.2,3
K49.3,3
K49.4,3
K49.5,3
K49.6,3
K49.7,3
K49.8,3
K49.9,3
K53,3
K53.0,3
K53.1,3
K53.2,3
K53.3,3
K53.4,3
K53.5,3
K53.6,3
K53.7,3
K53.8,3
K53.9,3
K54,3
K54.0,3
K54.1,3
K54.2,3
K54.3,3
K54.4,3
K54.5,3
K54.6,3
K54.7,3
K54.8,3
K54.9,3
K63,3
K63.0,3
K63.1,3
K63.2,3
K63.3,3
K63.4,3
K63.8,3
K63.9,3
K65,1
K65.0,1
K65.1,1
K65.2,1
K65.3,1
K65.4,1
K65.5,1
K65.6,1
K65.7,1
K65.8,1
K65.9,1
K66,1
K66.0,1
K66.1,1
K66.9,1
K68,1
K68.1,1
K68.2,1
K68.3,1
K68.4,1
K68.5,1
K68.6,1
K68.7,1
K68.8,1
K68.9,1
K69,3
K70,3
K70.4,3
K70.5,3
K70.6,3
K70.7,3
K70.8,3
K70.9,3
K71,1
K71.0,1
K71.1,1
K71.2,1
K71.3,1
K71.4,1
K71.5,1
K71.6,1
K71.8,1
K71.9,1
K72,1
K72.0,1
K72.1,1
K72.2,1
K72.3,1
K72.4,1
K72.5,1
K72.6,1
K72.7,1
K72.8,1
K72.9,1
K75.0,1
K78,3
K78.0,3
K78.1,3
K78.2,3
K78.3,3
K78.4,3
K78.5,3
K78.6,3
K78.7,3
K78.8,3
K78.9,3
K79,3
K79.0,3
K79.1,3
K79.2,3
K79.3,3
K79.4,3
K79.5,3
K79.6,3
K79.7,3
K79.8,3
K79.9,3
K84,3
K87,3
K87.0,3
K87.1,3
K87.2,3
K87.3,3
K87.4,3
K87.5,3
K87.6,3
K87.7,3
K87.8,3
K87.9,3
K88,3
K88.0,3
K88.1,3
K88.2,3
K88.3,3
K88.4,3
K88.5,3
K88.6,3
K88.7,3
K88.8,3
K88.9,3
K89,3
K89.0,3
K89.1,3
K89.2,3
K89.3,3
K89.4,3
K89.5,3
K89.6,3
K89.7,3
K89.8,3
K89.9,3
K92,2
K92,3
K92.0,2
K92.1,2
K92.2,2
K92.9,3
K93,3
K93.0,3
K93.1,3
K93.2,3
K93.3,3
K93.4,3
K93.5,3
K93.6,3
K93.7,3
K93.8,3
K93.9,3
K96,3
K96.0,3
K96.1,3
K96.2,3
K96.3,3
K96.4,3
K96.5,3
K96.6,3
K96.7,3
K96.8,3
K96.9,3
K97,3
K97.0,3
K97.1,3
K97.2,3
K97.3,3
K97.4,3
K97.5,3
K97.6,3
K97.7,3
K97.8,3
K97.9,3
K98,3
K98.0,3
K98.1,3
K98.2,3
K98.3,3
K98.4,3
K98.5,3
K98.6,3
K98.7,3
K98.8,3
K98.9,3
K99,3
K99.0,3
K99.1,3
K99.2,3
K99.3,3
K99.4,3
K99.5,3
K99.6,3
K99.7,3
K99.8,3
K99.9,3
L06,3
L06.0,3
L06.1,3
L06.2,3
L06.3,3
L06.4,3
L06.5,3
L06.6,3
L06.7,3
L06.8,3
L06.9,3
L07,3
L07.0,3
L07.1,3
L07.2,3
L07.3,3
L07.4,3
L07.5,3
L07.6,3
L07.7,3
L07.8,3
L07.9,3
L09,3
L15,3
L15.0,3
L15.1,3
L15.2,3
L15.3,3
L15.4,3
L15.5,3
L15.6,3
L15.7,3
L15.8,3
L15.9,3
L16,3
L16.0,3
L16.1,3
L16.2,3
L16.3,3
L16.4,3
L16.5,3
L16.6,3
L16.7,3
L16.8,3
L16.9,3
L17,3
L17.0,3
L17.1,3
L17.2,3
L17.3,3
L17.4,3
L17.5,3
L17.6,3
L17.7,3
L17.8,3
L17.9,3
L18,3
L18.0,3
L18.1,3
L18.2,3
L18.3,3
L18.4,3
L18.5,3
L18.6,3
L18.7,3
L18.8,3
L18.9,3
L19,3
L19.0,3
L19.1,3
L19.2,3
L19.3,3
L19.4,3
L19.5,3
L19.6,3
L19.7,3
L19.8,3
L19.9,3
L20,1
L20.0,1
L20.1,1
L20.2,1
L20.3,1
L20.4,1
L20.5,1
L20.6,1
L20.7,1
L20.8,1
L20.9,1
L21,1
L21.0,1
L21.1,1
L21.2,1
L21.3,1
L21.4,1
L21.5,1
L21.6,1
L21.7,1
L21.8,1
L21.9,1
L22,1
L22.0,1
L22.1,1
L22.2,1
L22.3,1
L22.4,1
L22.5,1
L22.6,1
L22.7,1
L22.8,1
L22.9,1
L23,1
L23.0,1
L23.1,1
L23.2,1
L23.3,1
L23.4,1
L23.5,1
L23.6,1
L23.7,1
L23.8,1
L23.9,1
L24,1
L24.0,1
L24.1,1
L24.2,1
L24.3,1
L24.4,1
L24.5,1
L24.6,1
L24.7,1
L24.8,1
L24.9,1
L25,1
L25.0,1
L25.1,1
L25.2,1
L25.3,1
L25.4,1
L25.5,1
L25.6,1
L25.7,1
L25.8,1
L25.9,1
L26,1
L26.0,1
L26.1,1
L26.2,1
L26.3,1
L26.4,1
L26.5,1
L26.6,1
L26.7,1
L26.8,1
L26.9,1
L27,1
L27.0,1
L27.1,1
L27.2,1
L27.3,1
L27.4,1
L27.5,1
L27.6,1
L27.7,1
L27.8,1
L27.9,1
L28,1
L28.0,1
L28.1,1
L28.2,1
L28.3,1
L28.4,1
L28.5,1
L28.6,1
L28.7,1
L28.8,1
L28.9,1
L29,1
L29.0,1
L29.1,1
L29.2,1
L29.3,1
L29.4,1
L29.5,1
L29.6,1
L29.7,1
L29.8,1
L29.9,1
L30,1
L30.0,1
L30.1,1
L30.2,1
L30.3,1
L30.4,1
L30.5,1
L30.6,1
L30.7,1
L30.8,1
L30.9,1
L31,3
L31.0,3
L31.1,3
L31.2,3
L31.3,3
L31.4,3
L31.5,3
L31.6,3
L31.7,3
L31.8,3
L31.9,3
L32,3
L32.0,3
L32.1,3
L32.2,3
L32.3,3
L32.4,3
L32.5,3
L32.6,3
L32.7,3
L32.8,3
L32.9,3
L33,3
L33.0,3
L33.1,3
L33.2,3
L33.3,3
L33.4,3
L33.5,3
L33.6,3
L33.7,3
L33.8,3
L33.9,3
L34,3
L34.0,3
L34.1,3
L34.2,3
L34.3,3
L34.4,3
L34.5,3
L34.6,3
L34.7,3
L34.8,3
L34.9,3
L35,3
L35.0,3
L35.1,3
L35.2,3
L35.3,3
L35.4,3
L35.5,3
L35.6,3
L35.7,3
L35.8,3
L35.9,3
L36,3
L36.0,3
L36.1,3
L36.2,3
L36.3,3
L36.4,3
L36.5,3
L36.6,3
L36.7,3
L36.8,3
L36.9,3
L37,3
L37.0,3
L37.1,3
L37.2,3
L37.3,3
L37.4,3
L37.5,3
L37.6,3
L37.7,3
L37.8,3
L37.9,3
L38,3
L38.0,3
L38.1,3
L38.2,3
L38.3,3
L38.4,3
L38.5,3
L38.6,3
L38.7,3
L38.8,3
L38.9,3
L39,3
L39.0,3
L39.1,3
L39.2,3
L39.3,3
L39.4,3
L39.5,3
L39.6,3
L39.7,3
L39.8,3
L39.9,3
L40,1
L40.0,1
L40.1,1
L40.2,1
L40.3,1
L40.4,1
L40.5,1
L40.6,1
L40.7,1
L40.8,1
L40.9,1
L41,1
L41.0,1
L41.1,1
L41.2,1
L41.3,1
L41.4,1
L41.5,1
L41.6,1
L41.7,1
L41.8,1
L41.9,1
L42,1
L42.0,1
L42.1,1
L42.2,1
L42.3,1
L42.4,1
L42.5,1
L42.6,1
L42.7,1
L42.8,1
L42.9,1
L43,1
L43.0,1
L43.1,1
L43.2,1
L43.3,1
L43.4,1
L43.5,1
L43.6,1
L43.7,1
L43.8,1
L43.9,1
L44,1
L44.0,1
L44.1,1
L44.2,1
L44.3,1
L44.4,1
L44.5,1
L44.6,1
L44.7,1
L44.8,1
L44.9,1
L45,1
L45.0,1
L45.1,1
L45.2,1
L45.3,1
L45.4,1
L45.5,1
L45.6,1
L45.7,1
L45.8,1
L45.9,1
L46,1
L46.0,1
L46.1,1
L46.2,1
L46.3,1
L46.4,1
L46.5,1
L46.6,1
L46.7,1
L46.8,1
L46.9,1
L47,1
L47.0,1
L47.1,1
L47.2,1
L47.3,1
L47.4,1
L47.5,1
L47.6,1
L47.7,1
L47.8,1
L47.9,1
L48,1
L48.0,1
L48.1,1
L48.2,1
L48.3,1
L48.4,1
L48.5,1
L48.6,1
L48.7,1
L48.8,1
L48.9,1
L49,1
L49.0,1
L49.1,1
L49.2,1
L49.3,1
L49.4,1
L49.5,1
L49.6,1
L49.7,1
L49.8,1
L49.9,1
L50,1
L50.0,1
L50.1,1
L50.2,1
L50.3,1
L50.4,1
L50.5,1
L50.6,1
L50.7,1
L50.8,1
L50.9,1
L52,1
L52.0,1
L52.1,1
L52.2,1
L52.3,1
L52.4,1
L52.5,1
L52.6,1
L52.7,1
L52.8,1
L52.9,1
L53,1
L53.0,1
L53.1,1
L53.2,1
L53.3,1
L53.4,1
L53.5,1
L53.6,1
L53.7,1
L53.8,1
L53.9,1
L54,1
L54.0,1
L54.1,1
L54.2,1
L54.3,1
L54.4,1
L54.5,1
L54.6,1
L54.7,1
L54.8,1
L56,1
L56.0,1
L56.1,1
L56.2,1
L56.4,1
L56.5,1
L57,1
L57.0,1
L57.1,1
L57.2,1
L57.3,1
L57.4,1
L57.5,1
L57.6,1
L57.7,1
L57.8,1
L57.9,1
L59,1
L59.0,1
L59.1,1
L59.2,1
L59.3,1
L59.4,1
L59.5,1
L59.6,1
L59.7,1
L59.8,1
L59.9,1
L60,1
L60.0,1
L60.1,1
L60.2,1
L60.3,1
L60.4,1
L60.5,1
L60.6,1
L60.7,1
L60.8,1
L60.9,1
L61,1
L61.0,1
L61.1,1
L61.2,1
L61.3,1
L61.4,1
L61.5,1
L61.6,1
L61.7,1
L61.8,1
L61.9,1
L62,1
L62.0,1
L62.1,1
L62.2,1
L62.3,1
L62.4,1
L62.5,1
L62.6,1
L62.7,1
L62.8,1
L62.9,1
L63,1
L63.0,1
L63.1,1
L63.2,1
L63.3,1
L63.4,1
L63.5,1
L63.6,1
L63.7,1
L63.8,1
L63.9,1
L64,1
L64.0,1
L64.1,1
L64.2,1
L64.3,1
L64.4,1
L64.5,1
L64.6,1
L64.7,1
L64.8,1
L64.9,1
L65,1
L65.0,1
L65.1,1
L65.2,1
L65.3,1
L65.4,1
L65.5,1
L65.6,1
L65.7,1
L65.8,1
L65.9,1
L66,1
L66.0,1
L66.1,1
L66.2,1
L66.3,1
L66.4,1
L66.5,1
L66.6,1
L66.7,1
L66.8,1
L66.9,1
L67,1
L67.0,1
L67.1,1
L67.2,1
L67.3,1
L67.4,1
L67.5,1
L67.6,1
L67.7,1
L67.8,1
L67.9,1
L68,1
L68.0,1
L68.1,1
L68.2,1
L68.3,1
L68.4,1
L68.5,1
L68.6,1
L68.7,1
L68.8,1
L68.9,1
L69,3
L70,1
L70.0,1
L70.1,1
L70.2,1
L70.3,1
L70.4,1
L70.5,1
L70.6,1
L70.7,1
L70.8,1
L70.9,1
L71,1
L71.0,1
L71.1,1
L71.2,1
L71.3,1
L71.4,1
L71.5,1
L71.6,1
L71.7,1
L71.8,1
L71.9,1
L72,1
L72.0,1
L72.1,1
L72.2,1
L72.3,1
L72.4,1
L72.5,1
L72.6,1
L72.7,1
L72.8,1
L72.9,1
L73,1
L73.0,1
L73.1,1
L73.2,1
L73.3,1
L73.4,1
L73.5,1
L73.6,1
L73.7,1
L73.8,1
L73.9,1
L74,1
L74.0,1
L74.1,1
L74.2,1
L74.3,1
L74.4,1
L74.5,1
L74.6,1
L74.7,1
L74.8,1
L74.9,1
L75,1
L75.0,1
L75.1,1
L75.2,1
L75.3,1
L75.4,1
L75.5,1
L75.6,1
L75.7,1
L75.8,1
L75.9,1
L76,1
L76.0,1
L76.1,1
L76.2,1
L76.3,1
L76.4,1
L76.5,1
L76.6,1
L76.7,1
L76.8,1
L77,3
L77.0,3
L77.1,3
L77.2,3
L77.3,3
L77.4,3
L77.5,3
L77.6,3
L77.7,3
L77.8,3
L77.9,3
L78,3
L78.0,3
L78.1,3
L78.2,3
L78.3,3
L78.4,3
L78.5,3
L78.6,3
L78.7,3
L78.8,3
L78.9,3
L79,3
L79.0,3
L79.1,3
L79.2,3
L79.3,3
L79.4,3
L79.5,3
L79.6,3
L79.7,3
L79.8,3
L79.9,3
L80,1
L80.0,1
L80.1,1
L80.2,1
L80.3,1
L80.4,1
L80.5,1
L80.6,1
L80.7,1
L80.8,1
L80.9,1
L81,1
L81.0,1
L81.1,1
L81.2,1
L81.3,1
L81.4,1
L81.5,1
L81.6,1
L81.7,1
L81.8,1
L81.9,1
L82,1
L82.0,1
L82.1,1
L82.2,1
L82.3,1
L82.4,1
L82.5,1
L82.6,1
L82.7,1
L82.8,1
L82.9,1
L83,1
L83.0,1
L83.1,1
L83.2,1
L83.3,1
L83.4,1
L83.5,1
L83.6,1
L83.7,1
L83.8,1
L83.9,1
L84,1
L84.0,1
L84.1,1
L84.2,1
L84.3,1
L84.4,1
L84.5,1
L84.6,1
L84.7,1
L84.8,1
L84.9,1
L85,1
L85.0,1
L85.1,1
L85.2,1
L85.3,1
L85.4,1
L85.5,1
L85.6,1
L85.7,1
L85.8,1
L85.9,1
L86,1
L86.0,1
L86.1,1
L86.2,1
L86.3,1
L86.4,1
L86.5,1
L86.6,1
L86.7,1
L86.8,1
L86.9,1
L87,1
L87.0,1
L87.1,1
L87.2,1
L87.3,1
L87.4,1
L87.5,1
L87.6,1
L87.7,1
L87.8,1
L87.9,1
L90,1
L90.0,1
L90.1,1
L90.2,1
L90.3,1
L90.4,1
L90.5,1
L90.6,1
L90.7,1
L90.8,1
L90.9,1
L91,1
L91.0,1
L91.1,1
L91.2,1
L91.3,1
L91.4,1
L91.5,1
L91.6,1
L91.7,1
L91.8,1
L91.9,1
L92,1
L92.0,1
L92.1,1
L92.2,1
L92.3,1
L92.4,1
L92.5,1
L92.6,1
L92.7,1
L92.8,1
L92.9,1
L94,1
L94.0,1
L94.1,1
L94.2,1
L94.3,1
L94.4,1
L94.5,1
L94.6,1
L94.7,1
L94.8,1
L94.9,1
L95,1
L95.0,1
L95.1,1
L95.2,1
L95.3,1
L95.4,1
L95.5,1
L95.6,1
L95.7,1
L95.8,1
L95.9,1
L96,1
L96.0,1
L96.1,1
L96.2,1
L96.3,1
L96.4,1
L96.5,1
L96.6,1
L96.7,1
L96.8,1
L96.9,1
L98,1
L98.5,1
L98.6,1
L98.7,1
L98.8,1
L98.9,1
L99,1
L99.0,1
L99.1,1
L99.2,1
L99.3,1
L99.4,1
L99.5,1
L99.6,1
L99.7,1
L99.8,1
M04,1
M10,1
M10.0,1
M10.1,1
M10.2,1
M10.3,1
M10.4,1
M10.5,1
M10.6,1
M10.7,1
M10.8,1
M10.9,1
M11,1
M11.0,1
M11.1,1
M11.2,1
M11.3,1
M11.4,1
M11.5,1
M11.6,1
M11.7,1
M11.8,1
M11.9,1
M12,1
M12.0,1
M12.2,1
M12.3,1
M12.4,1
M12.5,1
M12.6,1
M12.7,1
M12.8,1
M12.9,1
M13,1
M13.0,1
M13.1,1
M13.2,1
M13.3,1
M13.4,1
M13.5,1
M13.6,1
M13.7,1
M13.8,1
M13.9,1
M14,1
M14.0,1
M14.1,1
M14.2,1
M14.3,1
M14.4,1
M14.5,1
M14.6,1
M14.7,1
M14.8,1
M14.9,1
M15,1
M15.0,1
M15.1,1
M15.2,1
M15.3,1
M15.4,1
M15.5,1
M15.6,1
M15.7,1
M15.8,1
M15.9,1
M16,1
M16.0,1
M16.1,1
M16.2,1
M16.3,1
M16.4,1
M16.5,1
M16.6,1
M16.7,1
M16.8,1
M16.9,1
M17,1
M17.0,1
M17.1,1
M17.2,1
M17.3,1
M17.4,1
M17.5,1
M17.6,1
M17.7,1
M17.8,1
M17.9,1
M18,1
M18.0,1
M18.1,1
M18.2,1
M18.3,1
M18.4,1
M18.5,1
M18.6,1
M18.7,1
M18.8,1
M18.9,1
M19,1
M19.0,1
M19.1,1
M19.2,1
M19.3,1
M19.4,1
M19.5,1
M19.6,1
M19.7,1
M19.8,1
M19.9,1
M20,1
M20.0,1
M20.1,1
M20.2,1
M20.3,1
M20.4,1
M20.5,1
M20.6,1
M20.7,1
M20.8,1
M20.9,1
M21,1
M21.0,1
M21.1,1
M21.2,1
M21.3,1
M21.4,1
M21.5,1
M21.6,1
M21.7,1
M21.8,1
M21.9,1
M22,1
M22.0,1
M22.1,1
M22.2,1
M22.3,1
M22.4,1
M22.5,1
M22.6,1
M22.7,1
M22.8,1
M22.9,1
M23,1
M23.0,1
M23.1,1
M23.2,1
M23.3,1
M23.4,1
M23.5,1
M23.6,1
M23.7,1
M23.8,1
M23.9,1
M24,1
M24.0,1
M24.1,1
M24.2,1
M24.3,1
M24.4,1
M24.5,1
M24.6,1
M24.7,1
M24.8,1
M24.9,1
M25,1
M25.0,1
M25.1,1
M25.2,1
M25.3,1
M25.4,1
M25.5,1
M25.6,1
M25.7,1
M25.8,1
M25.9,1
M26,1
M26.0,1
M26.1,1
M26.2,1
M26.3,1
M26.4,1
M26.5,1
M26.6,1
M26.7,1
M26.8,1
M26.9,1
M27,1
M27.0,1
M27.1,1
M27.2,1
M27.3,1
M27.4,1
M27.5,1
M27.6,1
M27.7,1
M27.8,1
M27.9,1
M28,1
M28.0,1
M28.1,1
M28.2,1
M28.3,1
M28.4,1
M28.5,1
M28.6,1
M28.7,1
M28.8,1
M28.9,1
M29,1
M29.0,1
M29.1,1
M29.2,1
M29.3,1
M29.4,1
M29.5,1
M29.6,1
M29.7,1
M29.8,1
M29.9,1
M37,1
M37.0,1
M37.1,1
M37.2,1
M37.3,1
M37.4,1
M37.5,1
M37.6,1
M37.7,1
M37.8,1
M37.9,1
M38,1
M38.0,1
M38.1,1
M38.2,1
M38.3,1
M38.4,1
M38.5,1
M38.6,1
M38.7,1
M38.8,1
M38.9,1
M39,1
M39.0,1
M39.1,1
M39.2,1
M39.3,1
M39.4,1
M39.5,1
M39.6,1
M39.7,1
M39.8,1
M39.9,1
M43,1
M43.2,1
M43.3,1
M43.4,1
M43.5,1
M43.6,1
M43.7,1
M43.8,1
M43.9,1
M44,1
M44.0,1
M44.1,1
M44.2,1
M44.3,1
M44.4,1
M44.5,1
M44.6,1
M44.7,1
M44.8,1
M44.9,1
M45,1
M45.0,1
M45.1,1
M45.2,1
M45.3,1
M45.4,1
M45.5,1
M45.6,1
M45.7,1
M45.8,1
M45.9,1
M46,1
M46.0,1
M46.1,1
M46.2,1
M46.3,1
M46.4,1
M46.5,1
M46.6,1
M46.7,1
M46.8,1
M46.9,1
M47,1
M47.0,1
M47.1,1
M47.2,1
M47.3,1
M47.4,1
M47.5,1
M47.6,1
M47.7,1
M47.8,1
M47.9,1
M48,1
M48.0,1
M48.1,1
M48.2,1
M48.3,1
M48.4,1
M48.5,1
M48.6,1
M48.7,1
M48.8,1
M48.9,1
M49,1
M49.0,1
M49.1,1
M49.2,1
M49.3,1
M49.4,1
M49.5,1
M49.6,1
M49.7,1
M49.8,1
M49.9,1
M50,1
M50.0,1
M50.1,1
M50.2,1
M50.3,1
M50.4,1
M50.5,1
M50.6,1
M50.7,1
M50.8,1
M50.9,1
M51,1
M51.0,1
M51.1,1
M51.2,1
M51.3,1
M51.4,1
M51.5,1
M51.6,1
M51.7,1
M51.8,1
M51.9,1
M52,1
M52.0,1
M52.1,1
M52.2,1
M52.3,1
M52.4,1
M52.5,1
M52.6,1
M52.7,1
M52.8,1
M52.9,1
M53,1
M53.0,1
M53.1,1
M53.2,1
M53.3,1
M53.4,1
M53.5,1
M53.6,1
M53.7,1
M53.8,1
M53.9,1
M54,1
M54.0,1
M54.1,1
M54.2,1
M54.3,1
M54.4,1
M54.5,1
M54.6,1
M54.7,1
M54.8,1
M54.9,1
M55,1
M55.0,1
M55.1,1
M55.2,1
M55.3,1
M55.4,1
M55.5,1
M55.6,1
M55.7,1
M55.8,1
M55.9,1
M56,1
M56.0,1
M56.1,1
M56.2,1
M56.3,1
M56.4,1
M56.5,1
M56.6,1
M56.7,1
M56.8,1
M56.9,1
M57,1
M57.0,1
M57.1,1
M57.2,1
M57.3,1
M57.4,1
M57.5,1
M57.6,1
M57.7,1
M57.8,1
M57.9,1
M58,1
M58.0,1
M58.1,1
M58.2,1
M58.3,1
M58.4,1
M58.5,1
M58.6,1
M58.7,1
M58.8,1
M58.9,1
M59,1
M59.0,1
M59.1,1
M59.2,1
M59.3,1
M59.4,1
M59.5,1
M59.6,1
M59.7,1
M59.8,1
M59.9,1
M60,1
M60.0,1
M60.1,1
M60.2,1
M60.3,1
M60.4,1
M60.5,1
M60.6,1
M60.7,1
M60.8,1
M60.9,1
M61,1
M61.0,1
M61.1,1
M61.2,1
M61.3,1
M61.4,1
M61.5,1
M61.6,1
M61.7,1
M61.8,1
M61.9,1
M62,1
M62.0,1
M62.1,1
M62.2,1
M62.3,1
M62.4,1
M62.5,1
M62.6,1
M62.7,1
M62.8,1
M62.9,1
M63,1
M63.0,1
M63.1,1
M63.2,1
M63.3,1
M63.4,1
M63.5,1
M63.6,1
M63.7,1
M63.8,1
M63.9,1
M64,1
M64.0,1
M64.1,1
M64.2,1
M64.3,1
M64.4,1
M64.5,1
M64.6,1
M64.7,1
M64.8,1
M64.9,1
M65,1
M65.1,1
M65.2,1
M65.3,1
M65.4,1
M65.5,1
M65.6,1
M65.7,1
M65.8,1
M65.9,1
M66,1
M66.0,1
M66.1,1
M66.2,1
M66.3,1
M66.4,1
M66.5,1
M66.6,1
M66.7,1
M66.8,1
M66.9,1
M67,1
M67.0,1
M67.1,1
M67.2,1
M67.3,1
M67.4,1
M67.5,1
M67.6,1
M67.7,1
M67.8,1
M67.9,1
M68,1
M68.0,1
M68.1,1
M68.2,1
M68.3,1
M68.4,1
M68.5,1
M68.6,1
M68.7,1
M68.8,1
M68.9,1
M69,1
M69.0,1
M69.1,1
M69.2,1
M69.3,1
M69.4,1
M69.5,1
M69.6,1
M69.7,1
M69.8,1
M69.9,1
M70,1
M70.0,1
M70.1,1
M70.2,1
M70.3,1
M70.4,1
M70.5,1
M70.6,1
M70.7,1
M70.8,1
M70.9,1
M71,1
M71.0,1
M71.1,1
M71.2,1
M71.3,1
M71.4,1
M71.5,1
M71.6,1
M71.7,1
M71.8,1
M71.9,1
M72,1
M72.0,1
M72.1,1
M72.2,1
M72.3,1
M72.4,1
M72.8,1
M72.9,1
M73,1
M73.0,1
M73.1,1
M73.2,1
M73.3,1
M73.4,1
M73.5,1
M73.6,1
M73.7,1
M73.8,1
M73.9,1
M74,1
M74.0,1
M74.1,1
M74.2,1
M74.3,1
M74.4,1
M74.5,1
M74.6,1
M74.7,1
M74.8,1
M74.9,1
M75,1
M75.0,1
M75.1,1
M75.2,1
M75.3,1
M75.4,1
M75.5,1
M75.6,1
M75.7,1
M75.8,1
M75.9,1
M76,1
M76.0,1
M76.1,1
M76.2,1
M76.3,1
M76.4,1
M76.5,1
M76.6,1
M76.7,1
M76.8,1
M76.9,1
M77,1
M77.0,1
M77.1,1
M77.2,1
M77.3,1
M77.4,1
M77.5,1
M77.6,1
M77.7,1
M77.8,1
M77.9,1
M78,1
M78.0,1
M78.1,1
M78.2,1
M78.3,1
M78.4,1
M78.5,1
M78.6,1
M78.7,1
M78.8,1
M78.9,1
M79,1
M79.0,1
M79.1,1
M79.2,1
M79.3,1
M79.4,1
M79.5,1
M79.6,1
M79.7,1
M79.8,1
M79.9,1
M83,1
M83.0,1
M83.1,1
M83.2,1
M83.3,1
M83.4,1
M83.5,1
M83.6,1
M83.7,1
M83.8,1
M83.9,1
M84,1
M84.0,1
M84.1,1
M84.2,1
M84.3,1
M84.4,1
M84.5,1
M84.6,1
M84.7,1
M84.8,1
M84.9,1
M85,1
M85.0,1
M85.1,1
M85.2,1
M85.3,1
M85.4,1
M85.5,1
M85.6,1
M85.7,1
M85.8,1
M85.9,1
M86,1
M86.0,1
M86.1,1
M86.2,1
M86.5,1
M86.6,1
M86.7,1
M86.8,1
M86.9,1
M87,1
M87.2,1
M87.3,1
M87.4,1
M87.5,1
M87.6,1
M87.7,1
M87.8,1
M87.9,1
M89,1
M89.1,1
M89.2,1
M89.3,1
M89.4,1
M90,1
M90.0,1
M90.1,1
M90.2,1
M90.3,1
M90.4,1
M90.5,1
M90.6,1
M90.7,1
M90.8,1
M90.9,1
M91,1
M91.0,1
M91.1,1
M91.2,1
M91.3,1
M91.4,1
M91.5,1
M91.6,1
M91.7,1
M91.8,1
M91.9,1
M92,1
M92.0,1
M92.1,1
M92.2,1
M92.3,1
M92.4,1
M92.5,1
M92.6,1
M92.7,1
M92.8,1
M92.9,1
M93,1
M93.0,1
M93.1,1
M93.2,1
M93.3,1
M93.4,1
M93.5,1
M93.6,1
M93.7,1
M93.8,1
M93.9,1
M94,1
M94.0,1
M94.1,1
M94.2,1
M94.3,1
M94.4,1
M94.5,1
M94.6,1
M94.7,1
M94.8,1
M94.9,1
M95,1
M95.0,1
M95.1,1
M95.2,1
M95.3,1
M95.4,1
M95.5,1
M95.6,1
M95.7,1
M95.8,1
M95.9,1
M96,1
M96.0,1
M96.1,1
M96.2,1
M96.3,1
M96.4,1
M96.5,1
M96.6,1
M96.7,1
M96.8,1
M96.9,1
M97,1
M97.0,1
M97.1,1
M97.2,1
M97.3,1
M97.4,1
M97.5,1
M97.6,1
M97.7,1
M97.8,1
M97.9,1
M98,1
M98.0,1
M98.1,1
M98.2,1
M98.3,1
M98.4,1
M98.5,1
M98.6,1
M98.7,1
M98.8,1
M98.9,1
M99,1
M99.0,1
M99.1,1
M99.2,1
M99.3,1
M99.4,1
M99.5,1
M99.6,1
M99.7,1
M99.8,1
M99.9,1
N09,3
N13,3
N13.0,3
N13.1,3
N13.2,3
N13.3,3
N13.4,3
N13.5,3
N13.7,3
N13.8,3
N13.9,3
N17,1
N17.0,1
N17.1,1
N17.2,1
N17.3,1
N17.4,1
N17.5,1
N17.6,1
N17.7,1
N17.8,1
N17.9,1
N19,1
N19.0,1
N19.1,1
N19.2,1
N19.3,1
N19.4,1
N19.5,1
N19.6,1
N19.7,1
N19.8,1
N19.9,1
N24,3
N28,3
N28.8,3
N28.9,3
N32,1
N32.1,1
N32.2,1
N32.8,1
N32.9,1
N33,1
N33.0,1
N33.1,1
N33.2,1
N33.3,1
N33.4,1
N33.5,1
N33.6,1
N33.7,1
N33.8,1
N35,1
N35.0,1
N35.1,1
N35.2,1
N35.3,1
N35.4,1
N35.5,1
N35.6,1
N35.7,1
N35.8,1
N35.9,1
N37,1
N37.0,1
N37.1,1
N37.2,1
N37.3,1
N37.4,1
N37.5,1
N37.6,1
N37.7,1
N37.8,1
N38,3
N39,1
N39,3
N39.3,1
N39.4,1
N39.5,1
N39.6,1
N39.7,1
N39.8,1
N39.9,3
N40,3
N40.0,3
N40.1,3
N40.2,3
N40.3,3
N40.4,3
N40.5,3
N40.6,3
N40.7,3
N40.8,3
N40.9,3
N42,1
N42.0,1
N42.1,1
N42.2,1
N42.3,1
N42.4,1
N42.5,1
N42.6,1
N42.7,1
N42.8,1
N42.9,1
N43,1
N43.0,1
N43.1,1
N43.2,1
N43.3,1
N43.4,1
N44,1
N44.1,1
N44.2,1
N44.3,1
N44.4,1
N44.5,1
N44.6,1
N44.7,1
N44.8,1
N46,1
N46.0,1
N46.1,1
N46.2,1
N46.3,1
N46.4,1
N46.5,1
N46.6,1
N46.7,1
N46.8,1
N46.9,1
N47,1
N47.0,1
N47.1,1
N47.2,1
N47.3,1
N47.4,1
N47.5,1
N47.6,1
N47.7,1
N47.8,1
N47.9,1
N48,1
N48.0,1
N48.1,1
N48.2,1
N48.3,1
N48.4,1
N48.5,1
N48.6,1
N48.7,1
N48.8,1
N48.9,1
N50,1
N50.0,1
N50.1,1
N50.2,1
N50.3,1
N50.4,1
N50.5,1
N50.6,1
N50.7,1
N50.8,1
N50.9,1
N51,1
N51.0,1
N51.1,1
N51.2,1
N51.3,1
N51.4,1
N51.5,1
N51.6,1
N51.7,1
N51.8,1
N51.9,1
N52,1
N52.0,1
N52.1,1
N52.2,1
N52.3,1
N52.4,1
N52.5,1
N52.6,1
N52.7,1
N52.8,1
N52.9,1
N53,1
N53.0,1
N53.1,1
N53.2,1
N53.3,1
N53.4,1
N53.5,1
N53.6,1
N53.7,1
N53.8,1
N53.9,1
N54,3
N54.0,3
N54.1,3
N54.2,3
N54.3,3
N54.4,3
N54.5,3
N54.6,3
N54.7,3
N54.8,3
N54.9,3
N55,3
N55.0,3
N55.1,3
N55.2,3
N55.3,3
N55.4,3
N55.5,3
N55.6,3
N55.7,3
N55.8,3
N55.9,3
N56,3
N56.0,3
N56.1,3
N56.2,3
N56.3,3
N56.4,3
N56.5,3
N56.6,3
N56.7,3
N56.8,3
N56.9,3
N57,3
N57.0,3
N57.1,3
N57.2,3
N57.3,3
N57.4,3
N57.5,3
N57.6,3
N57.7,3
N57.8,3
N57.9,3
N58,3
N58.0,3
N58.1,3
N58.2,3
N58.3,3
N58.4,3
N58.5,3
N58.6,3
N58.7,3
N58.8,3
N58.9,3
N59,3
N59.0,3
N59.1,3
N59.2,3
N59.3,3
N59.4,3
N59.5,3
N59.6,3
N59.7,3
N59.8,3
N59.9,3
N61,1
N61.0,1
N61.1,1
N61.2,1
N61.3,1
N61.4,1
N61.5,1
N61.6,1
N61.7,1
N61.8,1
N61.9,1
N62,1
N62.0,1
N62.1,1
N62.2,1
N62.3,1
N62.4,1
N62.5,1
N62.6,1
N62.7,1
N62.8,1
N62.9,1
N63,1
N63.0,1
N63.1,1
N63.2,1
N63.3,1
N63.4,1
N63.5,1
N63.6,1
N63.7,1
N63.8,1
N63.9,1
N64,1
N64.0,1
N64.1,1
N64.2,1
N64.3,1
N64.4,1
N64.5,1
N64.6,1
N64.7,1
N64.8,1
N64.9,1
N66,3
N66.0,3
N66.1,3
N66.2,3
N66.3,3
N66.4,3
N66.5,3
N66.6,3
N66.7,3
N66.8,3
N66.9,3
N67,3
N67.0,3
N67.1,3
N67.2,3
N67.3,3
N67.4,3
N67.5,3
N67.6,3
N67.7,3
N67.8,3
N67.9,3
N68,3
N68.0,3
N68.1,3
N68.2,3
N68.3,3
N68.4,3
N68.5,3
N68.6,3
N68.7,3
N68.8,3
N68.9,3
N69,3
N69.0,3
N69.1,3
N69.2,3
N69.3,3
N69.4,3
N69.5,3
N69.6,3
N69.7,3
N69.8,3
N69.9,3
N70,2
N70.0,2
N70.1,2
N70.2,2
N70.3,2
N70.4,2
N70.5,2
N70.6,2
N70.7,2
N70.8,2
N70.9,2
N71,2
N71.0,2
N71.1,2
N71.2,2
N71.3,2
N71.4,2
N71.5,2
N71.6,2
N71.7,2
N71.8,2
N71.9,2
N73,2
N73.0,2
N73.1,2
N73.2,2
N73.3,2
N73.4,2
N73.5,2
N73.6,2
N73.7,2
N73.8,2
N73.9,2
N74,2
N74.0,2
N74.2,2
N74.3,2
N74.4,2
N74.5,2
N74.6,2
N74.7,2
N74.8,2
N78,3
N78.0,3
N78.1,3
N78.2,3
N78.3,3
N78.4,3
N78.5,3
N78.6,3
N78.7,3
N78.8,3
N78.9,3
N79,3
N79.0,3
N79.1,3
N79.2,3
N79.3,3
N79.4,3
N79.5,3
N79.6,3
N79.7,3
N79.8,3
N79.9,3
N82,1
N82.0,1
N82.1,1
N82.2,1
N82.3,1
N82.4,1
N82.5,1
N82.6,1
N82.7,1
N82.8,1
N82.9,1
N84,3
N84.2,3
N84.3,3
N84.4,3
N84.5,3
N84.6,3
N84.7,3
N84.8,3
N84.9,3
N85,3
N85.0,3
N85.1,3
N85.2,3
N85.3,3
N85.4,3
N85.5,3
N85.6,3
N85.7,3
N85.8,3
N85.9,3
N86,3
N86.0,3
N86.1,3
N86.2,3
N86.3,3
N86.4,3
N86.5,3
N86.6,3
N86.7,3
N86.8,3
N86.9,3
N88,3
N88.0,3
N88.1,3
N88.2,3
N88.3,3
N88.4,3
N88.5,3
N88.6,3
N88.7,3
N88.8,3
N88.9,3
N89,3
N89.0,3
N89.1,3
N89.2,3
N89.3,3
N89.4,3
N89.5,3
N89.6,3
N89.7,3
N89.8,3
N89.9,3
N90,3
N90.0,3
N90.1,3
N90.2,3
N90.3,3
N90.4,3
N90.5,3
N90.6,3
N90.7,3
N90.8,3
N90.9,3
N91,1
N91.0,1
N91.1,1
N91.2,1
N91.3,1
N91.4,1
N91.5,1
N92,3
N92.0,3
N92.1,3
N92.2,3
N92.3,3
N92.4,3
N92.5,3
N92.6,3
N92.7,3
N92.8,3
N92.9,3
N93,3
N93.0,3
N93.1,3
N93.2,3
N93.3,3
N93.4,3
N93.5,3
N93.6,3
N93.7,3
N93.8,3
N93.9,3
N94,3
N94.0,3
N94.1,3
N94.2,3
N94.3,3
N94.4,3
N94.5,3
N94.6,3
N94.7,3
N94.8,3
N94.9,3
N95,1
N95.0,3
N95.1,1
N95.2,1
N95.3,1
N95.4,1
N95.5,1
N95.6,1
N95.7,1
N95.8,1
N95.9,1
N97,1
N97.0,1
N97.1,1
N97.2,1
N97.3,1
N97.4,1
N97.5,1
N97.6,1
N97.7,1
N97.8,1
N97.9,1
O08,3
O08.0,3
O08.1,3
O08.2,3
O08.3,3
O08.4,3
O08.5,3
O08.6,3
O08.7,3
O08.8,3
O08.9,3
O17,3
O17.0,3
O17.1,3
O17.2,3
O17.3,3
O17.4,3
O17.5,3
O17.6,3
O17.7,3
O17.8,3
O17.9,3
O18,3
O18.0,3
O18.1,3
O18.2,3
O18.3,3
O18.4,3
O18.5,3
O18.6,3
O18.7,3
O18.8,3
O18.9,3
O19,3
O19.0,3
O19.1,3
O19.2,3
O19.3,3
O19.4,3
O19.5,3
O19.6,3
O19.7,3
O19.8,3
O19.9,3
O27,3
O37,3
O37.0,3
O37.1,3
O37.2,3
O37.3,3
O37.4,3
O37.5,3
O37.6,3
O37.7,3
O37.8,3
O37.9,3
O38,3
O38.0,3
O38.1,3
O38.2,3
O38.3,3
O38.4,3
O38.5,3
O38.6,3
O38.7,3
O38.8,3
O38.9,3
O39,3
O39.0,3
O39.1,3
O39.2,3
O39.3,3
O39.4,3
O39.5,3
O39.6,3
O39.7,3
O39.8,3
O39.9,3
O49,3
O49.0,3
O49.1,3
O49.2,3
O49.3,3
O49.4,3
O49.5,3
O49.6,3
O49.7,3
O49.8,3
O49.9,3
O50,3
O50.0,3
O50.1,3
O50.2,3
O50.3,3
O50.4,3
O50.5,3
O50.6,3
O50.7,3
O50.8,3
O50.9,3
O51,3
O51.0,3
O51.1,3
O51.2,3
O51.3,3
O51.4,3
O51.5,3
O51.6,3
O51.7,3
O51.8,3
O51.9,3
O52,3
O52.0,3
O52.1,3
O52.2,3
O52.3,3
O52.4,3
O52.5,3
O52.6,3
O52.7,3
O52.8,3
O52.9,3
O53,3
O53.0,3
O53.1,3
O53.2,3
O53.3,3
O53.4,3
O53.5,3
O53.6,3
O53.7,3
O53.8,3
O53.9,3
O54,3
O54.0,3
O54.1,3
O54.2,3
O54.3,3
O54.4,3
O54.5,3
O54.6,3
O54.7,3
O54.8,3
O54.9,3
O55,3
O55.0,3
O55.1,3
O55.2,3
O55.3,3
O55.4,3
O55.5,3
O55.6,3
O55.7,3
O55.8,3
O55.9,3
O56,3
O56.0,3
O56.1,3
O56.2,3
O56.3,3
O56.4,3
O56.5,3
O56.6,3
O56.7,3
O56.8,3
O56.9,3
O57,3
O57.0,3
O57.1,3
O57.2,3
O57.3,3
O57.4,3
O57.5,3
O57.6,3
O57.7,3
O57.8,3
O57.9,3
O58,3
O58.0,3
O58.1,3
O58.2,3
O58.3,3
O58.4,3
O58.5,3
O58.6,3
O58.7,3
O58.8,3
O58.9,3
O59,3
O59.0,3
O59.1,3
O59.2,3
O59.3,3
O59.4,3
O59.5,3
O59.6,3
O59.7,3
O59.8,3
O59.9,3
O78,3
O78.0,3
O78.1,3
O78.2,3
O78.3,3
O78.4,3
O78.5,3
O78.6,3
O78.7,3
O78.8,3
O78.9,3
O79,3
O79.0,3
O79.1,3
O79.2,3
O79.3,3
O79.4,3
O79.5,3
O79.6,3
O79.7,3
O79.8,3
O79.9,3
O93,3
O93.0,3
O93.1,3
O93.2,3
O93.3,3
O93.4,3
O93.5,3
O93.6,3
O93.7,3
O93.8,3
O93.9,3
O94,3
O94.0,3
O94.1,3
O94.2,3
O94.3,3
O94.4,3
O94.5,3
O94.6,3
O94.7,3
O94.8,3
O94.9,3
O95,3
O95.0,3
O95.1,3
O95.2,3
O95.3,3
O95.4,3
O95.5,3
O95.6,3
O95.7,3
O95.8,3
O95.9,3
P06,3
P16,3
P16.0,3
P16.1,3
P16.2,3
P16.3,3
P16.4,3
P16.5,3
P16.6,3
P16.7,3
P16.8,3
P16.9,3
P17,3
P17.0,3
P17.1,3
P17.2,3
P17.3,3
P17.4,3
P17.5,3
P17.6,3
P17.7,3
P17.8,3
P17.9,3
P18,3
P18.0,3
P18.1,3
P18.2,3
P18.3,3
P18.4,3
P18.5,3
P18.6,3
P18.7,3
P18.8,3
P18.9,3
P23,4
P23.5,4
P23.6,4
P23.7,4
P23.8,4
P23.9,4
P30,3
P30.0,3
P30.1,3
P30.2,3
P30.3,3
P30.4,3
P30.5,3
P30.6,3
P30.7,3
P30.8,3
P30.9,3
P31,3
P31.0,3
P31.1,3
P31.2,3
P31.3,3
P31.4,3
P31.5,3
P31.6,3
P31.7,3
P31.8,3
P31.9,3
P32,3
P32.0,3
P32.1,3
P32.2,3
P32.3,3
P32.4,3
P32.5,3
P32.6,3
P32.7,3
P32.8,3
P32.9,3
P33,3
P33.0,3
P33.1,3
P33.2,3
P33.3,3
P33.4,3
P33.5,3
P33.6,3
P33.7,3
P33.8,3
P33.9,3
P34,3
P34.0,3
P34.1,3
P34.2,3
P37,4
P37.3,4
P37.4,4
P40,3
P40.0,3
P40.1,3
P40.2,3
P40.3,3
P40.4,3
P40.5,3
P40.6,3
P40.7,3
P40.8,3
P40.9,3
P41,3
P41.0,3
P41.1,3
P41.2,3
P41.3,3
P41.4,3
P41.5,3
P41.6,3
P41.7,3
P41.8,3
P41.9,3
P42,3
P42.0,3
P42.1,3
P42.2,3
P42.3,3
P42.4,3
P42.5,3
P42.6,3
P42.7,3
P42.8,3
P42.9,3
P43,3
P43.0,3
P43.1,3
P43.2,3
P43.3,3
P43.4,3
P43.5,3
P43.6,3
P43.7,3
P43.8,3
P43.9,3
P44,3
P44.0,3
P44.1,3
P44.2,3
P44.3,3
P44.4,3
P44.5,3
P44.6,3
P44.7,3
P44.8,3
P44.9,3
P45,3
P45.0,3
P45.1,3
P45.2,3
P45.3,3
P45.4,3
P45.5,3
P45.6,3
P45.7,3
P45.8,3
P45.9,3
P46,3
P46.0,3
P46.1,3
P46.2,3
P46.3,3
P46.4,3
P46.5,3
P46.6,3
P46.7,3
P46.8,3
P46.9,3
P47,3
P47.0,3
P47.1,3
P47.2,3
P47.3,3
P47.4,3
P47.5,3
P47.6,3
P47.7,3
P47.8,3
P47.9,3
P48,3
P48.0,3
P48.1,3
P48.2,3
P48.3,3
P48.4,3
P48.5,3
P48.6,3
P48.7,3
P48.8,3
P48.9,3
P49,3
P49.0,3
P49.1,3
P49.2,3
P49.3,3
P49.4,3
P49.5,3
P49.6,3
P49.7,3
P49.8,3
P49.9,3
P62,3
P62.0,3
P62.1,3
P62.2,3
P62.3,3
P62.4,3
P62.5,3
P62.6,3
P62.7,3
P62.8,3
P62.9,3
P63,3
P63.0,3
P63.1,3
P63.2,3
P63.3,3
P63.4,3
P63.5,3
P63.6,3
P63.7,3
P63.8,3
P63.9,3
P64,3
P64.0,3
P64.1,3
P64.2,3
P64.3,3
P64.4,3
P64.5,3
P64.6,3
P64.7,3
P64.8,3
P64.9,3
P65,3
P65.0,3
P65.1,3
P65.2,3
P65.3,3
P65.4,3
P65.5,3
P65.6,3
P65.7,3
P65.8,3
P65.9,3
P66,3
P66.0,3
P66.1,3
P66.2,3
P66.3,3
P66.4,3
P66.5,3
P66.6,3
P66.7,3
P66.8,3
P66.9,3
P67,3
P67.0,3
P67.1,3
P67.2,3
P67.3,3
P67.4,3
P67.5,3
P67.6,3
P67.7,3
P67.8,3
P67.9,3
P68,3
P68.0,3
P68.1,3
P68.2,3
P68.3,3
P68.4,3
P68.5,3
P68.6,3
P68.7,3
P68.8,3
P68.9,3
P69,3
P69.0,3
P69.1,3
P69.2,3
P69.3,3
P69.4,3
P69.5,3
P69.6,3
P69.7,3
P69.8,3
P69.9,3
P73,3
P79,3
P82,3
P85,3
P85.0,3
P85.1,3
P85.2,3
P85.3,3
P85.4,3
P85.5,3
P85.6,3
P85.7,3
P85.8,3
P85.9,3
P86,3
P86.0,3
P86.1,3
P86.2,3
P86.3,3
P86.4,3
P86.5,3
P86.6,3
P86.7,3
P86.8,3
P86.9,3
P87,3
P87.0,3
P87.1,3
P87.2,3
P87.3,3
P87.4,3
P87.5,3
P87.6,3
P87.7,3
P87.8,3
P87.9,3
P88,3
P88.0,3
P88.1,3
P88.2,3
P88.3,3
P88.4,3
P88.5,3
P88.6,3
P88.7,3
P88.8,3
P88.9,3
P89,3
P89.0,3
P89.1,3
P89.2,3
P89.3,3
P89.4,3
P89.5,3
P89.6,3
P89.7,3
P89.8,3
P89.9,3
P96,3
P96.9,3
P97,3
P97.0,3
P97.1,3
P97.2,3
P97.3,3
P97.4,3
P97.5,3
P97.6,3
P97.7,3
P97.8,3
P97.9,3
P98,3
P98.0,3
P98.1,3
P98.2,3
P98.3,3
P98.4,3
P98.5,3
P98.6,3
P98.7,3
P98.8,3
P98.9,3
P99,3
P99.0,3
P99.1,3
P99.2,3
P99.3,3
P99.4,3
P99.5,3
P99.6,3
P99.7,3
P99.8,3
P99.9,3
Q08,3
Q08.0,3
Q08.1,3
Q08.2,3
Q08.3,3
Q08.4,3
Q08.5,3
Q08.6,3
Q08.7,3
Q08.8,3
Q08.9,3
Q09,3
Q09.0,3
Q09.1,3
Q09.2,3
Q09.3,3
Q09.4,3
Q09.5,3
Q09.6,3
Q09.7,3
Q09.8,3
Q09.9,3
Q10,3
Q10.0,3
Q10.1,3
Q10.2,3
Q10.3,3
Q19,3
Q29,3
Q29.0,3
Q29.1,3
Q29.2,3
Q29.3,3
Q29.4,3
Q29.5,3
Q29.6,3
Q29.7,3
Q29.8,3
Q29.9,3
Q36,3
Q36.0,3
Q36.1,3
Q36.2,3
Q36.3,3
Q36.4,3
Q36.5,3
Q36.6,3
Q36.7,3
Q36.8,3
Q36.9,3
Q46,3
Q46.0,3
Q46.1,3
Q46.2,3
Q46.3,3
Q46.4,3
Q46.5,3
Q46.6,3
Q46.7,3
Q46.8,3
Q46.9,3
Q47,3
Q47.0,3
Q47.1,3
Q47.2,3
Q47.3,3
Q47.4,3
Q47.5,3
Q47.6,3
Q47.7,3
Q47.8,3
Q47.9,3
Q48,3
Q48.0,3
Q48.1,3
Q48.2,3
Q48.3,3
Q48.4,3
Q48.5,3
Q48.6,3
Q48.7,3
Q48.8,3
Q48.9,3
Q49,3
Q49.0,3
Q49.1,3
Q49.2,3
Q49.3,3
Q49.4,3
Q49.5,3
Q49.6,3
Q49.7,3
Q49.8,3
Q49.9,3
Q88,3
Q89.9,3
Q94,3
Q99.9,3
R00,3
R00.0,3
R00.1,3
R00.2,3
R00.3,3
R00.4,3
R00.5,3
R00.6,3
R00.7,3
R00.8,3
R00.9,3
R01,3
R01.0,3
R01.1,3
R01.2,3
R02,1
R02.0,1
R02.1,1
R02.2,1
R02.3,1
R02.4,1
R02.5,1
R02.6,1
R02.7,1
R02.8,1
R02.9,1
R03,2
R03.0,2
R03.1,1
R04,2
R04.0,2
R04.1,2
R04.2,2
R04.3,2
R04.4,2
R04.5,2
R04.6,2
R04.7,2
R04.8,2
R04.9,2
R05,2
R05.0,2
R05.1,2
R05.2,2
R05.3,2
R05.4,2
R05.5,2
R05.6,2
R05.7,2
R05.8,2
R05.9,2
R06,2
R06.0,2
R06.1,2
R06.2,2
R06.3,2
R06.4,2
R06.5,2
R06.6,2
R06.7,2
R06.8,2
R06.9,2
R07,3
R07.0,1
R07.1,3
R07.2,3
R07.3,3
R07.4,3
R07.5,3
R07.6,3
R07.7,3
R07.8,3
R07.9,3
R08,1
R08.0,1
R08.1,1
R08.2,1
R08.3,1
R08.4,1
R08.5,1
R08.6,1
R08.7,1
R08.8,1
R08.9,1
R09,1
R09,2
R09.0,1
R09.0,2
R09.1,1
R09.1,2
R09.2,1
R09.2,2
R09.3,1
R09.4,1
R09.5,1
R09.6,1
R09.7,1
R09.8,1
R09.8,2
R09.9,2
R09.9,1
R10,2
R10.0,2
R10.1,2
R10.2,2
R10.3,2
R10.4,2
R10.5,2
R10.6,2
R10.7,2
R10.8,2
R10.9,2
R11,1
R11.0,1
R11.1,1
R11.2,1
R11.3,1
R11.4,1
R11.5,1
R11.6,1
R11.7,1
R11.8,1
R11.9,1
R12,1
R12.0,1
R13,2
R13.0,2
R13.1,2
R13.2,2
R13.3,2
R13.4,2
R13.5,2
R13.6,2
R13.7,2
R13.8,2
R13.9,2
R14,1
R14.0,1
R14.1,1
R14.2,1
R14.3,1
R14.4,1
R14.5,1
R14.6,1
R14.7,1
R14.8,1
R14.9,1
R15,1
R15.0,1
R15.1,1
R15.2,1
R15.3,1
R15.4,1
R15.5,1
R15.6,1
R15.7,1
R15.8,1
R15.9,1
R16,1
R16.0,1
R16.1,1
R16.2,1
R16.3,1
R16.4,1
R16.5,1
R16.6,1
R16.7,1
R16.8,1
R16.9,1
R17,1
R17.0,1
R17.1,1
R17.2,1
R17.3,1
R17.4,1
R17.5,1
R17.6,1
R17.7,1
R17.8,1
R17.9,1
R18,1
R18.0,1
R18.1,1
R18.2,1
R18.3,1
R18.4,1
R18.5,1
R18.6,1
R18.7,1
R18.8,1
R18.9,1
R19,1
R19.0,1
R19.1,1
R19.2,1
R19.3,1
R19.4,1
R19.5,1
R19.6,1
R19.8,1
R19.9,1
R20,1
R20.0,1
R20.1,1
R20.2,1
R20.3,1
R20.4,1
R20.5,1
R20.6,1
R20.7,1
R20.8,1
R20.9,1
R21,1
R21.0,1
R21.1,1
R21.2,1
R21.3,1
R21.4,1
R21.5,1
R21.6,1
R21.7,1
R21.8,1
R21.9,1
R22,1
R22.0,1
R22.1,1
R22.2,1
R22.3,1
R22.4,1
R22.5,1
R22.6,1
R22.7,1
R22.8,1
R22.9,1
R23,1
R23.0,2
R23.0,1
R23.1,1
R23.2,1
R23.3,1
R23.4,1
R23.5,1
R23.6,1
R23.7,1
R23.8,1
R23.9,1
R24,1
R24.0,1
R24.1,1
R24.2,1
R24.3,1
R24.4,1
R24.5,1
R24.6,1
R24.7,1
R24.8,1
R24.9,1
R25,1
R25.0,1
R25.1,1
R25.2,1
R25.3,1
R25.4,1
R25.5,1
R25.6,1
R25.7,1
R25.8,1
R25.9,1
R26,1
R26.0,1
R26.1,1
R26.2,1
R26.3,1
R26.4,1
R26.5,1
R26.6,1
R26.7,1
R26.8,1
R26.9,1
R27,1
R27.0,1
R27.1,1
R27.2,1
R27.3,1
R27.4,1
R27.5,1
R27.6,1
R27.7,1
R27.8,1
R27.9,1
R28,1
R28.0,1
R28.1,1
R28.2,1
R28.3,1
R28.4,1
R28.5,1
R28.6,1
R28.7,1
R28.8,1
R28.9,1
R29,1
R29.0,1
R29.1,1
R29.2,1
R29.3,1
R29.4,1
R29.5,1
R29.6,1
R29.7,1
R29.8,1
R29.9,1
R30,1
R30.0,1
R30.1,1
R30.2,1
R30.3,1
R30.4,1
R30.5,1
R30.6,1
R30.7,1
R30.8,1
R30.9,1
R31,3
R31.0,3
R31.1,3
R31.2,3
R31.3,3
R31.4,3
R31.5,3
R31.6,3
R31.7,3
R31.8,3
R31.9,3
R32,1
R32.0,1
R32.1,1
R32.2,1
R32.3,1
R32.4,1
R32.5,1
R32.6,1
R32.7,1
R32.8,1
R32.9,1
R33,1
R33.0,1
R33.1,1
R33.2,1
R33.3,1
R33.4,1
R33.5,1
R33.6,1
R33.7,1
R33.8,1
R33.9,1
R34,1
R34.0,1
R34.1,1
R34.2,1
R34.3,1
R34.4,1
R34.5,1
R34.6,1
R34.7,1
R34.8,1
R34.9,1
R35,1
R35.0,1
R35.1,1
R35.2,1
R35.3,1
R35.4,1
R35.5,1
R35.6,1
R35.7,1
R35.8,1
R35.9,1
R36,1
R36.0,1
R36.1,1
R36.2,1
R36.3,1
R36.4,1
R36.5,1
R36.6,1
R36.7,1
R36.8,1
R36.9,1
R37,1
R37.0,1
R37.1,1
R37.2,1
R37.3,1
R37.4,1
R37.5,1
R37.6,1
R37.7,1
R37.8,1
R37.9,1
R38,1
R38.0,1
R38.1,1
R38.2,1
R38.3,1
R38.4,1
R38.5,1
R38.6,1
R38.7,1
R38.8,1
R38.9,1
R39,1
R39.0,1
R39.1,1
R39.2,1
R39.3,1
R39.4,1
R39.5,1
R39.6,1
R39.7,1
R39.8,1
R39.9,1
R40,1
R40.0,1
R40.1,1
R40.2,1
R40.3,1
R40.4,1
R40.5,1
R40.6,1
R40.7,1
R40.8,1
R40.9,1
R41,1
R41.0,1
R41.1,1
R41.2,1
R41.3,1
R41.4,1
R41.5,1
R41.6,1
R41.7,1
R41.8,1
R41.9,1
R42,1
R42.0,1
R42.1,1
R42.2,1
R42.3,1
R42.4,1
R42.5,1
R42.6,1
R42.7,1
R42.8,1
R42.9,1
R43,1
R43.0,1
R43.1,1
R43.2,1
R43.3,1
R43.4,1
R43.5,1
R43.6,1
R43.7,1
R43.8,1
R43.9,1
R44,1
R44.0,1
R44.1,1
R44.2,1
R44.3,1
R44.4,1
R44.5,1
R44.6,1
R44.7,1
R44.8,1
R44.9,1
R45,1
R45.0,1
R45.1,1
R45.2,1
R45.3,1
R45.4,1
R45.5,1
R45.6,1
R45.7,1
R45.8,1
R45.9,1
R46,1
R46.0,1
R46.1,1
R46.2,1
R46.3,1
R46.4,1
R46.5,1
R46.6,1
R46.7,1
R46.8,1
R46.9,1
R47,1
R47.0,1
R47.1,1
R47.2,1
R47.3,1
R47.4,1
R47.5,1
R47.6,1
R47.7,1
R47.8,1
R47.9,1
R48,1
R48.0,1
R48.1,1
R48.2,1
R48.3,1
R48.4,1
R48.5,1
R48.6,1
R48.7,1
R48.8,1
R48.9,1
R49,1
R49.0,1
R49.1,1
R49.2,1
R49.3,1
R49.4,1
R49.5,1
R49.6,1
R49.7,1
R49.8,1
R49.9,1
R50,1
R50.0,1
R50.1,1
R50.8,1
R50.9,1
R51,1
R51.0,1
R51.1,1
R51.2,1
R51.3,1
R51.4,1
R51.5,1
R51.6,1
R51.7,1
R51.8,1
R51.9,1
R52,1
R52.0,1
R52.1,1
R52.2,1
R52.3,1
R52.4,1
R52.5,1
R52.6,1
R52.7,1
R52.8,1
R52.9,1
R53,1
R53.0,1
R53.1,1
R53.2,1
R53.3,1
R53.4,1
R53.5,1
R53.6,1
R53.7,1
R53.8,1
R53.9,1
R54,1
R54.0,1
R54.1,1
R54.2,1
R54.3,1
R54.4,1
R54.5,1
R54.6,1
R54.7,1
R54.8,1
R54.9,1
R55,1
R55.0,1
R55.1,1
R55.2,1
R55.3,1
R55.4,1
R55.5,1
R55.6,1
R55.7,1
R55.8,1
R55.9,1
R56,1
R56.0,1
R56.1,1
R56.2,1
R56.3,1
R56.4,1
R56.5,1
R56.6,1
R56.7,1
R56.8,1
R56.9,1
R57,1
R57.0,1
R57.1,1
R57.2,1
R57.3,1
R57.4,1
R57.5,1
R57.6,1
R57.7,1
R57.8,1
R57.9,1
R58,2
R58,1
R58.0,1
R58.1,1
R58.2,1
R58.3,1
R58.4,1
R58.5,1
R58.6,1
R58.7,1
R58.8,1
R58.9,1
R59,1
R59.0,1
R59.1,1
R59.2,1
R59.3,1
R59.4,1
R59.5,1
R59.6,1
R59.7,1
R59.8,1
R59.9,1
R60,1
R60.0,1
R60.1,1
R60.2,1
R60.3,1
R60.4,1
R60.5,1
R60.6,1
R60.7,1
R60.8,1
R60.9,1
R61,1
R61.0,1
R61.1,1
R61.2,1
R61.3,1
R61.4,1
R61.5,1
R61.6,1
R61.7,1
R61.8,1
R61.9,1
R62,1
R62.0,1
R62.1,1
R62.2,1
R62.3,1
R62.4,1
R62.5,1
R62.6,1
R62.7,1
R62.8,1
R62.9,1
R63,1
R63.0,1
R63.1,1
R63.2,1
R63.3,1
R63.4,1
R63.5,1
R63.6,1
R63.7,1
R63.8,1
R63.9,1
R64,1
R64.0,1
R64.1,1
R64.2,1
R64.3,1
R64.4,1
R64.5,1
R64.6,1
R64.7,1
R64.8,1
R64.9,1
R65,1
R65.0,1
R65.1,1
R65.2,1
R65.3,1
R65.4,1
R65.5,1
R65.6,1
R65.7,1
R65.8,1
R65.9,1
R66,1
R66.0,1
R66.1,1
R66.2,1
R66.3,1
R66.4,1
R66.5,1
R66.6,1
R66.7,1
R66.8,1
R66.9,1
R67,1
R67.0,1
R67.1,1
R67.2,1
R67.3,1
R67.4,1
R67.5,1
R67.6,1
R67.7,1
R67.8,1
R67.9,1
R68,1
R68.0,1
R68.1,1
R68.2,1
R68.3,1
R68.4,1
R68.5,1
R68.6,1
R68.7,1
R68.8,1
R68.9,1
R69,1
R69.0,1
R69.1,1
R69.2,1
R69.3,1
R69.4,1
R69.5,1
R69.6,1
R69.7,1
R69.8,1
R69.9,1
R70,1
R70.0,1
R70.1,1
R70.2,1
R70.3,1
R70.4,1
R70.5,1
R70.6,1
R70.7,1
R70.8,1
R70.9,1
R71,1
R71.0,1
R71.1,1
R71.2,1
R71.3,1
R71.4,1
R71.5,1
R71.6,1
R71.7,1
R71.8,1
R71.9,1
R72,1
R72.0,1
R72.1,1
R72.2,1
R72.3,1
R72.4,1
R72.5,1
R72.6,1
R72.7,1
R72.8,1
R72.9,1
R73,4
R73.0,4
R73.1,4
R73.2,4
R73.3,4
R73.4,4
R73.5,4
R73.6,4
R73.7,4
R73.8,4
R73.9,4
R74,1
R74.0,1
R74.1,1
R74.2,1
R74.3,1
R74.4,1
R74.5,1
R74.6,1
R74.7,1
R74.8,1
R74.9,1
R75,1
R75.0,1
R75.1,1
R75.2,1
R75.3,1
R75.4,1
R75.5,1
R75.6,1
R75.7,1
R75.8,1
R75.9,1
R76,1
R76.0,1
R76.1,1
R76.2,1
R76.3,1
R76.4,1
R76.5,1
R76.6,1
R76.7,1
R76.8,1
R76.9,1
R77,1
R77.0,1
R77.1,1
R77.2,1
R77.3,1
R77.4,1
R77.5,1
R77.6,1
R77.7,1
R77.8,1
R77.9,1
R78,1
R78.0,1
R78.1,1
R78.2,1
R78.3,1
R78.4,1
R78.5,1
R78.6,1
R78.7,1
R78.8,1
R78.9,1
R79,1
R79.0,1
R79.1,1
R79.2,1
R79.3,1
R79.4,1
R79.5,1
R79.6,1
R79.7,1
R79.8,1
R79.9,1
R80,1
R80.0,1
R80.1,1
R80.2,1
R80.3,1
R80.4,1
R80.5,1
R80.6,1
R80.7,1
R80.8,1
R80.9,1
R81,1
R81.0,1
R81.1,1
R81.2,1
R81.3,1
R81.4,1
R81.5,1
R81.6,1
R81.7,1
R81.8,1
R81.9,1
R82,1
R82.0,1
R82.1,1
R82.2,1
R82.3,1
R82.4,1
R82.5,1
R82.6,1
R82.7,1
R82.8,1
R82.9,1
R83,1
R83.0,1
R83.1,1
R83.2,1
R83.3,1
R83.4,1
R83.5,1
R83.6,1
R83.7,1
R83.8,1
R83.9,1
R84,1
R84.0,1
R84.1,1
R84.2,1
R84.3,1
R84.4,1
R84.5,1
R84.6,1
R84.7,1
R84.8,1
R84.9,1
R85,1
R85.0,1
R85.1,1
R85.2,1
R85.3,1
R85.4,1
R85.5,1
R85.6,1
R85.7,1
R85.8,1
R85.9,1
R86,1
R86.0,1
R86.1,1
R86.2,1
R86.3,1
R86.4,1
R86.5,1
R86.6,1
R86.7,1
R86.8,1
R86.9,1
R87,1
R87.0,1
R87.1,1
R87.2,1
R87.3,1
R87.4,1
R87.5,1
R87.6,1
R87.7,1
R87.8,1
R87.9,1
R88,1
R88.0,1
R88.1,1
R88.2,1
R88.3,1
R88.4,1
R88.5,1
R88.6,1
R88.7,1
R88.8,1
R88.9,1
R89,1
R89.0,1
R89.1,1
R89.2,1
R89.3,1
R89.4,1
R89.5,1
R89.6,1
R89.7,1
R89.8,1
R89.9,1
R90,1
R90.0,1
R90.1,1
R90.2,1
R90.3,1
R90.4,1
R90.5,1
R90.6,1
R90.7,1
R90.8,1
R90.9,1
R91,1
R91.0,1
R91.1,1
R91.2,1
R91.3,1
R91.4,1
R91.5,1
R91.6,1
R91.7,1
R91.8,1
R91.9,1
R92,1
R92.0,1
R92.1,1
R92.2,1
R92.3,1
R92.4,1
R92.5,1
R92.6,1
R92.7,1
R92.8,1
R92.9,1
R93,1
R93.0,1
R93.1,1
R93.2,1
R93.3,1
R93.4,1
R93.5,1
R93.6,1
R93.7,1
R93.8,1
R93.9,1
R94,1
R94.0,1
R94.1,1
R94.2,1
R94.3,1
R94.4,1
R94.5,1
R94.6,1
R94.7,1
R94.8,1
R96,1
R96.0,1
R96.1,1
R96.2,1
R96.3,1
R96.4,1
R96.5,1
R96.6,1
R96.7,1
R96.8,1
R96.9,1
R97,1
R97.0,1
R97.1,1
R97.2,1
R97.3,1
R97.4,1
R97.5,1
R97.6,1
R97.7,1
R97.8,1
R97.9,1
R98,1
R98.0,1
R98.1,1
R98.2,1
R98.3,1
R98.4,1
R98.5,1
R98.6,1
R98.7,1
R98.8,1
R98.9,1
R99,1
R99.0,1
R99.1,1
R99.2,1
R99.3,1
R99.4,1
R99.5,1
R99.6,1
R99.7,1
R99.8,1
R99.9,1
U05,1
U07,1
U07.0,1
U07.1,1
U07.2,1
U07.3,1
U07.4,1
U07.5,1
U07.6,1
U07.7,1
U07.8,1
U07.9,1
U08,1
U08.0,1
U08.1,1
U08.2,1
U08.3,1
U08.4,1
U08.5,1
U08.6,1
U08.7,1
U08.8,1
U08.9,1
U09,1
U09.0,1
U09.1,1
U09.2,1
U09.3,1
U09.4,1
U09.5,1
U09.6,1
U09.7,1
U09.8,1
U09.9,1
U10,1
U10.0,1
U10.1,1
U10.2,1
U10.3,1
U10.4,1
U10.5,1
U10.6,1
U10.7,1
U10.8,1
U10.9,1
U11,1
U11.0,1
U11.1,1
U11.2,1
U11.3,1
U11.4,1
U11.5,1
U11.6,1
U11.7,1
U11.8,1
U11.9,1
U12,1
U12.0,1
U12.1,1
U12.2,1
U12.3,1
U12.4,1
U12.5,1
U12.6,1
U12.7,1
U12.8,1
U12.9,1
U13,1
U13.0,1
U13.1,1
U13.2,1
U13.3,1
U13.4,1
U13.5,1
U13.6,1
U13.7,1
U13.8,1
U13.9,1
U14,1
U14.0,1
U14.1,1
U14.2,1
U14.3,1
U14.4,1
U14.5,1
U14.6,1
U14.7,1
U14.8,1
U14.9,1
U15,1
U15.0,1
U15.1,1
U15.2,1
U15.3,1
U15.4,1
U15.5,1
U15.6,1
U15.7,1
U15.8,1
U15.9,1
U16,1
U16.0,1
U16.1,1
U16.2,1
U16.3,1
U16.4,1
U16.5,1
U16.6,1
U16.7,1
U16.8,1
U16.9,1
U17,1
U17.0,1
U17.1,1
U17.2,1
U17.3,1
U17.4,1
U17.5,1
U17.6,1
U17.7,1
U17.8,1
U17.9,1
U18,1
U18.0,1
U18.1,1
U18.2,1
U18.3,1
U18.4,1
U18.5,1
U18.6,1
U18.7,1
U18.8,1
U18.9,1
U19,1
U19.0,1
U19.1,1
U19.2,1
U19.3,1
U19.4,1
U19.5,1
U19.6,1
U19.7,1
U19.8,1
U19.9,1
U20,1
U20.0,1
U20.1,1
U20.2,1
U20.3,1
U20.4,1
U20.5,1
U20.6,1
U20.7,1
U20.8,1
U20.9,1
U21,1
U21.0,1
U21.1,1
U21.2,1
U21.3,1
U21.4,1
U21.5,1
U21.6,1
U21.7,1
U21.8,1
U21.9,1
U22,1
U22.0,1
U22.1,1
U22.2,1
U22.3,1
U22.4,1
U22.5,1
U22.6,1
U22.7,1
U22.8,1
U22.9,1
U23,1
U23.0,1
U23.1,1
U23.2,1
U23.3,1
U23.4,1
U23.5,1
U23.6,1
U23.7,1
U23.8,1
U23.9,1
U24,1
U24.0,1
U24.1,1
U24.2,1
U24.3,1
U24.4,1
U24.5,1
U24.6,1
U24.7,1
U24.8,1
U24.9,1
U25,1
U25.0,1
U25.1,1
U25.2,1
U25.3,1
U25.4,1
U25.5,1
U25.6,1
U25.7,1
U25.8,1
U25.9,1
U26,1
U26.0,1
U26.1,1
U26.2,1
U26.3,1
U26.4,1
U26.5,1
U26.6,1
U26.7,1
U26.8,1
U26.9,1
U27,1
U27.0,1
U27.1,1
U27.2,1
U27.3,1
U27.4,1
U27.5,1
U27.6,1
U27.7,1
U27.8,1
U27.9,1
U28,1
U28.0,1
U28.1,1
U28.2,1
U28.3,1
U28.4,1
U28.5,1
U28.6,1
U28.7,1
U28.8,1
U28.9,1
U29,1
U29.0,1
U29.1,1
U29.2,1
U29.3,1
U29.4,1
U29.5,1
U29.6,1
U29.7,1
U29.8,1
U29.9,1
U30,1
U30.0,1
U30.1,1
U30.2,1
U30.3,1
U30.4,1
U30.5,1
U30.6,1
U30.7,1
U30.8,1
U30.9,1
U31,1
U31.0,1
U31.1,1
U31.2,1
U31.3,1
U31.4,1
U31.5,1
U31.6,1
U31.7,1
U31.8,1
U31.9,1
U32,1
U32.0,1
U32.1,1
U32.2,1
U32.3,1
U32.4,1
U32.5,1
U32.6,1
U32.7,1
U32.8,1
U32.9,1
U33,1
U33.0,1
U33.1,1
U33.2,1
U33.3,1
U33.4,1
U33.5,1
U33.6,1
U33.7,1
U33.8,1
U33.9,1
U34,1
U34.0,1
U34.1,1
U34.2,1
U34.3,1
U34.4,1
U34.5,1
U34.6,1
U34.7,1
U34.8,1
U34.9,1
U35,1
U35.0,1
U35.1,1
U35.2,1
U35.3,1
U35.4,1
U35.5,1
U35.6,1
U35.7,1
U35.8,1
U35.9,1
U36,1
U36.0,1
U36.1,1
U36.2,1
U36.3,1
U36.4,1
U36.5,1
U36.6,1
U36.7,1
U36.8,1
U36.9,1
U37,1
U37.0,1
U37.1,1
U37.2,1
U37.3,1
U37.4,1
U37.5,1
U37.6,1
U37.7,1
U37.8,1
U37.9,1
U38,1
U38.0,1
U38.1,1
U38.2,1
U38.3,1
U38.4,1
U38.5,1
U38.6,1
U38.7,1
U38.8,1
U38.9,1
U39,1
U39.0,1
U39.1,1
U39.2,1
U39.3,1
U39.4,1
U39.5,1
U39.6,1
U39.7,1
U39.8,1
U39.9,1
U40,1
U40.0,1
U40.1,1
U40.2,1
U40.3,1
U40.4,1
U40.5,1
U40.6,1
U40.7,1
U40.8,1
U40.9,1
U41,1
U41.0,1
U41.1,1
U41.2,1
U41.3,1
U41.4,1
U41.5,1
U41.6,1
U41.7,1
U41.8,1
U41.9,1
U42,1
U42.0,1
U42.1,1
U42.2,1
U42.3,1
U42.4,1
U42.5,1
U42.6,1
U42.7,1
U42.8,1
U42.9,1
U43,1
U43.0,1
U43.1,1
U43.2,1
U43.3,1
U43.4,1
U43.5,1
U43.6,1
U43.7,1
U43.8,1
U43.9,1
U44,1
U44.0,1
U44.1,1
U44.2,1
U44.3,1
U44.4,1
U44.5,1
U44.6,1
U44.7,1
U44.8,1
U44.9,1
U45,1
U45.0,1
U45.1,1
U45.2,1
U45.3,1
U45.4,1
U45.5,1
U45.6,1
U45.7,1
U45.8,1
U45.9,1
U46,1
U46.0,1
U46.1,1
U46.2,1
U46.3,1
U46.4,1
U46.5,1
U46.6,1
U46.7,1
U46.8,1
U46.9,1
U47,1
U47.0,1
U47.1,1
U47.2,1
U47.3,1
U47.4,1
U47.5,1
U47.6,1
U47.7,1
U47.8,1
U47.9,1
U48,1
U48.0,1
U48.1,1
U48.2,1
U48.3,1
U48.4,1
U48.5,1
U48.6,1
U48.7,1
U48.8,1
U48.9,1
U49,1
U49.0,1
U49.1,1
U49.2,1
U49.3,1
U49.4,1
U49.5,1
U49.6,1
U49.7,1
U49.8,1
U49.9,1
U50,1
U50.0,1
U50.1,1
U50.2,1
U50.3,1
U50.4,1
U50.5,1
U50.6,1
U50.7,1
U50.8,1
U50.9,1
U51,1
U51.0,1
U51.1,1
U51.2,1
U51.3,1
U51.4,1
U51.5,1
U51.6,1
U51.7,1
U51.8,1
U51.9,1
U52,1
U52.0,1
U52.1,1
U52.2,1
U52.3,1
U52.4,1
U52.5,1
U52.6,1
U52.7,1
U52.8,1
U52.9,1
U53,1
U53.0,1
U53.1,1
U53.2,1
U53.3,1
U53.4,1
U53.5,1
U53.6,1
U53.7,1
U53.8,1
U53.9,1
U54,1
U54.0,1
U54.1,1
U54.2,1
U54.3,1
U54.4,1
U54.5,1
U54.6,1
U54.7,1
U54.8,1
U54.9,1
U55,1
U55.0,1
U55.1,1
U55.2,1
U55.3,1
U55.4,1
U55.5,1
U55.6,1
U55.7,1
U55.8,1
U55.9,1
U56,1
U56.0,1
U56.1,1
U56.2,1
U56.3,1
U56.4,1
U56.5,1
U56.6,1
U56.7,1
U56.8,1
U56.9,1
U57,1
U57.0,1
U57.1,1
U57.2,1
U57.3,1
U57.4,1
U57.5,1
U57.6,1
U57.7,1
U57.8,1
U57.9,1
U58,1
U58.0,1
U58.1,1
U58.2,1
U58.3,1
U58.4,1
U58.5,1
U58.6,1
U58.7,1
U58.8,1
U58.9,1
U59,1
U59.0,1
U59.1,1
U59.2,1
U59.3,1
U59.4,1
U59.5,1
U59.6,1
U59.7,1
U59.8,1
U59.9,1
U60,1
U60.0,1
U60.1,1
U60.2,1
U60.3,1
U60.4,1
U60.5,1
U60.6,1
U60.7,1
U60.8,1
U60.9,1
U61,1
U61.0,1
U61.1,1
U61.2,1
U61.3,1
U61.4,1
U61.5,1
U61.6,1
U61.7,1
U61.8,1
U61.9,1
U62,1
U62.0,1
U62.1,1
U62.2,1
U62.3,1
U62.4,1
U62.5,1
U62.6,1
U62.7,1
U62.8,1
U62.9,1
U63,1
U63.0,1
U63.1,1
U63.2,1
U63.3,1
U63.4,1
U63.5,1
U63.6,1
U63.7,1
U63.8,1
U63.9,1
U64,1
U64.0,1
U64.1,1
U64.2,1
U64.3,1
U64.4,1
U64.5,1
U64.6,1
U64.7,1
U64.8,1
U64.9,1
U65,1
U65.0,1
U65.1,1
U65.2,1
U65.3,1
U65.4,1
U65.5,1
U65.6,1
U65.7,1
U65.8,1
U65.9,1
U66,1
U66.0,1
U66.1,1
U66.2,1
U66.3,1
U66.4,1
U66.5,1
U66.6,1
U66.7,1
U66.8,1
U66.9,1
U67,1
U67.0,1
U67.1,1
U67.2,1
U67.3,1
U67.4,1
U67.5,1
U67.6,1
U67.7,1
U67.8,1
U67.9,1
U68,1
U68.0,1
U68.1,1
U68.2,1
U68.3,1
U68.4,1
U68.5,1
U68.6,1
U68.7,1
U68.8,1
U68.9,1
U69,1
U69.0,1
U69.1,1
U69.2,1
U69.3,1
U69.4,1
U69.5,1
U69.6,1
U69.7,1
U69.8,1
U69.9,1
U70,1
U70.0,1
U70.1,1
U70.2,1
U70.3,1
U70.4,1
U70.5,1
U70.6,1
U70.7,1
U70.8,1
U70.9,1
U71,1
U71.0,1
U71.1,1
U71.2,1
U71.3,1
U71.4,1
U71.5,1
U71.6,1
U71.7,1
U71.8,1
U71.9,1
U72,1
U72.0,1
U72.1,1
U72.2,1
U72.3,1
U72.4,1
U72.5,1
U72.6,1
U72.7,1
U72.8,1
U72.9,1
U73,1
U73.0,1
U73.1,1
U73.2,1
U73.3,1
U73.4,1
U73.5,1
U73.6,1
U73.7,1
U73.8,1
U73.9,1
U74,1
U74.0,1
U74.1,1
U74.2,1
U74.3,1
U74.4,1
U74.5,1
U74.6,1
U74.7,1
U74.8,1
U74.9,1
U75,1
U75.0,1
U75.1,1
U75.2,1
U75.3,1
U75.4,1
U75.5,1
U75.6,1
U75.7,1
U75.8,1
U75.9,1
U76,1
U76.0,1
U76.1,1
U76.2,1
U76.3,1
U76.4,1
U76.5,1
U76.6,1
U76.7,1
U76.8,1
U76.9,1
U77,1
U77.0,1
U77.1,1
U77.2,1
U77.3,1
U77.4,1
U77.5,1
U77.6,1
U77.7,1
U77.8,1
U77.9,1
U78,1
U78.0,1
U78.1,1
U78.2,1
U78.3,1
U78.4,1
U78.5,1
U78.6,1
U78.7,1
U78.8,1
U78.9,1
U79,1
U79.0,1
U79.1,1
U79.2,1
U79.3,1
U79.4,1
U79.5,1
U79.6,1
U79.7,1
U79.8,1
U79.9,1
U80,1
U80.0,1
U80.1,1
U80.2,1
U80.3,1
U80.4,1
U80.5,1
U80.6,1
U80.7,1
U80.8,1
U80.9,1
U81,1
U81.0,1
U81.1,1
U81.2,1
U81.3,1
U81.4,1
U81.5,1
U81.6,1
U81.7,1
U81.8,1
U81.9,1
U89,1
U89.9,1
U90,1
U90.0,1
U90.1,1
U90.2,1
U90.3,1
U90.4,1
U90.5,1
U90.6,1
U90.7,1
U90.8,1
U90.9,1
U91,1
U91.0,1
U91.1,1
U91.2,1
U91.3,1
U91.4,1
U91.5,1
U91.6,1
U91.7,1
U91.8,1
U91.9,1
U92,1
U92.0,1
U92.1,1
U92.2,1
U92.3,1
U92.4,1
U92.5,1
U92.6,1
U92.7,1
U92.8,1
U92.9,1
U93,1
U93.0,1
U93.1,1
U93.2,1
U93.3,1
U93.4,1
U93.5,1
U93.6,1
U93.7,1
U93.8,1
U93.9,1
U94,1
U94.0,1
U94.1,1
U94.2,1
U94.3,1
U94.4,1
U94.5,1
U94.6,1
U94.7,1
U94.8,1
U94.9,1
U95,1
U95.0,1
U95.1,1
U95.2,1
U95.3,1
U95.4,1
U95.5,1
U95.6,1
U95.7,1
U95.8,1
U95.9,1
U96,1
U96.0,1
U96.1,1
U96.2,1
U96.3,1
U96.4,1
U96.5,1
U96.6,1
U96.7,1
U96.8,1
U96.9,1
U97,1
U97.0,1
U97.1,1
U97.2,1
U97.3,1
U97.4,1
U97.5,1
U97.6,1
U97.7,1
U97.8,1
U97.9,1
U98,1
U98.0,1
U98.1,1
U98.2,1
U98.3,1
U98.4,1
U98.5,1
U98.6,1
U98.7,1
U98.8,1
U98.9,1
U99,1
U99.0,1
U99.1,1
U99.2,1
U99.3,1
U99.4,1
U99.5,1
U99.6,1
U99.7,1
U99.8,1
U99.9,1
V87,4
V87.0,4
V87.1,4
V87.4,4
V87.5,4
V87.6,4
V87.7,4
V87.8,4
V87.9,4
V88,4
V88.0,4
V88.1,4
V88.4,4
V88.5,4
V88.6,4
V88.7,4
V88.8,4
V88.9,4
V89,4
V89.0,4
V89.1,4
V89.2,4
V89.3,4
V89.4,4
V89.5,4
V89.6,4
V89.7,4
V89.8,4
V89.9,4
V99,4
V99.0,4
W47,2
W47.0,2
W47.1,2
W47.2,2
W47.3,2
W47.4,2
W47.5,2
W47.6,2
W47.7,2
W47.8,2
W47.9,2
W48,2
W48.0,2
W48.1,2
W48.2,2
W48.3,2
W48.4,2
W48.5,2
W48.6,2
W48.7,2
W48.8,2
W48.9,2
W63,2
W71,2
W71.0,2
W71.1,2
W71.2,2
W71.3,2
W71.4,2
W71.5,2
W71.6,2
W71.7,2
W71.8,2
W71.9,2
W72,2
W72.0,2
W72.1,2
W72.2,2
W72.3,2
W72.4,2
W72.5,2
W72.6,2
W72.7,2
W72.8,2
W72.9,2
W76,2
W76.0,2
W76.1,2
W76.2,2
W76.3,2
W76.4,2
W76.5,2
W76.6,2
W76.7,2
W76.8,2
W76.9,2
W82,2
W95,2
W95.0,2
W95.1,2
W95.2,2
W95.3,2
W95.4,2
W95.5,2
W95.6,2
W95.7,2
W95.8,2
W95.9,2
W96,2
W96.0,2
W96.1,2
W96.2,2
W96.3,2
W96.4,2
W96.5,2
W96.6,2
W96.7,2
W96.8,2
W96.9,2
W97,2
W97.0,2
W97.1,2
W97.2,2
W97.3,2
W97.4,2
W97.5,2
W97.6,2
W97.7,2
W97.8,2
W97.9,2
W98,2
X07,2
X40,1
X40.0,1
X40.1,1
X40.2,1
X40.3,1
X40.4,1
X40.5,1
X40.6,1
X40.7,1
X40.8,1
X40.9,1
X41,1
X41.0,1
X41.1,1
X41.2,1
X41.3,1
X41.4,1
X41.5,1
X41.6,1
X41.7,1
X41.8,1
X41.9,1
X42,1
X42.0,1
X42.1,1
X42.2,1
X42.3,1
X42.4,1
X42.5,1
X42.6,1
X42.7,1
X42.8,1
X42.9,1
X43,1
X43.0,1
X43.1,1
X43.2,1
X43.3,1
X43.4,1
X43.5,1
X43.6,1
X43.7,1
X43.8,1
X43.9,1
X44,1
X44.0,1
X44.1,1
X44.2,1
X44.3,1
X44.4,1
X44.5,1
X44.6,1
X44.7,1
X44.8,1
X44.9,1
X46,1
X46.0,1
X46.1,1
X46.2,1
X46.3,1
X46.4,1
X46.5,1
X46.6,1
X46.7,1
X46.8,1
X46.9,1
X49,1
X49.0,1
X49.1,1
X49.2,1
X49.3,1
X49.4,1
X49.5,1
X49.6,1
X49.7,1
X49.8,1
X49.9,1
X55,2
X55.0,2
X55.1,2
X55.2,2
X55.3,2
X55.4,2
X55.5,2
X55.6,2
X55.7,2
X55.8,2
X55.9,2
X56,2
X56.0,2
X56.1,2
X56.2,2
X56.3,2
X56.4,2
X56.5,2
X56.6,2
X56.7,2
X56.8,2
X56.9,2
X59,2
X59.0,2
X59.1,2
X59.2,2
X59.3,2
X59.4,2
X59.5,2
X59.6,2
X59.7,2
X59.8,2
X59.9,2
X84,4
X84.0,4
X84.1,4
X84.2,4
X84.3,4
X84.4,4
X84.5,4
X84.6,4
X84.7,4
X84.8,4
X84.9,4
Y09,4
Y09.0,4
Y09.1,4
Y09.2,4
Y09.3,4
Y09.4,4
Y09.5,4
Y09.6,4
Y09.7,4
Y09.8,4
Y09.9,4
Y10,1
Y10.0,1
Y10.1,1
Y10.2,1
Y10.3,1
Y10.4,1
Y10.5,1
Y10.6,1
Y10.7,1
Y10.8,1
Y10.9,1
Y11,1
Y11.0,1
Y11.1,1
Y11.2,1
Y11.3,1
Y11.4,1
Y11.5,1
Y11.6,1
Y11.7,1
Y11.8,1
Y11.9,1
Y12,1
Y12.0,1
Y12.1,1
Y12.2,1
Y12.3,1
Y12.4,1
Y12.5,1
Y12.6,1
Y12.7,1
Y12.8,1
Y12.9,1
Y13,1
Y13.0,1
Y13.1,1
Y13.2,1
Y13.3,1
Y13.4,1
Y13.5,1
Y13.6,1
Y13.7,1
Y13.8,1
Y13.9,1
Y14,1
Y14.0,1
Y14.1,1
Y14.2,1
Y14.3,1
Y14.4,1
Y14.5,1
Y14.6,1
Y14.7,1
Y14.8,1
Y14.9,1
Y16,1
Y16.0,1
Y16.1,1
Y16.2,1
Y16.3,1
Y16.4,1
Y16.5,1
Y16.6,1
Y16.7,1
Y16.8,1
Y16.9,1
Y17,1
Y17.0,1
Y17.1,1
Y17.2,1
Y17.3,1
Y17.4,1
Y17.5,1
Y17.6,1
Y17.7,1
Y17.8,1
Y17.9,1
Y18,1
Y18.0,1
Y18.1,1
Y18.2,1
Y18.3,1
Y18.4,1
Y18.5,1
Y18.6,1
Y18.7,1
Y18.8,1
Y18.9,1
Y19,1
Y19.0,1
Y19.1,1
Y19.2,1
Y19.3,1
Y19.4,1
Y19.5,1
Y19.6,1
Y19.7,1
Y19.8,1
Y19.9,1
Y20,2
Y20.0,2
Y20.1,2
Y20.2,2
Y20.3,2
Y20.4,2
Y20.5,2
Y20.6,2
Y20.7,2
Y20.8,2
Y20.9,2
Y21,2
Y21.0,2
Y21.1,2
Y21.2,2
Y21.3,2
Y21.4,2
Y21.5,2
Y21.6,2
Y21.7,2
Y21.8,2
Y21.9,2
Y22,2
Y22.0,2
Y22.1,2
Y22.2,2
Y22.3,2
Y22.4,2
Y22.5,2
Y22.6,2
Y22.7,2
Y22.8,2
Y22.9,2
Y23,2
Y23.0,2
Y23.1,2
Y23.2,2
Y23.3,2
Y23.4,2
Y23.5,2
Y23.6,2
Y23.7,2
Y23.8,2
Y23.9,2
Y24,2
Y24.0,2
Y24.1,2
Y24.2,2
Y24.3,2
Y24.4,2
Y24.5,2
Y24.6,2
Y24.7,2
Y24.8,2
Y24.9,2
Y25,2
Y25.0,2
Y25.1,2
Y25.2,2
Y25.3,2
Y25.4,2
Y25.5,2
Y25.6,2
Y25.7,2
Y25.8,2
Y25.9,2
Y26,2
Y26.0,2
Y26.1,2
Y26.2,2
Y26.3,2
Y26.4,2
Y26.5,2
Y26.6,2
Y26.7,2
Y26.8,2
Y26.9,2
Y27,2
Y27.0,2
Y27.1,2
Y27.2,2
Y27.3,2
Y27.4,2
Y27.5,2
Y27.6,2
Y27.7,2
Y27.8,2
Y27.9,2
Y28,2
Y28.0,2
Y28.1,2
Y28.2,2
Y28.3,2
Y28.4,2
Y28.5,2
Y28.6,2
Y28.7,2
Y28.8,2
Y28.9,2
Y29,2
Y29.0,2
Y29.1,2
Y29.2,2
Y29.3,2
Y29.4,2
Y29.5,2
Y29.6,2
Y29.7,2
Y29.8,2
Y29.9,2
Y30,2
Y30.0,2
Y30.1,2
Y30.2,2
Y30.3,2
Y30.4,2
Y30.5,2
Y30.6,2
Y30.7,2
Y30.8,2
Y30.9,2
Y31,2
Y31.0,2
Y31.1,2
Y31.2,2
Y31.3,2
Y31.4,2
Y31.5,2
Y31.6,2
Y31.7,2
Y31.8,2
Y31.9,2
Y32,2
Y32.0,2
Y32.1,2
Y32.2,2
Y32.3,2
Y32.4,2
Y32.5,2
Y32.6,2
Y32.7,2
Y32.8,2
Y32.9,2
Y33,2
Y33.0,2
Y33.1,2
Y33.2,2
Y33.3,2
Y33.4,2
Y33.5,2
Y33.6,2
Y33.7,2
Y33.8,2
Y33.9,2
Y34,2
Y34.0,2
Y34.1,2
Y34.2,2
Y34.3,2
Y34.4,2
Y34.5,2
Y34.6,2
Y34.7,2
Y34.8,2
Y34.9,2
Y85,4
Y85.0,4
Y85.1,4
Y85.2,4
Y85.3,4
Y85.4,4
Y85.5,4
Y85.6,4
Y85.7,4
Y85.8,4
Y85.9,4
Y86,2
Y86.0,2
Y86.1,2
Y86.2,2
Y86.3,2
Y86.4,2
Y86.5,2
Y86.6,2
Y86.7,2
Y86.8,2
Y86.9,2
Y87,2
Y87.0,2
Y87.1,2
Y87.2,2
Y87.3,2
Y87.4,2
Y87.5,2
Y87.6,2
Y87.7,2
Y87.8,2
Y87.9,2
Y89,2
Y89.9,2
Y90,2
Y90.0,2
Y90.1,2
Y90.2,2
Y90.3,2
Y90.4,2
Y90.5,2
Y90.6,2
Y90.7,2
Y90.8,2
Y90.9,2
Y91,2
Y91.0,2
Y91.1,2
Y91.2,2
Y91.3,2
Y91.4,2
Y91.5,2
Y91.6,2
Y91.7,2
Y91.8,2
Y91.9,2
Y92,2
Y92.0,2
Y92.1,2
Y92.2,2
Y92.3,2
Y92.4,2
Y92.5,2
Y92.6,2
Y92.7,2
Y92.8,2
Y92.9,2
Y93,2
Y93.0,2
Y93.1,2
Y93.2,2
Y93.3,2
Y93.4,2
Y93.5,2
Y93.6,2
Y93.7,2
Y93.8,2
Y93.9,2
Y94,2
Y94.0,2
Y94.1,2
Y94.2,2
Y94.3,2
Y94.4,2
Y94.5,2
Y94.6,2
Y94.7,2
Y94.8,2
Y94.9,2
Y95,2
Y95.0,2
Y95.1,2
Y95.2,2
Y95.3,2
Y95.4,2
Y95.5,2
Y95.6,2
Y95.7,2
Y95.8,2
Y95.9,2
Y96,2
Y96.0,2
Y96.1,2
Y96.2,2
Y96.3,2
Y96.4,2
Y96.5,2
Y96.6,2
Y96.7,2
Y96.8,2
Y96.9,2
Y97,2
Y97.0,2
Y97.1,2
Y97.2,2
Y97.3,2
Y97.4,2
Y97.5,2
Y97.6,2
Y97.7,2
Y97.8,2
Y97.9,2
Y98,2
Y98.0,2
Y98.1,2
Y98.2,2
Y98.3,2
Y98.4,2
Y98.5,2
Y98.6,2
Y98.7,2
Y98.8,2
Y98.9,2
Y99,2
Y99.0,2
Y99.1,2
Y99.2,2
Y99.3,2
Y99.4,2
Y99.5,2
Y99.6,2
Y99.7,2
Y99.8,2
Y99.9,2
Z00,1
Z00.0,1
Z00.1,1
Z00.2,1
Z00.3,1
Z00.4,1
Z00.5,1
Z00.6,1
Z00.7,1
Z00.8,1
Z00.9,1
Z01,1
Z01.0,1
Z01.1,1
Z01.2,1
Z01.3,1
Z01.4,1
Z01.5,1
Z01.6,1
Z01.7,1
Z01.8,1
Z01.9,1
Z02,1
Z02.0,1
Z02.1,1
Z02.2,1
Z02.3,1
Z02.4,1
Z02.5,1
Z02.6,1
Z02.7,1
Z02.8,1
Z02.9,1
Z03,1
Z03.0,1
Z03.1,1
Z03.2,1
Z03.3,1
Z03.4,1
Z03.5,1
Z03.6,1
Z03.7,1
Z03.8,1
Z03.9,1
Z04,1
Z04.0,1
Z04.1,1
Z04.2,1
Z04.3,1
Z04.4,1
Z04.5,1
Z04.6,1
Z04.7,1
Z04.8,1
Z04.9,1
Z05,1
Z05.0,1
Z05.1,1
Z05.2,1
Z05.3,1
Z05.4,1
Z05.5,1
Z05.6,1
Z05.7,1
Z05.8,1
Z05.9,1
Z06,1
Z06.0,1
Z06.1,1
Z06.2,1
Z06.3,1
Z06.4,1
Z06.5,1
Z06.6,1
Z06.7,1
Z06.8,1
Z06.9,1
Z07,1
Z07.0,1
Z07.1,1
Z07.2,1
Z07.3,1
Z07.4,1
Z07.5,1
Z07.6,1
Z07.7,1
Z07.8,1
Z07.9,1
Z08,1
Z08.0,1
Z08.1,1
Z08.2,1
Z08.3,1
Z08.4,1
Z08.5,1
Z08.6,1
Z08.7,1
Z08.8,1
Z08.9,1
Z09,1
Z09.0,1
Z09.1,1
Z09.2,1
Z09.3,1
Z09.4,1
Z09.5,1
Z09.6,1
Z09.7,1
Z09.8,1
Z09.9,1
Z10,1
Z10.0,1
Z10.1,1
Z10.2,1
Z10.3,1
Z10.4,1
Z10.5,1
Z10.6,1
Z10.7,1
Z10.8,1
Z10.9,1
Z11,1
Z11.0,1
Z11.1,1
Z11.2,1
Z11.3,1
Z11.4,1
Z11.5,1
Z11.6,1
Z11.7,1
Z11.8,1
Z11.9,1
Z12,1
Z12.0,1
Z12.1,1
Z12.2,1
Z12.3,1
Z12.4,1
Z12.5,1
Z12.6,1
Z12.7,1
Z12.8,1
Z12.9,1
Z13,1
Z13.0,1
Z13.1,1
Z13.2,1
Z13.3,1
Z13.4,1
Z13.5,1
Z13.6,1
Z13.7,1
Z13.8,1
Z13.9,1
Z14,1
Z14.0,1
Z14.1,1
Z14.2,1
Z14.3,1
Z14.4,1
Z14.5,1
Z14.6,1
Z14.7,1
Z14.8,1
Z14.9,1
Z15,1
Z15.0,1
Z15.1,1
Z15.2,1
Z15.3,1
Z15.4,1
Z15.5,1
Z15.6,1
Z15.7,1
Z15.8,1
