cluster,period,n,detail_d95,detail_cov
1999-2004_C1,1999-2004,72024,0.8631284916201117,0.9997639675663668
1999-2004_C10,1999-2004,9062,0.729050279329609,0.9960273670271463
1999-2004_C100,1999-2004,482,0.329608938547486,0.8775933609958506
1999-2004_C101,1999-2004,475,0.32122905027932963,0.8947368421052632
1999-2004_C102,1999-2004,473,0.34916201117318435,0.8773784355179703
1999-2004_C103,1999-2004,459,0.3128491620111732,0.9041394335511983
1999-2004_C104,1999-2004,453,0.2988826815642458,0.9139072847682119
1999-2004_C105,1999-2004,439,0.31843575418994413,0.8838268792710706
1999-2004_C106,1999-2004,431,0.30726256983240224,0.877030162412993
1999-2004_C107,1999-2004,429,0.31564245810055863,0.8811188811188811
1999-2004_C108,1999-2004,426,0.2849162011173184,0.903755868544601
1999-2004_C109,1999-2004,419,0.31843575418994413,0.8687350835322196
1999-2004_C11,1999-2004,8725,0.7150837988826816,0.9946131805157593
1999-2004_C110,1999-2004,412,0.2905027932960894,0.8786407766990292
1999-2004_C111,1999-2004,383,0.2877094972067039,0.8746736292428199
1999-2004_C112,1999-2004,382,0.2905027932960894,0.8664921465968587
1999-2004_C113,1999-2004,380,0.31564245810055863,0.8421052631578947
1999-2004_C114,1999-2004,376,0.2905027932960894,0.8856382978723404
1999-2004_C115,1999-2004,374,0.30726256983240224,0.8663101604278075
1999-2004_C116,1999-2004,354,0.2988826815642458,0.8757062146892656
1999-2004_C117,1999-2004,353,0.28212290502793297,0.858356940509915
1999-2004_C118,1999-2004,349,0.28212290502793297,0.8710601719197708
1999-2004_C119,1999-2004,347,0.2737430167597765,0.8789625360230547
1999-2004_C12,1999-2004,8293,0.6955307262569832,0.9951766550102497
1999-2004_C120,1999-2004,347,0.2737430167597765,0.8731988472622478
1999-2004_C121,1999-2004,345,0.2905027932960894,0.8695652173913043
1999-2004_C122,1999-2004,342,0.24860335195530725,0.8801169590643275
1999-2004_C123,1999-2004,337,0.2709497206703911,0.8516320474777448
1999-2004_C124,1999-2004,335,0.2988826815642458,0.826865671641791
1999-2004_C125,1999-2004,333,0.2709497206703911,0.8678678678678678
1999-2004_C126,1999-2004,331,0.2905027932960894,0.8338368580060422
1999-2004_C127,1999-2004,327,0.2709497206703911,0.8654434250764527
1999-2004_C128,1999-2004,325,0.2430167597765363,0.8861538461538462
1999-2004_C129,1999-2004,324,0.24581005586592178,0.8888888888888888
1999-2004_C13,1999-2004,7560,0.7011173184357542,0.9940476190476191
1999-2004_C130,1999-2004,315,0.26256983240223464,0.8380952380952381
1999-2004_C131,1999-2004,313,0.276536312849162,0.8274760383386581
1999-2004_C132,1999-2004,312,0.24581005586592178,0.875
1999-2004_C133,1999-2004,311,0.2737430167597765,0.8778135048231511
1999-2004_C134,1999-2004,310,0.276536312849162,0.8290322580645162
1999-2004_C135,1999-2004,304,0.26536312849162014,0.819078947368421
1999-2004_C136,1999-2004,301,0.25977653631284914,0.867109634551495
1999-2004_C137,1999-2004,301,0.26536312849162014,0.8305647840531561
1999-2004_C138,1999-2004,294,0.24860335195530725,0.8435374149659864
1999-2004_C139,1999-2004,291,0.2681564245810056,0.8350515463917526
1999-2004_C14,1999-2004,6639,0.6759776536312849,0.99517999698749815
1999-2004_C140,1999-2004,290,0.26256983240223464,0.8206896551724138
1999-2004_C141,1999-2004,286,0.24860335195530725,0.8601398601398601
1999-2004_C142,1999-2004,279,0.2681564245810056,0.8100358422939068
1999-2004_C143,1999-2004,276,0.26536312849162014,0.8115942028985508
1999-2004_C144,1999-2004,276,0.2430167597765363,0.8623188405797102
1999-2004_C145,1999-2004,275,0.25139664804469275,0.8436363636363636
1999-2004_C146,1999-2004,275,0.2206703910614525,0.8872727272727272
1999-2004_C147,1999-2004,266,0.2569832402234637,0.8233082706766918
1999-2004_C148,1999-2004,259,0.23184357541899442,0.8494208494208494
1999-2004_C149,1999-2004,258,0.24022346368715083,0.8255813953488372
1999-2004_C15,1999-2004,5969,0.6703910614525139,0.9934662422516335
1999-2004_C150,1999-2004,256,0.26256983240223464,0.79296875
1999-2004_C151,1999-2004,253,0.23743016759776536,0.8063241106719368
1999-2004_C152,1999-2004,237,0.23184357541899442,0.8143459915611815
1999-2004_C153,1999-2004,233,0.24022346368715083,0.8283261802575107
1999-2004_C154,1999-2004,233,0.23184357541899442,0.8068669527896996
1999-2004_C155,1999-2004,230,0.23743016759776536,0.8130434782608695
1999-2004_C156,1999-2004,228,0.23184357541899442,0.8245614035087719
1999-2004_C157,1999-2004,227,0.23184357541899442,0.8237885462555066
1999-2004_C158,1999-2004,226,0.20670391061452514,0.8672566371681416
1999-2004_C159,1999-2004,224,0.22625698324022347,0.8035714285714286
1999-2004_C16,1999-2004,5719,0.6536312849162011,0.9931806259835636
1999-2004_C160,1999-2004,222,0.22346368715083798,0.8108108108108107
1999-2004_C161,1999-2004,216,0.20949720670391062,0.8194444444444444
1999-2004_C162,1999-2004,216,0.25139664804469275,0.7453703703703703
1999-2004_C163,1999-2004,212,0.2206703910614525,0.7924528301886793
1999-2004_C164,1999-2004,209,0.2011173184357542,0.8229665071770335
1999-2004_C165,1999-2004,208,0.2122905027932961,0.8221153846153846
1999-2004_C166,1999-2004,205,0.19273743016759776,0.8097560975609757
1999-2004_C167,1999-2004,200,0.20391061452513967,0.815
1999-2004_C168,1999-2004,199,0.21508379888268156,0.7839195979899498
1999-2004_C169,1999-2004,197,0.19553072625698323,0.7918781725888324
1999-2004_C17,1999-2004,5650,0.6871508379888268,0.992212389380531
1999-2004_C170,1999-2004,194,0.19832402234636873,0.8092783505154639
1999-2004_C171,1999-2004,193,0.22905027932960895,0.7512953367875648
1999-2004_C172,1999-2004,192,0.19553072625698323,0.78125
1999-2004_C173,1999-2004,190,0.1871508379888268,0.8052631578947369
1999-2004_C174,1999-2004,185,0.18994413407821228,0.7891891891891891
1999-2004_C175,1999-2004,183,0.19832402234636873,0.7704918032786885
1999-2004_C176,1999-2004,178,0.21508379888268156,0.752808988764045
1999-2004_C177,1999-2004,178,0.19832402234636873,0.7584269662921348
1999-2004_C178,1999-2004,176,0.18994413407821228,0.7954545454545454
1999-2004_C179,1999-2004,173,0.16759776536312848,0.7976878612716762
1999-2004_C18,1999-2004,5345,0.664804469273743,0.9919550982226379
1999-2004_C180,1999-2004,170,0.2122905027932961,0.7235294117647059
1999-2004_C181,1999-2004,166,0.17597765363128492,0.7710843373493976
1999-2004_C182,1999-2004,158,0.18156424581005587,0.7658227848101266
1999-2004_C183,1999-2004,152,0.16759776536312848,0.7828947368421053
1999-2004_C184,1999-2004,152,0.1787709497206704,0.7236842105263157
1999-2004_C185,1999-2004,152,0.15921787709497207,0.8026315789473684
1999-2004_C186,1999-2004,151,0.20391061452513967,0.6887417218543046
1999-2004_C187,1999-2004,150,0.18994413407821228,0.72
1999-2004_C188,1999-2004,150,0.19273743016759776,0.7333333333333334
1999-2004_C189,1999-2004,149,0.17597765363128492,0.785234899328859
1999-2004_C19,1999-2004,4683,0.6396648044692738,0.9916720051249199
1999-2004_C190,1999-2004,143,0.17318435754189945,0.7342657342657343
1999-2004_C191,1999-2004,139,0.1787709497206704,0.6906474820143884
1999-2004_C192,1999-2004,137,0.16759776536312848,0.7372262773722628
1999-2004_C193,1999-2004,127,0.15363128491620112,0.7559055118110236
1999-2004_C194,1999-2004,123,0.15921787709497207,0.7398373983739837
1999-2004_C195,1999-2004,112,0.17039106145251395,0.6607142857142857
1999-2004_C196,1999-2004,106,0.13687150837988826,0.7641509433962264
1999-2004_C197,1999-2004,102,0.15921787709497207,0.6274509803921569
1999-2004_C198,1999-2004,84,0.12849162011173185,0.6309523809523809
1999-2004_C199,1999-2004,65,0.10893854748603352,0.5692307692307692
1999-2004_C2,1999-2004,41407,0.8547486033519553,0.9992513343154539
1999-2004_C20,1999-2004,4641,0.6452513966480447,0.9896574014221073
1999-2004_C200,1999-2004,64,0.10335195530726257,0.65625
1999-2004_C201,1999-2004,62,0.10893854748603352,0.5483870967741935
1999-2004_C202,1999-2004,61,0.1005586592178771,0.6065573770491803
1999-2004_C203,1999-2004,60,0.09217877094972067,0.5833333333333333
1999-2004_C204,1999-2004,52,0.08379888268156424,0.6730769230769231
1999-2004_C205,1999-2004,50,0.0893854748603352,0.5800000000000001
1999-2004_C206,1999-2004,50,0.09497206703910614,0.52
1999-2004_C207,1999-2004,44,0.0782122905027933,0.4772727272727273
1999-2004_C208,1999-2004,41,0.08100558659217877,0.4878048780487805
1999-2004_C209,1999-2004,38,0.07262569832402235,0.5526315789473684
1999-2004_C21,1999-2004,4339,0.6452513966480447,0.9887070753629869
1999-2004_C210,1999-2004,37,0.0670391061452514,0.5405405405405406
1999-2004_C211,1999-2004,16,0.027932960893854747,0.5625
1999-2004_C212,1999-2004,25,0.05027932960893855,0.4
1999-2004_C213,1999-2004,14,0.0335195530726257,0.2857142857142857
1999-2004_C214,1999-2004,7,0.01675977653631285,0.2857142857142857
1999-2004_C22,1999-2004,3548,0.5865921787709497,0.987880496054115
1999-2004_C23,1999-2004,3194,0.5837988826815642,0.9840325610519725
1999-2004_C24,1999-2004,3009,0.5642458100558659,0.9847125290794284
1999-2004_C25,1999-2004,2836,0.5726256983240223,0.9844851904090268
1999-2004_C26,1999-2004,2647,0.5558659217877095,0.9826218360408009
1999-2004_C27,1999-2004,2534,0.5754189944134078,0.9782951854775059
1999-2004_C28,1999-2004,2525,0.5251396648044693,0.982970297029703
1999-2004_C29,1999-2004,2497,0.5726256983240223,0.9803764517420905
1999-2004_C3,1999-2004,27748,0.8016759776536313,0.9992792273316996
1999-2004_C30,1999-2004,2497,0.55027932960893855,0.9819783740488587
1999-2004_C31,1999-2004,2444,0.5754189944134078,0.9762684124386252
1999-2004_C32,1999-2004,2388,0.5586592178770949,0.9782244556113903
1999-2004_C33,1999-2004,2184,0.5307262569832403,0.9748168498168498
1999-2004_C34,1999-2004,2157,0.5251396648044693,0.9842373667130273
1999-2004_C35,1999-2004,1953,0.547486033519553,0.9723502304147466
1999-2004_C36,1999-2004,1899,0.5195530726256983,0.9752501316482359
1999-2004_C37,1999-2004,1794,0.5083798882681564,0.9721293199554069
1999-2004_C38,1999-2004,1758,0.4972067039106145,0.9692832764505119
1999-2004_C39,1999-2004,1736,0.5307262569832403,0.966589861751152
1999-2004_C4,1999-2004,23566,0.7932960893854749,0.9990664516676568
1999-2004_C40,1999-2004,1569,0.48324022346368717,0.9681325685149776
1999-2004_C41,1999-2004,1543,0.4692737430167598,0.9669475048606611
1999-2004_C42,1999-2004,1519,0.4776536312849162,0.9684002633311389
1999-2004_C43,1999-2004,1517,0.4692737430167598,0.970336189848385
1999-2004_C44,1999-2004,1505,0.49162011173184356,0.9661129568106313
1999-2004_C45,1999-2004,1488,0.4664804469273743,0.9670698924731183
1999-2004_C46,1999-2004,1401,0.4748603351955307,0.961456102783726
1999-2004_C47,1999-2004,1346,0.48324022346368717,0.9576523031203567
1999-2004_C48,1999-2004,1325,0.4720670391061452,0.9615094339622642
1999-2004_C49,1999-2004,1264,0.43854748603351956,0.9628164556962026
1999-2004_C5,1999-2004,18645,0.770949720670391,0.9984446232233842
1999-2004_C50,1999-2004,1235,0.45251396648044695,0.957085020242915
1999-2004_C51,1999-2004,1155,0.45251396648044695,0.9532467532467532
1999-2004_C52,1999-2004,1155,0.4329608938547486,0.9515151515151515
1999-2004_C53,1999-2004,1145,0.44972067039106145,0.9554585152838428
1999-2004_C54,1999-2004,1137,0.44972067039106145,0.9569041336851363
1999-2004_C55,1999-2004,1120,0.4441340782122905,0.9473214285714285
1999-2004_C56,1999-2004,1116,0.4441340782122905,0.953405017921147
1999-2004_C57,1999-2004,1080,0.4301675977653631,0.9518518518518518
1999-2004_C58,1999-2004,1080,0.44972067039106145,0.9518518518518518
1999-2004_C59,1999-2004,1057,0.43575418994413406,0.9479659413434248
1999-2004_C6,1999-2004,15284,0.7681564245810056,0.9984951583355143
1999-2004_C60,1999-2004,1025,0.38268156424581007,0.96
1999-2004_C61,1999-2004,1018,0.41899441340782123,0.9528487229862476
1999-2004_C62,1999-2004,1016,0.44692737430167595,0.9419291338582677
1999-2004_C63,1999-2004,999,0.41899441340782123,0.948948948948949
1999-2004_C64,1999-2004,970,0.41899441340782123,0.9412371134020618
1999-2004_C65,1999-2004,944,0.4245810055865922,0.9427966101694916
1999-2004_C66,1999-2004,832,0.388268156424581,0.9362980769230769
1999-2004_C67,1999-2004,830,0.40502793296089384,0.9385542168674699
1999-2004_C68,1999-2004,823,0.3715083798882682,0.9441069258809235
1999-2004_C69,1999-2004,793,0.388268156424581,0.9407313997477932
1999-2004_C7,1999-2004,13789,0.7430167597765364,0.9976793095946044
1999-2004_C70,1999-2004,774,0.3770949720670391,0.9366925064599483
1999-2004_C71,1999-2004,771,0.3575418994413408,0.9442282749675746
1999-2004_C72,1999-2004,751,0.37988826815642457,0.9347536617842876
1999-2004_C73,1999-2004,746,0.4022346368715084,0.9262734584450403
1999-2004_C74,1999-2004,730,0.39385474860335196,0.9219178082191781
1999-2004_C75,1999-2004,714,0.37988826815642457,0.9187675070028011
1999-2004_C76,1999-2004,708,0.3743016759776536,0.9293785310734464
1999-2004_C77,1999-2004,704,0.3743016759776536,0.9247159090909091
1999-2004_C78,1999-2004,698,0.3770949720670391,0.9255014326647565
1999-2004_C79,1999-2004,689,0.38268156424581007,0.9216255442670537
1999-2004_C8,1999-2004,11304,0.7346368715083799,0.997169143665959
1999-2004_C80,1999-2004,686,0.36312849162011174,0.9285714285714286
1999-2004_C81,1999-2004,678,0.3435754189944134,0.9277286135693216
1999-2004_C82,1999-2004,665,0.3743016759776536,0.9037593984962407
1999-2004_C83,1999-2004,656,0.36312849162011174,0.9146341463414634
1999-2004_C84,1999-2004,630,0.329608938547486,0.9222222222222223
1999-2004_C85,1999-2004,620,0.38268156424581007,0.9129032258064516
1999-2004_C86,1999-2004,617,0.388268156424581,0.8946515397082658
1999-2004_C87,1999-2004,614,0.35195530726256985,0.9185667752442996
1999-2004_C88,1999-2004,595,0.32122905027932963,0.9294117647058824
1999-2004_C89,1999-2004,590,0.329608938547486,0.9271186440677966
1999-2004_C9,1999-2004,10412,0.723463687150838,0.9973107952362659
1999-2004_C90,1999-2004,583,0.3407821229050279,0.9193825042881647
1999-2004_C91,1999-2004,567,0.3324022346368715,0.9135802469135803
1999-2004_C92,1999-2004,567,0.3435754189944134,0.9223985890652557
1999-2004_C93,1999-2004,559,0.3575418994413408,0.8998211091234347
1999-2004_C94,1999-2004,541,0.3687150837988827,0.8964879852125693
1999-2004_C95,1999-2004,539,0.32122905027932963,0.922077922077922
1999-2004_C96,1999-2004,504,0.3687150837988827,0.873015873015873
1999-2004_C97,1999-2004,495,0.3268156424581006,0.9030303030303031
1999-2004_C98,1999-2004,484,0.33519553072625696,0.8946280991735537
1999-2004_C99,1999-2004,484,0.33519553072625696,0.890495867768595
NA,1999-2004,2469188,0.9692737430167597,0.9999971650599306
2005-2010_C1,2005-2010,70047,0.8631284916201117,0.9997715819378418
2005-2010_C10,2005-2010,9754,0.7206703910614525,0.996206684437154
2005-2010_C100,2005-2010,507,0.3435754189944134,0.8974358974358975
2005-2010_C101,2005-2010,507,0.30446927374301674,0.9388560157790927
2005-2010_C102,2005-2010,504,0.3268156424581006,0.9107142857142857
2005-2010_C103,2005-2010,489,0.3016759776536313,0.9141104294478528
2005-2010_C104,2005-2010,481,0.3407821229050279,0.9064449064449065
2005-2010_C105,2005-2010,465,0.2988826815642458,0.9032258064516129
2005-2010_C106,2005-2010,461,0.3324022346368715,0.8763557483731019
2005-2010_C107,2005-2010,436,0.30446927374301674,0.9174311926605505
2005-2010_C108,2005-2010,419,0.31843575418994413,0.8878281622911695
2005-2010_C109,2005-2010,417,0.30446927374301674,0.8705035971223022
2005-2010_C11,2005-2010,8502,0.7122905027932961,0.9957657021877205
2005-2010_C110,2005-2010,414,0.3100558659217877,0.8816425120772947
2005-2010_C111,2005-2010,410,0.3128491620111732,0.8853658536585366
2005-2010_C112,2005-2010,405,0.30446927374301674,0.8716049382716049
2005-2010_C113,2005-2010,402,0.2877094972067039,0.8955223880597015
2005-2010_C114,2005-2010,388,0.3100558659217877,0.8582474226804124
2005-2010_C115,2005-2010,385,0.329608938547486,0.8363636363636364
2005-2010_C116,2005-2010,378,0.3100558659217877,0.8492063492063492
2005-2010_C117,2005-2010,364,0.25977653631284914,0.8956043956043956
2005-2010_C118,2005-2010,361,0.28212290502793297,0.8781163434903048
2005-2010_C119,2005-2010,361,0.2905027932960894,0.8725761772853186
2005-2010_C12,2005-2010,7803,0.7067039106145251,0.994232987312572
2005-2010_C120,2005-2010,360,0.2709497206703911,0.8972222222222223
2005-2010_C121,2005-2010,357,0.2849162011173184,0.8711484593837535
2005-2010_C122,2005-2010,355,0.2877094972067039,0.8591549295774648
2005-2010_C123,2005-2010,349,0.29329608938547486,0.8481375358166189
2005-2010_C124,2005-2010,348,0.28212290502793297,0.8706896551724138
2005-2010_C125,2005-2010,341,0.26256983240223464,0.8856304985337243
2005-2010_C126,2005-2010,338,0.3100558659217877,0.8431952662721893
2005-2010_C127,2005-2010,328,0.26536312849162014,0.8628048780487805
2005-2010_C128,2005-2010,328,0.25139664804469275,0.8658536585365854
2005-2010_C129,2005-2010,323,0.2988826815642458,0.826625386996904
2005-2010_C13,2005-2010,7258,0.6703910614525139,0.9960044089280794
2005-2010_C130,2005-2010,323,0.26256983240223464,0.8792569659442724
2005-2010_C131,2005-2010,315,0.2709497206703911,0.8476190476190476
2005-2010_C132,2005-2010,312,0.25139664804469275,0.8557692307692308
2005-2010_C133,2005-2010,309,0.25977653631284914,0.8705501618122977
2005-2010_C134,2005-2010,306,0.2681564245810056,0.8333333333333334
2005-2010_C135,2005-2010,301,0.2681564245810056,0.8405315614617941
2005-2010_C136,2005-2010,301,0.25139664804469275,0.8604651162790697
2005-2010_C137,2005-2010,300,0.2569832402234637,0.8566666666666667
2005-2010_C138,2005-2010,290,0.25139664804469275,0.8413793103448276
2005-2010_C139,2005-2010,286,0.26536312849162014,0.8461538461538461
2005-2010_C14,2005-2010,6823,0.6675977653631285,0.9951634178513851
2005-2010_C140,2005-2010,285,0.27932960893854747,0.8491228070175438
2005-2010_C141,2005-2010,282,0.24860335195530725,0.8297872340425532
2005-2010_C142,2005-2010,282,0.26256983240223464,0.8333333333333334
2005-2010_C143,2005-2010,276,0.26256983240223464,0.822463768115942
2005-2010_C144,2005-2010,269,0.25139664804469275,0.8178438661710037
2005-2010_C145,2005-2010,264,0.2346368715083799,0.8484848484848485
2005-2010_C146,2005-2010,261,0.24581005586592178,0.8467432950191571
2005-2010_C147,2005-2010,259,0.24581005586592178,0.833976833976834
2005-2010_C148,2005-2010,255,0.24022346368715083,0.8235294117647058
2005-2010_C149,2005-2010,253,0.2541899441340782,0.7984189723320159
2005-2010_C15,2005-2010,6320,0.6787709497206704,0.9939873417721519
2005-2010_C150,2005-2010,248,0.2430167597765363,0.8467741935483871
2005-2010_C151,2005-2010,247,0.2122905027932961,0.8582995951417004
2005-2010_C152,2005-2010,246,0.22625698324022347,0.8373983739837398
2005-2010_C153,2005-2010,242,0.2346368715083799,0.8223140495867769
2005-2010_C154,2005-2010,230,0.20391061452513967,0.8434782608695652
2005-2010_C155,2005-2010,229,0.21508379888268156,0.8296943231441047
2005-2010_C156,2005-2010,222,0.2346368715083799,0.8153153153153153
2005-2010_C157,2005-2010,215,0.21508379888268156,0.8093023255813954
2005-2010_C158,2005-2010,214,0.24022346368715083,0.7616822429906542
2005-2010_C159,2005-2010,212,0.2122905027932961,0.8207547169811321
2005-2010_C16,2005-2010,5965,0.659217877094972,0.9936295054484493
2005-2010_C160,2005-2010,212,0.20391061452513967,0.8349056603773585
2005-2010_C161,2005-2010,211,0.18994413407821228,0.8672985781990521
2005-2010_C162,2005-2010,211,0.2206703910614525,0.7867298578199052
2005-2010_C163,2005-2010,210,0.21787709497206703,0.780952380952381
2005-2010_C164,2005-2010,210,0.20391061452513967,0.8333333333333334
2005-2010_C165,2005-2010,209,0.23743016759776536,0.7655502392344498
2005-2010_C166,2005-2010,207,0.22346368715083798,0.7632850241545894
2005-2010_C167,2005-2010,206,0.19832402234636873,0.8252427184466019
2005-2010_C168,2005-2010,206,0.21508379888268156,0.8058252427184466
2005-2010_C169,2005-2010,205,0.21508379888268156,0.8048780487804879
2005-2010_C17,2005-2010,5622,0.659217877094972,0.9932408395588759
2005-2010_C170,2005-2010,196,0.21787709497206703,0.8112244897959184
2005-2010_C171,2005-2010,193,0.18994413407821228,0.8393782383419689
2005-2010_C172,2005-2010,192,0.23184357541899442,0.7708333333333334
2005-2010_C173,2005-2010,191,0.2346368715083799,0.7382198952879582
2005-2010_C174,2005-2010,185,0.20949720670391062,0.772972972972973
2005-2010_C175,2005-2010,176,0.19832402234636873,0.7897727272727273
2005-2010_C176,2005-2010,173,0.2122905027932961,0.7572254335260116
2005-2010_C177,2005-2010,173,0.19832402234636873,0.7861271676300579
2005-2010_C178,2005-2010,169,0.18435754189944134,0.7928994082840237
2005-2010_C179,2005-2010,168,0.18435754189944134,0.7738095238095238
2005-2010_C18,2005-2010,5330,0.6564245810055865,0.9917448405253283
2005-2010_C180,2005-2010,167,0.22905027932960895,0.688622754491018
2005-2010_C181,2005-2010,159,0.18435754189944134,0.7672955974842768
2005-2010_C182,2005-2010,158,0.18156424581005587,0.7531645569620253
2005-2010_C183,2005-2010,156,0.19832402234636873,0.7051282051282051
2005-2010_C184,2005-2010,152,0.1787709497206704,0.7763157894736842
2005-2010_C185,2005-2010,146,0.16759776536312848,0.773972602739726
2005-2010_C186,2005-2010,145,0.19273743016759776,0.6965517241379311
2005-2010_C187,2005-2010,145,0.18156424581005587,0.7310344827586207
2005-2010_C188,2005-2010,142,0.18994413407821228,0.6971830985915493
2005-2010_C189,2005-2010,140,0.17597765363128492,0.7214285714285714
2005-2010_C19,2005-2010,4854,0.6089385474860335,0.992583436341162
2005-2010_C190,2005-2010,138,0.1787709497206704,0.7608695652173914
2005-2010_C191,2005-2010,135,0.17318435754189945,0.7185185185185186
2005-2010_C192,2005-2010,126,0.17597765363128492,0.6746031746031746
2005-2010_C193,2005-2010,125,0.17039106145251395,0.688
2005-2010_C194,2005-2010,125,0.18435754189944134,0.648
2005-2010_C195,2005-2010,121,0.1424581005586592,0.7768595041322314
2005-2010_C196,2005-2010,112,0.14804469273743018,0.7321428571428572
2005-2010_C197,2005-2010,111,0.1452513966480447,0.6936936936936937
2005-2010_C198,2005-2010,93,0.12569832402234637,0.7204301075268817
2005-2010_C199,2005-2010,90,0.12849162011173185,0.6888888888888889
2005-2010_C2,2005-2010,41238,0.840782122905028,0.9994422619913672
2005-2010_C20,2005-2010,4571,0.6312849162011173,0.9905928680813826
2005-2010_C200,2005-2010,76,0.12849162011173185,0.5526315789473684
2005-2010_C201,2005-2010,70,0.11731843575418995,0.5142857142857142
2005-2010_C202,2005-2010,68,0.11173184357541899,0.6176470588235294
2005-2010_C203,2005-2010,66,0.10893854748603352,0.6060606060606061
2005-2010_C204,2005-2010,60,0.10614525139664804,0.55
2005-2010_C205,2005-2010,60,0.1005586592178771,0.6666666666666667
2005-2010_C206,2005-2010,59,0.10335195530726257,0.5593220338983051
2005-2010_C207,2005-2010,50,0.10335195530726257,0.38
2005-2010_C208,2005-2010,91,0.13966480446927373,0.6483516483516483
2005-2010_C209,2005-2010,33,0.06424581005586592,0.4242424242424242
2005-2010_C21,2005-2010,4392,0.6145251396648045,0.9899817850637522
2005-2010_C210,2005-2010,28,0.055865921787709494,0.4285714285714286
2005-2010_C211,2005-2010,39,0.08100558659217877,0.46153846153846156
2005-2010_C212,2005-2010,6,0.013966480446927373,0.33333333333333337
2005-2010_C213,2005-2010,6,0.013966480446927373,0.33333333333333337
2005-2010_C22,2005-2010,3422,0.6089385474860335,0.9865575686732905
2005-2010_C23,2005-2010,3402,0.5893854748603352,0.9867724867724867
2005-2010_C24,2005-2010,3398,0.5754189944134078,0.985285462036492
2005-2010_C25,2005-2010,3096,0.6033519553072626,0.9832041343669251
2005-2010_C26,2005-2010,3034,0.5642458100558659,0.984838497033619
2005-2010_C27,2005-2010,2926,0.5391061452513967,0.9856459330143541
2005-2010_C28,2005-2010,2871,0.5726256983240223,0.9846743295019157
2005-2010_C29,2005-2010,2732,0.5782122905027933,0.9806002928257687
2005-2010_C3,2005-2010,30123,0.8072625698324022,0.9989708860339276
2005-2010_C30,2005-2010,2698,0.5670391061452514,0.9829503335804299
2005-2010_C31,2005-2010,2569,0.5698324022346368,0.9805371739976645
2005-2010_C32,2005-2010,2465,0.5251396648044693,0.9841784989858012
2005-2010_C33,2005-2010,2439,0.5363128491620112,0.980319803198032
2005-2010_C34,2005-2010,2307,0.5139664804469274,0.9804941482444733
2005-2010_C35,2005-2010,2098,0.5167597765363129,0.9756911344137273
2005-2010_C36,2005-2010,2006,0.5139664804469274,0.9735792622133599
2005-2010_C37,2005-2010,1907,0.5195530726256983,0.9727320398531725
2005-2010_C38,2005-2010,1882,0.5279329608938548,0.9691817215727949
2005-2010_C39,2005-2010,1837,0.49441340782122906,0.9744148067501361
2005-2010_C4,2005-2010,23294,0.7932960893854749,0.99862625568816
2005-2010_C40,2005-2010,1686,0.5279329608938548,0.9626334519572953
2005-2010_C41,2005-2010,1672,0.49162011173184356,0.9772727272727273
2005-2010_C42,2005-2010,1647,0.5083798882681564,0.9666059502125076
2005-2010_C43,2005-2010,1625,0.48324022346368717,0.9741538461538461
2005-2010_C44,2005-2010,1516,0.46089385474860334,0.9696569920844327
2005-2010_C45,2005-2010,1506,0.4581005586592179,0.9661354581673307
2005-2010_C46,2005-2010,1480,0.48044692737430167,0.9648648648648649
2005-2010_C47,2005-2010,1468,0.4581005586592179,0.967983651226158
2005-2010_C48,2005-2010,1426,0.4776536312849162,0.967741935483871
2005-2010_C49,2005-2010,1367,0.4720670391061452,0.9575713240673006
2005-2010_C5,2005-2010,19441,0.7681564245810056,0.9986626202355846
2005-2010_C50,2005-2010,1359,0.48324022346368717,0.9580573951434879
2005-2010_C51,2005-2010,1278,0.4748603351955307,0.9585289514866979
2005-2010_C52,2005-2010,1188,0.45251396648044695,0.9478114478114478
2005-2010_C53,2005-2010,1178,0.44692737430167595,0.9575551782682513
2005-2010_C54,2005-2010,1172,0.43575418994413406,0.9581911262798635
2005-2010_C55,2005-2010,1164,0.44692737430167595,0.9501718213058419
2005-2010_C56,2005-2010,1122,0.4581005586592179,0.9518716577540107
2005-2010_C57,2005-2010,1114,0.43854748603351956,0.9560143626570916
2005-2010_C58,2005-2010,1103,0.4329608938547486,0.9528558476881233
2005-2010_C59,2005-2010,1085,0.4245810055865922,0.9612903225806452
2005-2010_C6,2005-2010,16545,0.7513966480446927,0.9984285282562708
2005-2010_C60,2005-2010,1059,0.41620111731843573,0.959395656279509
2005-2010_C61,2005-2010,1043,0.4245810055865922,0.9530201342281879
2005-2010_C62,2005-2010,1037,0.4245810055865922,0.9575699132111861
2005-2010_C63,2005-2010,1000,0.4273743016759777,0.951
2005-2010_C64,2005-2010,984,0.44692737430167595,0.931910569105691
2005-2010_C65,2005-2010,953,0.44972067039106145,0.938090241343127
2005-2010_C66,2005-2010,944,0.41899441340782123,0.9385593220338984
2005-2010_C67,2005-2010,880,0.4022346368715084,0.95
2005-2010_C68,2005-2010,864,0.4245810055865922,0.9375
2005-2010_C69,2005-2010,864,0.388268156424581,0.9479166666666666
2005-2010_C7,2005-2010,14546,0.7458100558659218,0.9982125670287364
2005-2010_C70,2005-2010,837,0.41899441340782123,0.937873357228196
2005-2010_C71,2005-2010,809,0.39385474860335196,0.9431396786155748
2005-2010_C72,2005-2010,789,0.39664804469273746,0.9277566539923955
2005-2010_C73,2005-2010,776,0.3687150837988827,0.9407216494845361
2005-2010_C74,2005-2010,764,0.40502793296089384,0.9280104712041884
2005-2010_C75,2005-2010,742,0.3715083798882682,0.9353099730458221
2005-2010_C76,2005-2010,724,0.36033519553072624,0.930939226519337
2005-2010_C77,2005-2010,719,0.37988826815642457,0.9346314325452016
2005-2010_C78,2005-2010,701,0.37988826815642457,0.927246790299572
2005-2010_C79,2005-2010,685,0.34916201117318435,0.9386861313868613
2005-2010_C8,2005-2010,11940,0.7122905027932961,0.9977386934673367
2005-2010_C80,2005-2010,685,0.3743016759776536,0.9255474452554745
2005-2010_C81,2005-2010,684,0.3770949720670391,0.9181286549707602
2005-2010_C82,2005-2010,683,0.38268156424581007,0.9224011713030746
2005-2010_C83,2005-2010,676,0.3547486033519553,0.9452662721893491
2005-2010_C84,2005-2010,668,0.34916201117318435,0.9356287425149701
2005-2010_C85,2005-2010,667,0.40782122905027934,0.9205397301349325
2005-2010_C86,2005-2010,652,0.3770949720670391,0.9309815950920245
2005-2010_C87,2005-2010,652,0.388268156424581,0.9095092024539877
2005-2010_C88,2005-2010,617,0.35195530726256985,0.9303079416531604
2005-2010_C89,2005-2010,612,0.36033519553072624,0.9084967320261438
2005-2010_C9,2005-2010,10763,0.7262569832402235,0.9971197621480999
2005-2010_C90,2005-2010,610,0.36033519553072624,0.921311475409836
2005-2010_C91,2005-2010,599,0.3463687150837989,0.9265442404006677
2005-2010_C92,2005-2010,594,0.34916201117318435,0.9057239057239057
2005-2010_C93,2005-2010,582,0.36033519553072624,0.8934707903780069
2005-2010_C94,2005-2010,581,0.3547486033519553,0.8967297762478486
2005-2010_C95,2005-2010,567,0.33798882681564246,0.9118165784832452
2005-2010_C96,2005-2010,536,0.36312849162011174,0.8880597014925373
2005-2010_C97,2005-2010,526,0.36033519553072624,0.8916349809885932
2005-2010_C98,2005-2010,518,0.35195530726256985,0.888030888030888
2005-2010_C99,2005-2010,509,0.3268156424581006,0.9194499017681729
NA,2005-2010,2494345,0.9692737430167597,0.9999983963725948
2011-2017_C1,2011-2017,85056,0.8575418994413407,0.9998118886380737
2011-2017_C10,2011-2017,12599,0.7346368715083799,0.9973013731248512
2011-2017_C100,2011-2017,692,0.3854748603351955,0.926300578034682
2011-2017_C101,2011-2017,673,0.39385474860335196,0.9108469539375929
2011-2017_C102,2011-2017,658,0.35195530726256985,0.9300911854103343
2011-2017_C103,2011-2017,630,0.36033519553072624,0.9238095238095239
2011-2017_C104,2011-2017,622,0.34916201117318435,0.932475884244373
2011-2017_C105,2011-2017,601,0.3575418994413408,0.9168053244592346
2011-2017_C106,2011-2017,576,0.31564245810055863,0.9461805555555556
2011-2017_C107,2011-2017,569,0.3268156424581006,0.9121265377855887
2011-2017_C108,2011-2017,566,0.31564245810055863,0.9293286219081272
2011-2017_C109,2011-2017,535,0.3128491620111732,0.9196261682242991
2011-2017_C11,2011-2017,9771,0.7067039106145251,0.9974414082488998
2011-2017_C110,2011-2017,525,0.3575418994413408,0.8914285714285715
2011-2017_C111,2011-2017,511,0.3268156424581006,0.9021526418786693
2011-2017_C112,2011-2017,509,0.31843575418994413,0.9273084479371316
2011-2017_C113,2011-2017,506,0.3435754189944134,0.9031620553359684
2011-2017_C114,2011-2017,483,0.3016759776536313,0.9006211180124224
2011-2017_C115,2011-2017,473,0.30726256983240224,0.8985200845665962
2011-2017_C116,2011-2017,473,0.3100558659217877,0.9112050739957717
2011-2017_C117,2011-2017,473,0.30726256983240224,0.8964059196617337
2011-2017_C118,2011-2017,463,0.32122905027932963,0.8963282937365011
2011-2017_C119,2011-2017,425,0.276536312849162,0.908235294117647
2011-2017_C12,2011-2017,9377,0.7122905027932961,0.9959475311933454
2011-2017_C120,2011-2017,424,0.2569832402234637,0.9316037735849056
2011-2017_C121,2011-2017,412,0.3100558659217877,0.8713592233009708
2011-2017_C122,2011-2017,407,0.3128491620111732,0.8746928746928747
2011-2017_C123,2011-2017,403,0.29608938547486036,0.8858560794044665
2011-2017_C124,2011-2017,400,0.2849162011173184,0.8925
2011-2017_C125,2011-2017,393,0.2709497206703911,0.910941475826972
2011-2017_C126,2011-2017,391,0.29608938547486036,0.8849104859335039
2011-2017_C127,2011-2017,388,0.2849162011173184,0.8865979381443299
2011-2017_C128,2011-2017,388,0.31564245810055863,0.8762886597938144
2011-2017_C129,2011-2017,380,0.29608938547486036,0.8631578947368421
2011-2017_C13,2011-2017,9150,0.7150837988826816,0.9959562841530054
2011-2017_C130,2011-2017,380,0.27932960893854747,0.8842105263157894
2011-2017_C131,2011-2017,378,0.2849162011173184,0.8809523809523809
2011-2017_C132,2011-2017,378,0.30446927374301674,0.8624338624338624
2011-2017_C133,2011-2017,377,0.29608938547486036,0.8673740053050398
2011-2017_C134,2011-2017,370,0.26256983240223464,0.8864864864864865
2011-2017_C135,2011-2017,362,0.2709497206703911,0.8812154696132597
2011-2017_C136,2011-2017,361,0.2905027932960894,0.8725761772853186
2011-2017_C137,2011-2017,343,0.25977653631284914,0.9037900874635568
2011-2017_C138,2011-2017,343,0.2709497206703911,0.8862973760932945
2011-2017_C139,2011-2017,342,0.28212290502793297,0.868421052631579
2011-2017_C14,2011-2017,8037,0.6703910614525139,0.9961428393679234
2011-2017_C140,2011-2017,340,0.26256983240223464,0.8735294117647059
2011-2017_C141,2011-2017,337,0.276536312849162,0.8427299703264095
2011-2017_C142,2011-2017,336,0.29329608938547486,0.8363095238095238
2011-2017_C143,2011-2017,335,0.2849162011173184,0.8567164179104477
2011-2017_C144,2011-2017,332,0.29329608938547486,0.8463855421686747
2011-2017_C145,2011-2017,330,0.2877094972067039,0.8545454545454545
2011-2017_C146,2011-2017,325,0.24860335195530725,0.8830769230769231
2011-2017_C147,2011-2017,324,0.25977653631284914,0.8796296296296297
2011-2017_C148,2011-2017,323,0.2430167597765363,0.8947368421052632
2011-2017_C149,2011-2017,321,0.276536312849162,0.8566978193146417
2011-2017_C15,2011-2017,7848,0.7067039106145251,0.9942660550458715
2011-2017_C150,2011-2017,321,0.23184357541899442,0.9003115264797508
2011-2017_C151,2011-2017,314,0.24860335195530725,0.8853503184713376
2011-2017_C152,2011-2017,306,0.2849162011173184,0.826797385620915
2011-2017_C153,2011-2017,302,0.2709497206703911,0.8377483443708609
2011-2017_C154,2011-2017,301,0.27932960893854747,0.8372093023255813
2011-2017_C155,2011-2017,296,0.26256983240223464,0.875
2011-2017_C156,2011-2017,294,0.24581005586592178,0.8775510204081632
2011-2017_C157,2011-2017,266,0.26256983240223464,0.8045112781954887
2011-2017_C158,2011-2017,265,0.25977653631284914,0.8377358490566038
2011-2017_C159,2011-2017,264,0.24860335195530725,0.8371212121212122
2011-2017_C16,2011-2017,7515,0.6871508379888268,0.9958749168330007
2011-2017_C160,2011-2017,260,0.24022346368715083,0.823076923076923
2011-2017_C161,2011-2017,259,0.24581005586592178,0.8223938223938224
2011-2017_C162,2011-2017,256,0.24860335195530725,0.84765625
2011-2017_C163,2011-2017,251,0.23743016759776536,0.852589641434263
2011-2017_C164,2011-2017,251,0.2541899441340782,0.8007968127490039
2011-2017_C165,2011-2017,249,0.21787709497206703,0.8594377510040161
2011-2017_C166,2011-2017,245,0.2541899441340782,0.8285714285714285
2011-2017_C167,2011-2017,243,0.24860335195530725,0.8189300411522633
2011-2017_C168,2011-2017,243,0.22346368715083798,0.8271604938271605
2011-2017_C169,2011-2017,238,0.24022346368715083,0.8025210084033614
2011-2017_C17,2011-2017,7434,0.6955307262569832,0.9938122141511972
2011-2017_C170,2011-2017,236,0.23743016759776536,0.847457627118644
2011-2017_C171,2011-2017,231,0.24022346368715083,0.8138528138528138
2011-2017_C172,2011-2017,228,0.2346368715083799,0.8245614035087719
2011-2017_C173,2011-2017,228,0.2430167597765363,0.8289473684210527
2011-2017_C174,2011-2017,218,0.20670391061452514,0.8532110091743119
2011-2017_C175,2011-2017,213,0.22625698324022347,0.7934272300469484
2011-2017_C176,2011-2017,206,0.20949720670391062,0.8349514563106796
2011-2017_C177,2011-2017,205,0.24022346368715083,0.7609756097560976
2011-2017_C178,2011-2017,200,0.2206703910614525,0.8200000000000001
2011-2017_C179,2011-2017,195,0.20670391061452514,0.8307692307692307
2011-2017_C18,2011-2017,6532,0.6564245810055865,0.9954072259644825
2011-2017_C180,2011-2017,193,0.20670391061452514,0.7875647668393783
2011-2017_C181,2011-2017,190,0.22346368715083798,0.7842105263157895
2011-2017_C182,2011-2017,190,0.20670391061452514,0.8
2011-2017_C183,2011-2017,185,0.1871508379888268,0.7945945945945946
2011-2017_C184,2011-2017,183,0.19832402234636873,0.7868852459016393
2011-2017_C185,2011-2017,181,0.21508379888268156,0.7348066298342542
2011-2017_C186,2011-2017,178,0.2206703910614525,0.7415730337078652
2011-2017_C187,2011-2017,176,0.19273743016759776,0.7954545454545454
2011-2017_C188,2011-2017,175,0.2011173184357542,0.7657142857142857
2011-2017_C189,2011-2017,175,0.20670391061452514,0.7828571428571429
2011-2017_C19,2011-2017,6002,0.6564245810055865,0.994168610463179
2011-2017_C190,2011-2017,169,0.19553072625698323,0.7869822485207101
2011-2017_C191,2011-2017,166,0.2011173184357542,0.7710843373493976
2011-2017_C192,2011-2017,158,0.18994413407821228,0.7784810126582279
2011-2017_C193,2011-2017,157,0.19273743016759776,0.7388535031847134
2011-2017_C194,2011-2017,154,0.18156424581005587,0.7922077922077921
2011-2017_C195,2011-2017,151,0.16759776536312848,0.8013245033112583
2011-2017_C196,2011-2017,146,0.18435754189944134,0.7465753424657534
2011-2017_C197,2011-2017,125,0.1871508379888268,0.6
2011-2017_C198,2011-2017,106,0.14804469273743018,0.679245283018868
2011-2017_C199,2011-2017,99,0.12849162011173185,0.7272727272727273
2011-2017_C2,2011-2017,52488,0.8463687150837989,0.9996380124980948
2011-2017_C20,2011-2017,5670,0.6759776536312849,0.9915343915343915
2011-2017_C200,2011-2017,91,0.1452513966480447,0.6483516483516483
2011-2017_C201,2011-2017,86,0.12569832402234637,0.6976744186046512
2011-2017_C202,2011-2017,84,0.1452513966480447,0.5595238095238095
2011-2017_C203,2011-2017,81,0.10893854748603352,0.7283950617283951
2011-2017_C204,2011-2017,74,0.12290502793296089,0.6351351351351351
2011-2017_C205,2011-2017,74,0.10893854748603352,0.7162162162162162
2011-2017_C206,2011-2017,70,0.12011173184357542,0.6
2011-2017_C207,2011-2017,63,0.09497206703910614,0.6984126984126984
2011-2017_C208,2011-2017,58,0.1005586592178771,0.5689655172413793
2011-2017_C209,2011-2017,55,0.09497206703910614,0.5454545454545454
2011-2017_C21,2011-2017,5603,0.6480446927374302,0.9921470640728182
2011-2017_C210,2011-2017,54,0.11173184357541899,0.4629629629629629
2011-2017_C211,2011-2017,33,0.06983240223463687,0.4242424242424242
2011-2017_C212,2011-2017,53,0.10335195530726257,0.5660377358490566
2011-2017_C213,2011-2017,14,0.030726256983240222,0.3571428571428571
2011-2017_C214,2011-2017,12,0.027932960893854747,0.33333333333333337
2011-2017_C22,2011-2017,4297,0.6396648044692738,0.9881312543635095
2011-2017_C23,2011-2017,4280,0.61731843575419,0.9892523364485981
2011-2017_C24,2011-2017,4278,0.6452513966480447,0.9890135577372604
2011-2017_C25,2011-2017,4197,0.6005586592178771,0.9914224446032881
2011-2017_C26,2011-2017,4165,0.5977653631284916,0.9891956782713085
2011-2017_C27,2011-2017,4047,0.6089385474860335,0.9888806523350631
2011-2017_C28,2011-2017,3991,0.6229050279329609,0.9847156101227762
2011-2017_C29,2011-2017,3890,0.5837988826815642,0.9884318766066839
2011-2017_C3,2011-2017,39795,0.8296089385474861,0.9994220379444654
2011-2017_C30,2011-2017,3566,0.5865921787709497,0.9862591138530566
2011-2017_C31,2011-2017,3318,0.6005586592178771,0.9849306811332128
2011-2017_C32,2011-2017,3264,0.5614525139664804,0.9852941176470589
2011-2017_C33,2011-2017,3051,0.5949720670391061,0.9849229760734185
2011-2017_C34,2011-2017,2868,0.5949720670391061,0.9794281729428173
2011-2017_C35,2011-2017,2699,0.5558659217877095,0.9799925898480919
2011-2017_C36,2011-2017,2682,0.553072625698324,0.9821029082774049
2011-2017_C37,2011-2017,2407,0.547486033519553,0.9817199833818031
2011-2017_C38,2011-2017,2378,0.55027932960893855,0.9810765349032801
2011-2017_C39,2011-2017,2366,0.5586592178770949,0.9767540152155537
2011-2017_C4,2011-2017,28525,0.8044692737430168,0.9992287467134093
2011-2017_C40,2011-2017,2324,0.5391061452513967,0.9802065404475043
2011-2017_C41,2011-2017,2290,0.5111731843575419,0.9786026200873362
2011-2017_C42,2011-2017,2122,0.5307262569832403,0.9769085768143261
2011-2017_C43,2011-2017,2000,0.5251396648044693,0.9725
2011-2017_C44,2011-2017,1970,0.5251396648044693,0.9761421319796955
2011-2017_C45,2011-2017,1951,0.5251396648044693,0.9712967708867247
2011-2017_C46,2011-2017,1887,0.49162011173184356,0.9793322734499205
2011-2017_C47,2011-2017,1864,0.5251396648044693,0.9699570815450643
2011-2017_C48,2011-2017,1821,0.5111731843575419,0.9676002196595277
2011-2017_C49,2011-2017,1807,0.49441340782122906,0.9673491975650249
2011-2017_C5,2011-2017,26002,0.7877094972067039,0.9990769940773787
2011-2017_C50,2011-2017,1737,0.4888268156424581,0.9677605066206103
2011-2017_C51,2011-2017,1714,0.4860335195530726,0.9737456242707118
2011-2017_C52,2011-2017,1589,0.4776536312849162,0.9660163624921334
2011-2017_C53,2011-2017,1580,0.46089385474860334,0.9715189873417721
2011-2017_C54,2011-2017,1513,0.4888268156424581,0.9656311962987442
2011-2017_C55,2011-2017,1454,0.44692737430167595,0.9752407152682255
2011-2017_C56,2011-2017,1408,0.44972067039106145,0.9701704545454546
2011-2017_C57,2011-2017,1404,0.5,0.9565527065527065
2011-2017_C58,2011-2017,1393,0.46089385474860334,0.9612347451543432
2011-2017_C59,2011-2017,1388,0.4553072625698324,0.9690201729106628
2011-2017_C6,2011-2017,21915,0.776536312849162,0.9989048596851472
2011-2017_C60,2011-2017,1376,0.44692737430167595,0.9665697674418605
2011-2017_C61,2011-2017,1358,0.44972067039106145,0.959499263622975
2011-2017_C62,2011-2017,1348,0.4553072625698324,0.9599406528189911
2011-2017_C63,2011-2017,1329,0.4748603351955307,0.9593679458239278
2011-2017_C64,2011-2017,1306,0.46368715083798884,0.9647779479326187
2011-2017_C65,2011-2017,1285,0.4273743016759777,0.9595330739299611
2011-2017_C66,2011-2017,1214,0.4245810055865922,0.9637561779242174
2011-2017_C67,2011-2017,1204,0.4720670391061452,0.9543189368770764
2011-2017_C68,2011-2017,1185,0.4692737430167598,0.9586497890295359
2011-2017_C69,2011-2017,1134,0.4720670391061452,0.9435626102292769
2011-2017_C7,2011-2017,18603,0.7905027932960894,0.9978498091705639
2011-2017_C70,2011-2017,1057,0.441340782122905,0.9479659413434248
2011-2017_C71,2011-2017,1052,0.4106145251396648,0.9439163498098859
2011-2017_C72,2011-2017,1034,0.44692737430167595,0.9487427466150871
2011-2017_C73,2011-2017,1033,0.4245810055865922,0.9564375605033882
2011-2017_C74,2011-2017,1025,0.40502793296089384,0.9590243902439024
2011-2017_C75,2011-2017,970,0.41620111731843573,0.9505154639175257
2011-2017_C76,2011-2017,967,0.4245810055865922,0.9462254395036195
2011-2017_C77,2011-2017,936,0.40502793296089384,0.9412393162393162
2011-2017_C78,2011-2017,915,0.46368715083798884,0.9256830601092896
2011-2017_C79,2011-2017,897,0.40502793296089384,0.9442586399108138
2011-2017_C8,2011-2017,15400,0.7569832402234636,0.9980519480519481
2011-2017_C80,2011-2017,894,0.39106145251396646,0.9451901565995525
2011-2017_C81,2011-2017,892,0.40782122905027934,0.9473094170403588
2011-2017_C82,2011-2017,871,0.3994413407821229,0.9402985074626866
2011-2017_C83,2011-2017,856,0.39664804469273746,0.9415887850467289
2011-2017_C84,2011-2017,841,0.38268156424581007,0.9417360285374554
2011-2017_C85,2011-2017,826,0.388268156424581,0.9430992736077481
2011-2017_C86,2011-2017,810,0.3687150837988827,0.9419753086419753
2011-2017_C87,2011-2017,799,0.36033519553072624,0.9486858573216521
2011-2017_C88,2011-2017,785,0.37988826815642457,0.932484076433121
2011-2017_C89,2011-2017,781,0.37988826815642457,0.9359795134443022
2011-2017_C9,2011-2017,13550,0.7430167597765364,0.9982287822878229
2011-2017_C90,2011-2017,746,0.3715083798882682,0.9504021447721179
2011-2017_C91,2011-2017,745,0.3547486033519553,0.9355704697986578
2011-2017_C92,2011-2017,745,0.39106145251396646,0.9140939597315436
2011-2017_C93,2011-2017,745,0.3659217877094972,0.938255033557047
2011-2017_C94,2011-2017,740,0.36312849162011174,0.9283783783783783
2011-2017_C95,2011-2017,711,0.34916201117318435,0.9324894514767933
2011-2017_C96,2011-2017,707,0.36312849162011174,0.9321074964639321
2011-2017_C97,2011-2017,707,0.34916201117318435,0.9405940594059405
2011-2017_C98,2011-2017,701,0.3715083798882682,0.9258202567760342
2011-2017_C99,2011-2017,695,0.3659217877094972,0.9237410071942446
NA,2011-2017,3152002,0.9720670391061452,0.9999977791892264
2018-2022_C1,2018-2022,74030,0.8631284916201117,0.9996893151425098
2018-2022_C10,2018-2022,10952,0.7430167597765364,0.9963476990504018
2018-2022_C100,2018-2022,564,0.329608938547486,0.9273049645390071
2018-2022_C101,2018-2022,548,0.3324022346368715,0.9124087591240876
2018-2022_C102,2018-2022,530,0.31564245810055863,0.9245283018867925
2018-2022_C103,2018-2022,518,0.3240223463687151,0.9189189189189189
2018-2022_C104,2018-2022,511,0.3435754189944134,0.8943248532289628
2018-2022_C105,2018-2022,510,0.3240223463687151,0.9117647058823529
2018-2022_C106,2018-2022,499,0.29608938547486036,0.9198396793587175
2018-2022_C107,2018-2022,482,0.31564245810055863,0.8941908713692946
2018-2022_C108,2018-2022,476,0.32122905027932963,0.9096638655462185
2018-2022_C109,2018-2022,467,0.329608938547486,0.8758029978586723
2018-2022_C11,2018-2022,8153,0.6871508379888268,0.9955844474426592
2018-2022_C110,2018-2022,458,0.2877094972067039,0.9213973799126638
2018-2022_C111,2018-2022,457,0.32122905027932963,0.888402625820569
2018-2022_C112,2018-2022,418,0.29608938547486036,0.8899521531100478
2018-2022_C113,2018-2022,412,0.30726256983240224,0.8810679611650485
2018-2022_C114,2018-2022,410,0.2905027932960894,0.8926829268292683
2018-2022_C115,2018-2022,402,0.3128491620111732,0.8756218905472637
2018-2022_C116,2018-2022,387,0.2988826815642458,0.8656330749354005
2018-2022_C117,2018-2022,386,0.2905027932960894,0.8808290155440415
2018-2022_C118,2018-2022,371,0.2877094972067039,0.8840970350404312
2018-2022_C119,2018-2022,367,0.2569832402234637,0.896457765667575
2018-2022_C12,2018-2022,8081,0.6759776536312849,0.9956688528647445
2018-2022_C120,2018-2022,365,0.2737430167597765,0.863013698630137
2018-2022_C121,2018-2022,365,0.28212290502793297,0.8821917808219178
2018-2022_C122,2018-2022,364,0.28212290502793297,0.8818681318681318
2018-2022_C123,2018-2022,351,0.2877094972067039,0.8547008547008547
2018-2022_C124,2018-2022,348,0.276536312849162,0.8879310344827587
2018-2022_C125,2018-2022,336,0.2709497206703911,0.875
2018-2022_C126,2018-2022,328,0.28212290502793297,0.8414634146341463
2018-2022_C127,2018-2022,323,0.26256983240223464,0.8885448916408669
2018-2022_C128,2018-2022,319,0.276536312849162,0.8620689655172413
2018-2022_C129,2018-2022,307,0.23743016759776536,0.8925081433224755
2018-2022_C13,2018-2022,7581,0.6871508379888268,0.9944598337950139
2018-2022_C130,2018-2022,302,0.2709497206703911,0.8543046357615894
2018-2022_C131,2018-2022,301,0.2541899441340782,0.8803986710963455
2018-2022_C132,2018-2022,301,0.24022346368715083,0.8803986710963455
2018-2022_C133,2018-2022,296,0.2430167597765363,0.8716216216216216
2018-2022_C134,2018-2022,295,0.26256983240223464,0.8440677966101695
2018-2022_C135,2018-2022,294,0.2346368715083799,0.8877551020408163
2018-2022_C136,2018-2022,288,0.25139664804469275,0.8263888888888888
2018-2022_C137,2018-2022,288,0.2541899441340782,0.8298611111111112
2018-2022_C138,2018-2022,285,0.24022346368715083,0.8771929824561404
2018-2022_C139,2018-2022,282,0.2430167597765363,0.8687943262411347
2018-2022_C14,2018-2022,7193,0.6927374301675978,0.9930487974419575
2018-2022_C140,2018-2022,281,0.23743016759776536,0.8790035587188612
2018-2022_C141,2018-2022,280,0.2569832402234637,0.8428571428571429
2018-2022_C142,2018-2022,277,0.24022346368715083,0.8447653429602888
2018-2022_C143,2018-2022,273,0.2569832402234637,0.8388278388278388
2018-2022_C144,2018-2022,273,0.2122905027932961,0.8681318681318682
2018-2022_C145,2018-2022,269,0.2430167597765363,0.8475836431226766
2018-2022_C146,2018-2022,268,0.2569832402234637,0.835820895522388
2018-2022_C147,2018-2022,263,0.22346368715083798,0.8897338403041826
2018-2022_C148,2018-2022,257,0.22905027932960895,0.8871595330739299
2018-2022_C149,2018-2022,254,0.2430167597765363,0.8543307086614174
2018-2022_C15,2018-2022,6453,0.6508379888268156,0.9927165659383232
2018-2022_C150,2018-2022,245,0.2541899441340782,0.8244897959183674
2018-2022_C151,2018-2022,240,0.2569832402234637,0.7958333333333334
2018-2022_C152,2018-2022,240,0.24022346368715083,0.8208333333333333
2018-2022_C153,2018-2022,236,0.21787709497206703,0.826271186440678
2018-2022_C154,2018-2022,234,0.20949720670391062,0.8376068376068376
2018-2022_C155,2018-2022,224,0.2206703910614525,0.8169642857142857
2018-2022_C156,2018-2022,224,0.2122905027932961,0.8392857142857143
2018-2022_C157,2018-2022,222,0.2011173184357542,0.8423423423423424
2018-2022_C158,2018-2022,222,0.20949720670391062,0.8378378378378378
2018-2022_C159,2018-2022,221,0.20949720670391062,0.8687782805429864
2018-2022_C16,2018-2022,6386,0.6815642458100558,0.993736298152208
2018-2022_C160,2018-2022,219,0.23743016759776536,0.8036529680365296
2018-2022_C161,2018-2022,217,0.22346368715083798,0.8064516129032258
2018-2022_C162,2018-2022,216,0.22905027932960895,0.7777777777777778
2018-2022_C163,2018-2022,216,0.24022346368715083,0.7824074074074074
2018-2022_C164,2018-2022,214,0.2206703910614525,0.794392523364486
2018-2022_C165,2018-2022,209,0.20670391061452514,0.8229665071770335
2018-2022_C166,2018-2022,206,0.22346368715083798,0.8106796116504854
2018-2022_C167,2018-2022,205,0.22905027932960895,0.8048780487804879
2018-2022_C168,2018-2022,198,0.22905027932960895,0.7828282828282829
2018-2022_C169,2018-2022,194,0.21787709497206703,0.7783505154639175
2018-2022_C17,2018-2022,6289,0.664804469273743,0.9926856415964382
2018-2022_C170,2018-2022,190,0.20391061452513967,0.8210526315789474
2018-2022_C171,2018-2022,185,0.19273743016759776,0.8324324324324324
2018-2022_C172,2018-2022,183,0.2122905027932961,0.7650273224043715
2018-2022_C173,2018-2022,181,0.19553072625698323,0.8287292817679558
2018-2022_C174,2018-2022,173,0.19553072625698323,0.8092485549132948
2018-2022_C175,2018-2022,172,0.18994413407821228,0.7906976744186046
2018-2022_C176,2018-2022,170,0.20670391061452514,0.7764705882352941
2018-2022_C177,2018-2022,169,0.20391061452513967,0.7337278106508875
2018-2022_C178,2018-2022,167,0.2011173184357542,0.7724550898203593
2018-2022_C179,2018-2022,162,0.2011173184357542,0.7407407407407407
2018-2022_C18,2018-2022,5024,0.6424581005586593,0.9912420382165605
2018-2022_C180,2018-2022,159,0.19273743016759776,0.7610062893081762
2018-2022_C181,2018-2022,159,0.18994413407821228,0.7735849056603774
2018-2022_C182,2018-2022,157,0.1871508379888268,0.7834394904458599
2018-2022_C183,2018-2022,157,0.1787709497206704,0.8407643312101911
2018-2022_C184,2018-2022,154,0.1871508379888268,0.7402597402597403
2018-2022_C185,2018-2022,150,0.164804469273743,0.8066666666666666
2018-2022_C186,2018-2022,148,0.18435754189944134,0.7364864864864865
2018-2022_C187,2018-2022,144,0.18156424581005587,0.7430555555555556
2018-2022_C188,2018-2022,140,0.1787709497206704,0.7
2018-2022_C189,2018-2022,138,0.20391061452513967,0.6739130434782609
2018-2022_C19,2018-2022,4992,0.6256983240223464,0.9917868589743589
2018-2022_C190,2018-2022,138,0.18435754189944134,0.7463768115942029
2018-2022_C191,2018-2022,132,0.1787709497206704,0.7348484848484849
2018-2022_C192,2018-2022,127,0.17318435754189945,0.7480314960629921
2018-2022_C193,2018-2022,118,0.15083798882681565,0.7542372881355932
2018-2022_C194,2018-2022,116,0.17318435754189945,0.646551724137931
2018-2022_C195,2018-2022,110,0.14804469273743018,0.7454545454545455
2018-2022_C196,2018-2022,110,0.1424581005586592,0.7272727272727273
2018-2022_C197,2018-2022,103,0.16201117318435754,0.6407766990291262
2018-2022_C198,2018-2022,81,0.13128491620111732,0.6296296296296297
2018-2022_C199,2018-2022,79,0.14804469273743018,0.5443037974683544
2018-2022_C2,2018-2022,43288,0.8156424581005587,0.9995610792829421
2018-2022_C20,2018-2022,4991,0.6312849162011173,0.9921859346824283
2018-2022_C200,2018-2022,74,0.12849162011173185,0.5810810810810811
2018-2022_C201,2018-2022,72,0.11731843575418995,0.6805555555555556
2018-2022_C202,2018-2022,72,0.12011173184357542,0.625
2018-2022_C203,2018-2022,72,0.12290502793296089,0.6111111111111112
2018-2022_C204,2018-2022,71,0.12011173184357542,0.619718309859155
2018-2022_C205,2018-2022,69,0.10614525139664804,0.6811594202898551
2018-2022_C206,2018-2022,60,0.1005586592178771,0.6
2018-2022_C207,2018-2022,53,0.09776536312849161,0.5094339622641509
2018-2022_C208,2018-2022,51,0.10614525139664804,0.4509803921568627
2018-2022_C209,2018-2022,39,0.08659217877094973,0.3589743589743589
2018-2022_C21,2018-2022,4426,0.6089385474860335,0.990510619069137
2018-2022_C210,2018-2022,55,0.10335195530726257,0.5272727272727273
2018-2022_C211,2018-2022,59,0.11173184357541899,0.5084745762711864
2018-2022_C212,2018-2022,28,0.055865921787709494,0.5714285714285714
2018-2022_C213,2018-2022,4,0.0111731843575419,0
2018-2022_C22,2018-2022,4111,0.6201117318435754,0.9863780102164923
2018-2022_C23,2018-2022,3873,0.5977653631284916,0.9891556932610379
2018-2022_C24,2018-2022,3776,0.5921787709497207,0.987552966101695
2018-2022_C25,2018-2022,3686,0.5782122905027933,0.989148128052089
2018-2022_C26,2018-2022,3616,0.6033519553072626,0.9847898230088495
2018-2022_C27,2018-2022,3615,0.5893854748603352,0.9869986168741356
2018-2022_C28,2018-2022,3507,0.5949720670391061,0.9854576561163387
2018-2022_C29,2018-2022,3478,0.5698324022346368,0.9864864864864865
2018-2022_C3,2018-2022,37893,0.8128491620111732,0.9994985881297337
2018-2022_C30,2018-2022,2795,0.5698324022346368,0.9799642218246869
2018-2022_C31,2018-2022,2692,0.547486033519553,0.9806835066864784
2018-2022_C32,2018-2022,2510,0.5195530726256983,0.9828685258964144
2018-2022_C33,2018-2022,2461,0.5279329608938548,0.9833401056481105
2018-2022_C34,2018-2022,2373,0.5139664804469274,0.9801938474504847
2018-2022_C35,2018-2022,2318,0.5446927374301676,0.9758412424503883
2018-2022_C36,2018-2022,2270,0.505586592178771,0.9779735682819384
2018-2022_C37,2018-2022,2111,0.49441340782122906,0.9763145428706774
2018-2022_C38,2018-2022,2089,0.4888268156424581,0.9794159885112494
2018-2022_C39,2018-2022,2082,0.5195530726256983,0.9755043227665706
2018-2022_C4,2018-2022,24041,0.8044692737430168,0.9989601098124038
2018-2022_C40,2018-2022,1973,0.5307262569832403,0.9711099847947289
2018-2022_C41,2018-2022,1894,0.5083798882681564,0.9699049630411827
2018-2022_C42,2018-2022,1776,0.4972067039106145,0.9707207207207207
2018-2022_C43,2018-2022,1755,0.5223463687150838,0.9680911680911681
2018-2022_C44,2018-2022,1653,0.44972067039106145,0.969751966122202
2018-2022_C45,2018-2022,1651,0.4720670391061452,0.9709267110841914
2018-2022_C46,2018-2022,1562,0.48044692737430167,0.9609475032010243
2018-2022_C47,2018-2022,1549,0.43854748603351956,0.9722401549386701
2018-2022_C48,2018-2022,1542,0.4664804469273743,0.9662775616083009
2018-2022_C49,2018-2022,1523,0.46089385474860334,0.9619172685489166
2018-2022_C5,2018-2022,22467,0.7737430167597765,0.9987092179641252
2018-2022_C50,2018-2022,1523,0.4581005586592179,0.9678266579120157
2018-2022_C51,2018-2022,1465,0.4776536312849162,0.9604095563139932
2018-2022_C52,2018-2022,1445,0.43854748603351956,0.9709342560553633
2018-2022_C53,2018-2022,1312,0.43854748603351956,0.9657012195121951
2018-2022_C54,2018-2022,1309,0.4245810055865922,0.9671504965622613
2018-2022_C55,2018-2022,1309,0.44972067039106145,0.9663865546218487
2018-2022_C56,2018-2022,1300,0.44692737430167595,0.9576923076923077
2018-2022_C57,2018-2022,1264,0.4441340782122905,0.9596518987341772
2018-2022_C58,2018-2022,1237,0.41899441340782123,0.9668552950687146
2018-2022_C59,2018-2022,1197,0.441340782122905,0.9607351712614871
2018-2022_C6,2018-2022,19939,0.7653631284916201,0.9985957169366568
2018-2022_C60,2018-2022,1162,0.4441340782122905,0.9509466437177281
2018-2022_C61,2018-2022,1152,0.4134078212290503,0.9583333333333334
2018-2022_C62,2018-2022,1151,0.45251396648044695,0.9556907037358818
2018-2022_C63,2018-2022,1133,0.41899441340782123,0.9664607237422771
2018-2022_C64,2018-2022,1090,0.40782122905027934,0.9577981651376146
2018-2022_C65,2018-2022,1082,0.43575418994413406,0.9519408502772644
2018-2022_C66,2018-2022,1080,0.4329608938547486,0.9518518518518518
2018-2022_C67,2018-2022,1050,0.40502793296089384,0.959047619047619
2018-2022_C68,2018-2022,990,0.388268156424581,0.9636363636363636
2018-2022_C69,2018-2022,987,0.4441340782122905,0.9341438703140831
2018-2022_C7,2018-2022,17278,0.770949720670391,0.9977427943048964
2018-2022_C70,2018-2022,960,0.39385474860335196,0.9447916666666667
2018-2022_C71,2018-2022,951,0.388268156424581,0.9484752891692955
2018-2022_C72,2018-2022,936,0.41899441340782123,0.9444444444444444
2018-2022_C73,2018-2022,933,0.4022346368715084,0.9464094319399785
2018-2022_C74,2018-2022,911,0.39106145251396646,0.9451152579582875
2018-2022_C75,2018-2022,909,0.39385474860335196,0.9460946094609461
2018-2022_C76,2018-2022,831,0.38268156424581007,0.9446450060168472
2018-2022_C77,2018-2022,831,0.3854748603351955,0.9422382671480144
2018-2022_C78,2018-2022,815,0.3854748603351955,0.9447852760736196
2018-2022_C79,2018-2022,804,0.3575418994413408,0.9539800995024875
2018-2022_C8,2018-2022,12813,0.7318435754189944,0.9978927651603839
2018-2022_C80,2018-2022,787,0.3659217877094972,0.9466327827191868
2018-2022_C81,2018-2022,782,0.3687150837988827,0.9475703324808185
2018-2022_C82,2018-2022,764,0.4022346368715084,0.9332460732984293
2018-2022_C83,2018-2022,743,0.39106145251396646,0.9286675639300135
2018-2022_C84,2018-2022,736,0.3770949720670391,0.936141304347826
2018-2022_C85,2018-2022,694,0.37988826815642457,0.9265129682997119
2018-2022_C86,2018-2022,685,0.3659217877094972,0.92992700729927
2018-2022_C87,2018-2022,681,0.3715083798882682,0.9324522760646109
2018-2022_C88,2018-2022,649,0.3463687150837989,0.9137134052388289
2018-2022_C89,2018-2022,635,0.38268156424581007,0.9165354330708662
2018-2022_C9,2018-2022,11385,0.7262569832402235,0.9964866051822574
2018-2022_C90,2018-2022,632,0.33519553072625696,0.930379746835443
2018-2022_C91,2018-2022,631,0.35195530726256985,0.9239302694136291
2018-2022_C92,2018-2022,618,0.329608938547486,0.9239482200647249
2018-2022_C93,2018-2022,615,0.3435754189944134,0.9317073170731707
2018-2022_C94,2018-2022,589,0.2905027932960894,0.9422750424448217
2018-2022_C95,2018-2022,588,0.33798882681564246,0.9285714285714286
2018-2022_C96,2018-2022,586,0.3547486033519553,0.9112627986348123
2018-2022_C97,2018-2022,571,0.33798882681564246,0.9176882661996497
2018-2022_C98,2018-2022,569,0.329608938547486,0.9209138840070299
2018-2022_C99,2018-2022,568,0.3435754189944134,0.9084507042253521
NA,2018-2022,2684063,0.9664804469273743,0.9999973920135258
